S01100002E2E2F50726F746575732E73313966
S32D0000C000000000205DC2000011C3000017C300001DC3000023C3000029C3000000000000000000000000000073
S32D0000C028000000002FC3000035C30000000000003BC3000041C30000F5C8000001C900000DC9000019C90000BF
S32D0000C05025C9000031C900003DC9000049C9000055C9000061C900006DC9000079C9000085C9000091C900005A
S32D0000C0789DC90000A9C90000B5C90000C1C90000CDC90000D9C90000E5C90000F1C90000FDC9000009CA000081
S32D0000C0A015CA000021CA00002DCA000039CA000045CA000051CA00005DCA000069CA000075CA000081CA0000A0
S32D0000C0C88DCA000099CA0000A5CA0000B1CA0000BDCA0000C9CA0000D5CA0000E1CA0000EDCA0000F9CA0000C8
S32D0000C0F005CB0000B51C010011CB00001DCB000029CB000035CB000041CB00004DCB000059CB000065CB000050
S32D0000C11871CB00007DCB000089CB000095CB0000A1CB0000ADCB0000B9CB0000C5CB0000D1CB0000DDCB000085
S32D0000C140E9CB0000F5CB000001CC00000DCC000009F6000019CC000025CC000031CC00003DCC000049CC0000C7
S32D0000C16855CC000061CC00006DCC000079CC000085CC000091CC00009DCC0000A9CC0000B5CC0000C1CC000043
S32D0000C190CDCC0000D9CC0000E5CC0000FDF10000C5F0000061F1000079C600009DF20000F1CC0000FDCC000049
S32D0000C1B809CD00004C4F0100000000205C1500004C4F01000000FF1F000000005C150020640400000000FF1F85
S32D0000C1E00000000080B489B000AFF860B9607A60BB68FB61FB68BB6100237B617A697B689A420BD2BA69131DFB
S32D0000C208BB61FB69191DF96112681A607B6904337B61EFE700BF2437BD4680BC704780B485B000AF786039609E
S32D0000C2307B68FB600023BB60BA683B689A4208D2FB681A1DFA6000221A60BB680433BB60F2E700BF1437BD46FE
S32D0000C25880BC704780B586B000AF72B6234B4CF220521A80214B4DF628121A80204B4FF4E9721A801F4B7B615F
S32D0000C2807B691F4A934214D27B691A1D7A611B683B617B691A1D7A611B68FB607B691A1D7A611B68BB60BA68E9
S32D0000C2A8F9683869FFF79AFFE6E77B69134A93420ED27B691A1D7A611B68FB607B691A1D7A611B68BB60B9688B
S32D0000C2D0F868FFF7A8FFECE70B4B7B600B4A7B681A6007F057FC62B600F08EFA00F072F9FEE700BF0E20054041
S32D0000C2F800200540BCC10000D4C10000E4C1000008ED00E000C0000080B400AFFEE780B400AFFEE780B400AFF4
S32D0000C320FEE780B400AFFEE780B400AFFEE780B400AFFEE780B400AFFEE780B400AFFEE780B400AFFEE780B426
S32D0000C34800AFFEE7FFFFFFFFFFFFFFFFFFFFFFFFFFFFFFFFFFFFFFFFFFFFFFFFFFFFFFFFFFFFFFFFFFFFFFFF57
S32D0000C370FFFFFFFFFFFFFFFFFFFFFFFFFFFFFFFFFFFFFFFFFFFFFFFFFFFFFFFFFFFFFFFFFFFFFFFFFFFFFFFFC7
S32D0000C398FFFFFFFFFFFFFFFFFFFFFFFFFFFFFFFFFFFFFFFFFFFFFFFFFFFFFFFFFFFFFFFFFFFFFFFFFFFFFFFF9F
S32D0000C3C0FFFFFFFFFFFFFFFFFFFFFFFFFFFFFFFFFFFFFFFFFFFFFFFFFFFFFFFFFFFFFFFFFFFFFFFFFFFFFFFF77
S32D0000C3E8FFFFFFFFFFFFFFFFFFFFFFFFFFFFFFFFFFFFFFFFFFFFFFFFFFFFFFFFFFFFFFFFFFFFFFFFFEFFFFFF50
S32D0000C44010B5054C237833B9044B13B10448AFF300800123237010BD5C1500200000000010C4000008B5034BBC
S32D0000C4681BB103490348AFF3008008BD000000006015002010C40000B0B582B000AF7860124805F0B9FA03468A
S32D0000C490184606F083FD02460B464FF000000E4906F0FEFE02460B4614461D46786806F075FD02460B462046EC
S32D0000C4B8294606F0C7FD02460B461046194607F01BF8034618460837BD46B0BDBC180020000027400000000024
S32D0000C4E090B585B000AF7860786806F057FD30A3D3E9002306F0AAFD02460B46104619464FF000022C4B06F0B8
S32D0000C508CBFE02460B461046194606F0ADFF0346FB60284802F01CFF274802F019FF4FF00001786807F002FB9E
S32D0000C5300346002B10D02348FFF7A2FF03461946214800F069FC2148FFF79AFF034619461F4800F061FC0FE0DE
S32D0000C5581C48FFF791FF03461946194800F058FC1648FFF789FF03461946174800F050FC104802F0DBFE0446F2
S32D0000C5800F4802F0D7FE03462344FA689A42CCBF01230023DBB2002B00D0EDE70A4800F0F9FB0B4800F0F6FBE9
S32D0000C5A800BF1437BD4690BD3EB60C0832D39B40008076408C150020881500200000C841801500200000C8C128
S32D0000C5D07815002080B582B000AF0649064806F00FF8054806F036FA78600448FFF778FFFBE700BFFC470100F7
S32D0000C5F8D81800200000B44380B582B000AF786039607B68012B1AD13B684FF6FF72934215D10D4A00210D48AC
S32D0000C62000F07AFB0A4A01210B4800F075FB01210A4802F0D1FB0021094802F0CDFB1821084802F0EDFA00BFDF
S32D0000C6480837BD4680BD00BF000010417815002080150020881500208C1500209015002080B500AF4FF6FF71F7
S32D0000C6700120FFF7C5FF80BD80B500AF0F4BD3F8A03003F48053002B14BF01230023DBB2002B10D0094BD3F8E5
S32D0000C698A030084A23F48053C2F8A030064806F08FFA064B1B68054A23F40053136000BF80BD00BF00C0044052
S32D0000C6C0F8180020C0F00F4080B400AF124B4FF480725A63114B5B69104A43F4005353610E4B1B680D4A43F4C9
S32D0000C6E8005313600A4B0C4A1A630C4BD3F888310A4A43F08063C2F88831084B9B68074A43F08063936000BF0F
S32D0000C710BD4680BC704700BF00C00440C0F00F4003010A0000E100E080B400AF334B00225A70324B98221A7066
S32D0000C738304B9B79DBB203F01003002B14BF01230023DBB2002B00D0F2E72A4B9B79DBB29B08DBB203F00303CC
S32D0000C760022B14BF01230023DBB2002B00D0F0E7224B18221A71214B00225A71204B03F580531A461F4B5364C3
S32D0000C7881C4B54225A711B4B9B79DBB203F02003002B0CBF01230023DBB2002B00D0F2E7144B9B79DBB203F02D
S32D0000C7B04003002B0CBF01230023DBB2002B00D0F2E70E4B1B78DBB20C4A03F03F03DBB213700A4B9B79DBB270
S32D0000C7D89B08DBB203F00303032B14BF01230023DBB2002B00D0F0E700231846BD4680BC704700BF00400640A7
S32D0000C800007004400000130180B500AF314B03F580539B6B2F4A43F4785302F580529363FFF752FFFFF780FF1B
S32D0000C8282B4B58221A602A4B1B684FF47A7202FB03F3284A1360274B1B681A46234B03F580535B6C1B0E03F008
S32D0000C8500F030133B2FBF3F31A46214B1A601D4B03F58053DB6B1B4A43F0225302F58052D363184B03F58053E8
S32D0000C8781B6B164A43F0006302F580521363174B4FF480721A61642002F05AF8134B5B69124A23F010035361A5
S32D0000C8A0104B00221A600F4B10225A610E4803F089FA02F05DFE02F0BBFE0C4802F0A6F80B4806F0D5F94FF42A
S32D0000C8C8FA6002F051F900BF80BD00BF00700440BC170020B8170020C017002000D0034070180020B4170020BE
S32D0000C8F06819002080B500AFFFF725FD00BF80BD80B500AFFFF71FFD00BF80BD80B500AFFFF719FD00BF80BDA3
S32D0000C91880B500AFFFF713FD00BF80BD80B500AFFFF70DFD00BF80BD80B500AFFFF707FD00BF80BD80B500AF6D
S32D0000C940FFF701FD00BF80BD80B500AFFFF7FBFC00BF80BD80B500AFFFF7F5FC00BF80BD80B500AFFFF7EFFC80
S32D0000C96800BF80BD80B500AFFFF7E9FC00BF80BD80B500AFFFF7E3FC00BF80BD80B500AFFFF7DDFC00BF80BD86
S32D0000C99080B500AFFFF7D7FC00BF80BD80B500AFFFF7D1FC00BF80BD80B500AFFFF7CBFC00BF80BD80B500AFAC
S32D0000C9B8FFF7C5FC00BF80BD80B500AFFFF7BFFC00BF80BD80B500AFFFF7B9FC00BF80BD80B500AFFFF7B3FCF9
S32D0000C9E000BF80BD80B500AFFFF7ADFC00BF80BD80B500AFFFF7A7FC00BF80BD80B500AFFFF7A1FC00BF80BDC2
S32D0000CA0880B500AFFFF79BFC00BF80BD80B500AFFFF795FC00BF80BD80B500AFFFF78FFC00BF80BD80B500AFE7
S32D0000CA30FFF789FC00BF80BD80B500AFFFF783FC00BF80BD80B500AFFFF77DFC00BF80BD80B500AFFFF777FC70
S32D0000CA5800BF80BD80B500AFFFF771FC00BF80BD80B500AFFFF76BFC00BF80BD80B500AFFFF765FC00BF80BDFD
S32D0000CA8080B500AFFFF75FFC00BF80BD80B500AFFFF759FC00BF80BD80B500AFFFF753FC00BF80BD80B500AF23
S32D0000CAA8FFF74DFC00BF80BD80B500AFFFF747FC00BF80BD80B500AFFFF741FC00BF80BD80B500AFFFF73BFCE8
S32D0000CAD000BF80BD80B500AFFFF735FC00BF80BD80B500AFFFF72FFC00BF80BD80B500AFFFF729FC00BF80BD39
S32D0000CAF880B500AFFFF723FC00BF80BD80B500AFFFF71DFC00BF80BD80B500AFFFF717FC00BF80BD80B500AF5F
S32D0000CB20FFF711FC00BF80BD80B500AFFFF70BFC00BF80BD80B500AFFFF705FC00BF80BD80B500AFFFF7FFFB60
S32D0000CB4800BF80BD80B500AFFFF7F9FB00BF80BD80B500AFFFF7F3FB00BF80BD80B500AFFFF7EDFB00BF80BD77
S32D0000CB7080B500AFFFF7E7FB00BF80BD80B500AFFFF7E1FB00BF80BD80B500AFFFF7DBFB00BF80BD80B500AF9D
S32D0000CB98FFF7D5FB00BF80BD80B500AFFFF7CFFB00BF80BD80B500AFFFF7C9FB00BF80BD80B500AFFFF7C3FBDB
S32D0000CBC000BF80BD80B500AFFFF7BDFB00BF80BD80B500AFFFF7B7FB00BF80BD80B500AFFFF7B1FB00BF80BDB3
S32D0000CBE880B500AFFFF7ABFB00BF80BD80B500AFFFF7A5FB00BF80BD80B500AFFFF79FFB00BF80BD80B500AFD9
S32D0000CC10FFF799FB00BF80BD80B500AFFFF793FB00BF80BD80B500AFFFF78DFB00BF80BD80B500AFFFF787FB52
S32D0000CC3800BF80BD80B500AFFFF781FB00BF80BD80B500AFFFF77BFB00BF80BD80B500AFFFF775FB00BF80BDEE
S32D0000CC6080B500AFFFF76FFB00BF80BD80B500AFFFF769FB00BF80BD80B500AFFFF763FB00BF80BD80B500AF14
S32D0000CC88FFF75DFB00BF80BD80B500AFFFF757FB00BF80BD80B500AFFFF751FB00BF80BD80B500AFFFF74BFBCA
S32D0000CCB000BF80BD80B500AFFFF745FB00BF80BD80B500AFFFF73FFB00BF80BD80B500AFFFF739FB00BF80BD2A
S32D0000CCD880B500AFFFF733FB00BF80BD80B500AFFFF72DFB00BF80BD80B500AFFFF727FB00BF80BD80B500AF50
S32D0000CD00FFF721FB00BF80BD80B500AFFFF71BFB00BF80BD0000000080B584B000AFF8600B467A60FB72FB68A0
S32D0000CD28FA7A1A71FB6800225A711749786806F0FDFE0346002B02D0134B7B600AE04FF07E51786806F0DEFE34
S32D0000CD500346002B02D04FF07E537B60786806F01DF909A3D3E9002306F070F902460B461046194606F0C4FBAB
S32D0000CD780246FB681A60FB6818461037BD4680BDABAAAAAAAAAA20400000404180B582B000AF78607B685B799D
S32D0000CDA0002B09D07B6800225A717B6819791E230022034801F064FE00BF0837BD4680BDB417002080B584B089
S32D0000CDC800AF786039603B687F2B02DD7F23FB7308E03B6813F1800F02DA8023FB7301E03B68FB737B685B792D
S32D0000CDF0FA7B9A4209D07B68FA7B5A717B681979FA7B1E23034801F03BFE00BF1037BD4680BD00BFB417002038
S32D0000CE18B0B584B000AF786039603749386806F067FE0346002B02D0334B3B6008E03349386806F07BFE03469D
S32D0000CE40002B01D02F4B3B60386806F0A7F804460D467B681B68184606F0A0F84FF00002294B06F01DFA024685
S32D0000CE680B462046294606F0EDF802460B461046194606F041FB03463B604FF00001386806F04AFE0346002BA5
S32D0000CE9010D0386806F082F817A3D3E9002306F0D5F802460B461046194606F0E1FA0346FB6018E0386806F0D7
S32D0000CEB871F84FF00002134B06F0C4F802460B46104619464FF000020D4B06F0E5F902460B461046194606F093
S32D0000CEE0C7FA0346FB60F9687868FFF76BFF00BF1037BD46B0BD00BF52B81E85EB51F43F0000C8C20000C84239
S32D0000CF08000059400000604080B483B000AF03460A46FB711346BB71BB79002B03D1134B00221A7002E0114BA7
S32D0000CF3001221A703823FB710E4B1A78FB791343FB710D4B9B78DBB20B4A43F01003DBB29370094B9B78DBB227
S32D0000CF58074A43F02003DBB29370054AFB79137100BF0C37BD4680BC704700BF911500200060064080B483B0A3
S32D0000CF8000AF01237B607B68312B04DC00BF7B6801337B60F7E700BF0C37BD4680BC704780B582B000AF0346D0
S32D0000CFA80A46FB711346BB71134B1B7800211846FFF7AAFF00F024F8104AFB79137100F01FF80E4ABB79137196
S32D0000CFD000F01AF80B4B9B78DBB20A4A23F02003DBB29370074B9B78DBB2064A23F01003DBB29370FFF7C2FF72
S32D0000CFF800BF0837BD4680BD921500200060064080B483B000AF174B1B78002B24D100237B60154BDB78DBB2F7
S32D0000D02003F00203002B0CBF01230023DBB2002B0DD07B6842F21072934203DD0B4B01221A7004E07B680133CC
S32D0000D0487B6000BFE5E7084BDB78DBB2064A43F00203DBB2D37000E000BF0C37BD4680BC704700BF931500206A
S32D0000D0700060064080B582B000AF0346FB71FB79184600F05FF800BF0837BD4680BD80B582B000AF03460A461B
S32D0000D098FB711346BB7100F035F8FB795B00DBB21846FFF7E3FFBB791846FFF7DFFF00F037F800BF0837BD4644
S32D0000D0C080BD80B500AFFF2000F03CF80346184680BD80B584B000AF0346FB7100F016F8FB795B005BB243F020
S32D0000D0E801035BB2DBB21846FFF7C0FFFFF7E5FF0346FB7300F014F8FB7B18461037BD4680BD000080B400AF9E
S32D0000D110044B9B68034A43F48013936000BFBD4680BC704740F00F4080B400AF044B5B68034A43F480135360A2
S32D0000D13800BFBD4680BC704740F00F4080B485B000AF0346FB710023BB73164BDB6A03F00043012B0CBF012380
S32D0000D1600023DBB2002B03D0FB7B0133FB73F0E70E4BDB6A0D4A43F00043D3620B4AFB7953630A4BDB6A03F454
S32D0000D1880033002B0CBF01230023DBB2002B00D0F3E7044B9B6BBB73BB7B18461437BD4680BC704700C00A4045
S32D0000D1B080B582B000AF204B03F580531B6B1E4A43F4805302F5805213631C4B4FF480721A651B4B5B691A4A25
S32D0000D1D843F480135361FFF7A3FF164B4FF400725A65144B4FF400729A65124B4FF40072DA65124B124A1A60A7
S32D0000D200104B124ADA6000237B607B68092B06DCFF20FFF72FFF7B6801337B60F5E704A1D1E9000101F0BAFC00
S32D0000D22800BF0837BD4680BD9A9999999999B93F0070044000A0044040F00F4000C00A40000C00800500003E1B
S32D0000D25090B486B000AFF860B9607A60FB68534A93420AD1524B03F580535B6B504A43F4806302F5805253632B
S32D0000D27845E0FB684D4A93420AD14B4B03F580535B6B494A43F4006302F58052536336E0FB68474A93420AD12C
S32D0000D2A0434B03F580535B6B414A43F4805302F58052536327E0FB68404A93420AD13C4B03F580535B6B3A4AED
S32D0000D2C843F4005302F58052536318E0FB683A4A93420AD1344B03F580539B6A324A43F4806302F580529362FD
S32D0000D2F009E02F4B03F580539B6A2D4A43F4006302F580529362FB68DB78DBB223F00C03DAB2FB68DA70FB680D
S32D0000D31800229A70BB684FF47A7203FB02F27B681B0192FBF3F39CB2FB681B78DBB223F01F03FB75230A9BB215
S32D0000D340DBB203F01F03DAB2FB7D1343DAB2FB681A70E2B2FB685A70BB684FF4FA4203FB02F27B681B0192FB69
S32D0000D368F3F39AB263019BB2D31A9CB2FB689B7ADBB223F01F03FB75E3B203F01F03DAB2FB7D1343DAB2FB68DC
S32D0000D3909A72FB68DB78DBB243F00C03DAB2FB68DA7000BF1837BD4690BC704700A006400070044000B0064001
S32D0000D3B800C0064000D0064000A00E4080B483B000AF78607B681B79DBB203F02003002B0CBF01230023DBB26B
S32D0000D3E0002B00D0F2E77B68DB79DBB218460C37BD4680BC704780B483B000AF78600B46FB707B681B79DBB242
S32D0000D4085BB2DB43DBB2DB09DBB2002B00D0F4E77B68FA78DA7100BF0C37BD4680BC704780B487B000AFF860ED
S32D0000D430B9607A60FB687B617B685A1E7A60002B14BF01230023DBB2002B06D07B695A1C7A61BA68D2B21A702F
S32D0000D458EEE700BF1C37BD4680BC704780B584B000AF786039607B681B6BFB60FA683B689A4252D07B681B7902
S32D0000D480002B35D07B6858787B6803F134010123FA6801F0F7F80346002B14BF01230023DBB2002B01D00123EE
S32D0000D4A83CE07B6800221A717B685A6A7B681B6A1344FA689A4217D27B68DB78FB72FB7A012B11D97B681B6A87
S32D0000D4D0FA681344FB607B6858787B6803F134010123FA6801F0CEF8FB7A013BFB72EAE73B68002B15D07B6899
S32D0000D4F858787B6803F1340101233A6800F0DAFF0346002B14BF01230023DBB2002B01D0012303E07B683A68F8
S32D0000D5201A63002318461037BD4680BD80B584B000AF786000217868FFF794FF0346FB73FB7B002B40F0938043
S32D0000D5487B681B78032B7DD17B685B79002B79D07B6800221A637B6834334FF4007200211846FFF75DFF7B6863
S32D0000D570552283F832227B68AA2283F833227B68522283F834207B68522283F835207B68612283F836207B6861
S32D0000D598412283F837207B68722283F818227B68722283F819227B68412283F81A227B68612283F81B227B68D9
S32D0000D5C01B69DAB27B6883F81C227B681B699BB21B0A9BB2DAB27B6883F81D227B681B691B0CDAB27B6883F8CA
S32D0000D5E81E227B681B691B0EDAB27B6883F81F227B68DB68DAB27B6883F820227B68DB689BB21B0A9BB2DAB257
S32D0000D6107B6883F821227B68DB681B0CDAB27B6883F822227B68DB681B0EDAB27B6883F823227B6858787B68BC
S32D0000D63803F134017B685A69012301F01FF87B6800225A717B685B7800220021184601F0E1F80346002B14BF91
S32D0000D66001230023DBB2002B01D00123FB73FB7B18461037BD4680BD80B582B000AF78600B467B807B68002B97
S32D0000D68808D07B681B78002B04D07B68DB887A889A4201D0092311E07B685B78184601F03BF9034603F001039C
S32D0000D6B0002B14BF01230023DBB2002B01D0032300E0002318460837BD4680BD80B586B000AF78607B681A6821
S32D0000D6D87B689B8819461046FFF7CAFF0346FB75FB7D002B40F0AC807B689B7903F02003002B00F0A5807B68C2
S32D0000D7009B7903F04003002B1BD07B681B6858787B6803F128017B689A69012300F0B2FF0346002B14BF01234F
S32D0000D7280023DBB2002B01D001238AE07B689B7923F04003DAB27B689A717B681A687B68DB6919461046FFF79B
S32D0000D75089FE0346FB75FB7D002B75D17B681B6A3B613B690B331A783B690B3342F02002D2B21A707B68DA68A1
S32D0000D7783B691C33D2B21A707B68DB689BB21B0A9AB23B691D33D2B21A707B68DB681A0C3B691E33D2B21A704D
S32D0000D7A07B68DB681A0E3B691F33D2B21A707B681A693B691A33D2B21A707B681B699BB21B0A9AB23B691B338D
S32D0000D7C8D2B21A707B681B691A0C3B691433D2B21A707B681B691B0C9BB21B0A9AB23B691533D2B21A70002336
S32D0000D7F0FB603B691633FA68D2B21A70FB689BB21B0A9AB23B691733D2B21A70FB681A0C3B691833D2B21A70B0
S32D0000D818FB681A0E3B691933D2B21A707B689B7923F02003DAB27B689A717B681B6801221A717B681B681846DA
S32D0000D840FFF774FE0346FB75FB7D18461837BD4680BD80B584B000AF78607868FFF736FF0346FB73FB7B002BE1
S32D0000D86802D17B6800221A60FB7B18461037BD4680BD000080B588B000AF7860396080233B610F23FB604FF04D
S32D0000D890FF337B610223FB61FB69B3F5807F23D80123BB61BB69102B1AD8FB69BA6902FB03F33A6803FB02F236
S32D0000D8B87B68D31ABB60BB68002B09DBBB687A699A4205D9BB687B61FB693B61BB69FB60BB690133BB61E1E7AB
S32D0000D8E0FB695B00FB61D7E71D4BDB6A1C4A23F00803D3621A4BDB6A23F47F2323F47F63BB613B695B081B023F
S32D0000D9089AB2FB68013B1B01DBB21A43BB691343114A43F46023D3620F4B5B6A03F00803002B0CBF01230023E2
S32D0000D930DBB2002B03D00A2001F01AF9F0E7084BDB6A074A43F00803D362054B1B6B044A43F48013136300BFBA
S32D0000D9582037BD4680BD00BF00100B4080B582B000AF786039607B6800221A60414B424ADA62404BDB6A03F0D3
S32D0000D9808073002B14BF01230023DBB2002B00D0F3E73A4B0022C3F8C020384B4FF481325A60364B28229A62A3
S32D0000D9A8344B4FF001125A643B689B6833491846FFF760FF2F4B5B6A03F00303002B14BF01230023DBB2002BB8
S32D0000D9D000D0F3E72C4B40F243421A602A4B40F243425A60284B4FF488629A60264B40F24342DA60244B40F254
S32D0000D9F843421A61224B40F243425A61214B03F580531B6B1F4A43F4003302F580521363184B4FF6FF721A63BD
S32D0000DA20164B1B4A5A63154BDB6A144A43F00063D362124BDB6A03F00063002B14BF01230023DBB2002B00D0C2
S32D0000DA48F3E70C4B5B6A03F48033002B14BF01230023DBB2002B02D07B6801221A60054B1B6B044A43F08003E7
S32D0000DA701363002318460837BD4680BD00100B400080000160CC050000D0044000700440B3007F0080B400AF28
S32D0000DA98064B5A6A40F207331340002B14BF01230023DBB21846BD4680BC704700100B4080B485B000AF78601B
S32D0000DAC0074B1B6B7A681340FB60FB68002B00D1F6E7FB6818461437BD4680BC704700BF00100B4080B584B00F
S32D0000DAE800AF78607B681B7803F03F03764A52F82330FB60FB68002B05D17B681B78002B01D00123DCE0714BB4
S32D0000DB101B6B704A43F0800313636E4B5B6A03F00103002B14BF01230023DBB2002B00D0F3E7684A7B685B6807
S32D0000DB389360FB6823F44003FB607B685B789B0503F44003FA681343FB607B685B78022B03D1FB6843F40013AD
S32D0000DB60FB607B685B78042B16D1FB6803F44033B3F5003F08D1FB6823F44033FB60FB6843F44033FB6007E04C
S32D0000DB88FB6823F44033FB60FB6843F40033FB604E4B5B684D4A9BB253607B68DB68002B2AD0FB6803F44033F4
S32D0000DBB0B3F5403F03D0FB6843F40013FB607B681B7A002B03D0FB6843F01003FB607B68DB68012B03D9FB683A
S32D0000DBD843F02003FB607B68DB68B3F1FF3F0BD03A4B5A687B68DB681B04384913434B60FB6843F00203FB6087
S32D0000DC00344B00221A60334AFB68D3603248FFF753FF0346012B14BF01230023DBB2002B09D02C4B1B6B2B4A74
S32D0000DC2843F4702343F001031363012348E0274B1B6B03F08003002B14BF01230023DBB2002B07D0214B1B6BD7
S32D0000DC50204A43F001131363012335E01D4B1B6B03F48033002B14BF01230023DBB2002B08D0184B1B6B174A8F
S32D0000DC7843F0011313634FF0FF3321E0FB6803F44033002B15D0114B1A697B681A61FB6803F44033B3F5803F01
S32D0000DCA00BD10C4B5A697B685A610A4B9A697B689A61084BDA697B68DA61064B1B6B054A43F0010313630023E2
S32D0000DCC818461037BD4680BD1448010000100B4001000E0080B592B000AF7860396000237B643B68BB63994B44
S32D0000DCF07B637B6B002B02D140F601235FE3964B3B633B6B002B02D140F60B2357E33B6B1B68FB62FB6A002BD1
S32D0000DD1802D140F60B234EE37B6841F20932934200F23F837B68B3F5985F08D87B68032B00F01A837B68092B84
S32D0000DD4000F0098331E37B68A3F59853013B082B00F22B8301A252F823F000BF81DD00006DE00000C9E200009B
S32D0000DD6883E00000C1E00000E7E100002FE2000071E100008BE100007649786BFFF7EEFD78647B6C002B40F051
S32D0000DD901083002387F84330002387F82B30002387F82A30002387F82930002387F84230002387F82830002398
S32D0000DDB83B7200237B720023FB6000233B7400237B6107F108031846FFF788FE0346002B14BF01230023DBB239
S32D0000DDE0002B02D001237B64E8E240F24C4000F0BFFE08233B7200237B724FF4D573FB6000233B7400237B6141
S32D0000DE0807F108031846FFF769FEF863FB6B002B09D1BA69FB689A4202D001237B64C9E2012387F8423001234D
S32D0000DE3087F8283097F82830002B00F0A58037233B7200237B720023FB6000233B7400237B6107F108031846FF
S32D0000DE58FFF744FEF863FB6B002B02D001237B64A8E269233B7200237B720023FB6000233B7400237B6107F189
S32D0000DE8008031846FFF72EFE0346002B14BF01230023DBB2002B02D001237B648EE2BB6903F44013002B6FD086
S32D0000DEA80023FB630A2000F05FFEFB6B0133FB6337233B7200237B720023FB6000233B7400237B6107F10803F3
S32D0000DED01846FFF707FE0346002B14BF01230023DBB2002B02D001237B6428E069233B7200237B7297F842305E
S32D0000DEF8002B02D0184BFB6002E04FF44013FB6000233B7400237B6107F108031846FFF7E5FD0346002B14BF1D
S32D0000DF2001230023DBB2002B02D001237B6406E0BB69002B03DBFB6B632B00D8B6E77B6C002B40F03882FB6B21
S32D0000DF48632B0BD9002387F8423019E0A8150020AC1700200848010000003040012387F8433097F84230002B69
S32D0000DF700AD0002387F84230BB6903F08043002B02D0012387F8423097F82A30002B02D07B6B07221A6097F8AB
S32D0000DF982930002B02D07B6B08221A6097F82B30002B02D07B6B04221A6097F84330002B09D07B6B02221A6084
S32D0000DFC097F84230002B02D07B6B03221A6097F82B30002B0DD097F84330002B09D07B6B05221A6097F8423030
S32D0000DFE8002B02D07B6B06221A60924B00221A60904B00225A608F4B00229A608D4B0022DA608C4B00221A61B8
S32D0000E0108A4B00225A61FB6A9A68FB6A5B6819461046FFF72BFC854B40F243421A60834B40F243425A60814BC3
S32D0000E0384FF488629A607F4B40F24342DA607D4B40F243421A617B4B40F243425A617A4B03F580531B6B784ACE
S32D0000E06043F4003302F580521363A7E1B86BFFF739FDF863FB6B002B00F09F8102237B649BE1BB6B002B02D172
S32D0000E0880C237B6496E16D4BDB6A1B0A5B0003F4FF73FB63694BDB6A1B0903F00F035A1CFB6B02FB03F3FB6352
S32D0000E0B0FB6A9A68FB6BB2FBF3F2BB6B1A607DE1BB6B002B02D10C237B6477E1BB6B1B68002B02D10C237B64A6
S32D0000E0D870E1FFF7DBFC0346002B0CBF01230023DBB2002B3CD0534B00221A60514B00225A60504B00229A6049
S32D0000E1004E4B0022DA604D4B00221A614B4B00225A61FB6A9A68BB6B1B6819461046FFF7ADFB464B40F24342A9
S32D0000E1281A60444B40F243425A60424B4FF488629A60404B40F24342DA603E4B40F243421A613C4B40F2434226
S32D0000E1505A613B4B03F580531B6B394A43F4003302F58052136329E140F60A237B6425E1BB6B002B02D10C233E
S32D0000E1787B641FE1314B5B68C3F30C02BB6B1A6018E1BB6B002B02D10C237B6412E1FFF77DFC0346002B0CBF2B
S32D0000E1A001230023DBB2002B19D0BB6B1B68B3F5805F02D30C237B6400E1224B5B68214A23F4FF5323F01F033C
S32D0000E1C853601E4B5A68BB6B1B68C3F30C031B4913434B60EEE040F60A237B64EAE0BB6B002B02D10C237B646C
S32D0000E1F0E4E0144B9B6A5B0803F00303FB63FB6B002B03D1BB6B00221A60D7E0FB6B012B03D1BB6B01221A6018
S32D0000E218D0E0FB6B102B03D1BB6B02221A60C9E005237B64C6E0BB6B002B09D10C237B64C0E000BF00D00440ED
S32D0000E2400070044000100B40FFF724FC0346002B0CBF01230023DBB2002B31D0BB6B1B68002B0AD1584B9B6AF5
S32D0000E268574A23F006039362554B554A9B6A9362A0E0BB6B1B68012B0CD1514B9B6A504A23F0060393624E4B86
S32D0000E2909B6A4D4A43F0020393628FE0BB6B1B68022B0AD1484B9B6A474A23F006039362454B454A9B6A936224
S32D0000E2B880E005237B647DE040F60A237B6479E0BB6B002B02D10C237B6473E03C4BDB6A3B4A43F00063D36238
S32D0000E2E0394BDB6A03F00063002B14BF01230023DBB2002B00D0F3E7334B1B6B03F08003002B14BF012300238B
S32D0000E308DBB2002B08D02E4B1B6B2D4A43F0800313637B6B00221A60294B5B6A03F48033002B14BF012300230B
S32D0000E330DBB2002B07D07B6B1B68002B06D17B6B01221A6002E07B6B00221A607B6B1A68BB6B1A6032E0BB6B9E
S32D0000E3581C221A60BB6B043304221A60BB6B08334FF41E721A6025E00220FFF7A1FB144B1B6B03F4E003002B91
S32D0000E38014BF01230023DBB2002B07D00E4B1B6B0D4A43F4E003136304237B640A4B1B6B094A43F032031363EE
S32D0000E3A808E040F609237B6404E000BF02E000BF00E000BF7B6C18464837BD4680BD00BF00100B4080B489B0B0
S32D0000E3D000AF786039607B687B61364B3B613B69002B01D100235FE03B691B68022B0BD03B691B68032B07D0C5
S32D0000E3F83B691B68072B03D03B691B68082B0BD12B4B5B6A03F00403002B14BF01230023DBB2002B00D0F3E7B9
S32D0000E4203B68FB61FB69002B3DD0FB69B3F5007F28BF4FF40073FB60FB6803339B08BB61BB69002B2AD01C4BA8
S32D0000E4481B6B03F4E003002B14BF01230023DBB2002B09D0164B1B6B154A43F4E00343F02003136300231BE026
S32D0000E470114B5B6A03F40063002B0CBF01230023DBB2002B00D0F3E70B497B691A1D7A610A6A1A60BB69013BCC
S32D0000E498BB61D1E7FA69FB68D31AFB61BEE7012318462437BD4680BC704700BFA815002000100B4080B58EB091
S32D0000E4C000AFB9607A601A460346FB731346BB73414B7B63FB7B002B02D1BB7B002B01D1042375E03D4B1B7846
S32D0000E4E8DBB203F00103002B14BF01230023DBB2002B01D0032367E0BB68002B01D1002362E07B6B1B7B002B1B
S32D0000E51002D17B685B027B60BB7B012B28D111233B7500237B757B68BB6101233B77BB7B3B6207F11403194687
S32D0000E53841F20230FFF7CEFB0346002B0CBF01230023DBB2002B38D04FF40071B868FFF739FF0346002B14BF02
S32D0000E56001230023DBB2002B2BD00023BB7328E012233B7500237B757B68BB6101233B77BB7B3B6207F114038B
S32D0000E588194641F20230FFF7A5FB0346002B0CBF01230023DBB2002B0FD0BB7B5B021946B868FFF70FFF03468F
S32D0000E5B0002B14BF01230023DBB2002B01D00023BB73BB7B002B01D0012300E0002300BF18463837BD4680BDF9
S32D0000E5D8941500200000002080B487B000AF786039607B68FB603B687B617B69002B3DD07B69B3F5007F28BFD6
S32D0000E6004FF400733B617A693B69D31A7B613B6903339B083B613B69002BEAD0184B1B6B03F4E003002B14BFE7
S32D0000E62801230023DBB2002B0AD0134B1B6B124A43F4E00343F0100313634FF0FF3316E00D4B5B6A03F4806377
S32D0000E650002B0CBF01230023DBB2002B00D0F3E7FB681A1DFA60064A1B6813623B69013B3B61D0E7012318460C
S32D0000E6781C37BD4680BC704700100B4080B58EB000AFB9607A601A460346FB731346BB735D4B7B63FB7B002BF6
S32D0000E6A002D1BB7B002B01D10423ADE0594B1B78DBB203F00103002B14BF01230023DBB2002B01D003239FE064
S32D0000E6C8524B1B78DBB203F00403002B14BF01230023DBB2002B01D0022391E0BB68002B01D100238CE07B6B74
S32D0000E6F01B7B002B02D17B685B027B60BB7B012B28D118233B7500237B757B68BB6100233B77BB7B3B6207F155
S32D0000E7181403194641F20230FFF7DCFA0346002B0CBF01230023DBB2002B38D04FF40071B868FFF751FF034683
S32D0000E740002B14BF01230023DBB2002B2BD00023BB7328E019233B7500237B757B68BB6100233B77BB7B3B62B4
S32D0000E76807F11403194641F20230FFF7B3FA0346002B0CBF01230023DBB2002B0FD0BB7B5B021946B868FFF7E8
S32D0000E79027FF0346002B14BF01230023DBB2002B01D00023BB730D233B7500237B757B6B1B69BB6100233B777F
S32D0000E7B800233B6207F11403194641F20230FFF789FA0346002B14BF01230023DBB2002B01D0012314E07A6A14
S32D0000E7E00D4B1340002B01D001230DE07B6A03F4F853B3F5106F00D0D5E7BB7B002B01D0012300E0002300BF61
S32D0000E80818463837BD4680BD94150020000000200880D9FF80B58CB000AF03463A60FB710B46BB713A4BBB62FE
S32D0000E830FB79002B01D0042369E0012387F82F30364B1B78DBB203F00103002B14BF01230023DBB2002B01D072
S32D0000E858032358E0BB79032B50D801A252F823F079E8000081E8000091E80000A1E80000002387F82F3044E0B9
S32D0000E880BB6A9A683B681A60002387F82F303CE03B684FF400721A80002387F82F3034E009233B7200237B7219
S32D0000E8A8BB6A1B69FB6000233B7400237B6107F10803194641F20230FFF70CFA0346002B14BF01230023DBB28F
S32D0000E8D0002B01D001231AE07B6A03F44003002B0CD13B6A9B0C03F07F035A1C7B6A1B0A03F00303013B9A4089
S32D0000E8F83B681A60002387F82F3002E0042387F82F3097F82F3018463037BD4680BD00BF941500200000002052
S32D0000E92080B483B000AF0346FB71FB79002B01D0012302E0034B1B78DBB218460C37BD4680BC70470000002063
S32D0000E94880B483B000AF7860164B03F580539B6B144A43F0010302F580529363124A7B689360114B05225A60BE
S32D0000E9700F4B1B680E4A43F0010313600C4B1B6803F08003002B0CBF01230023DBB2002B00D0F3E7064B1B68D7
S32D0000E998054A23F00103136000BF0C37BD4680BC704700BF007004400000044080B582B000AF786039607B685F
S32D0000E9C0012B07D13B684FF6FF72934202D1034800F00EF800BF0837BD4680BDB417002080B500AF4FF6FF7121
S32D0000E9E80120FFF7E3FF80BD80B483B000AF78607B6800221A707B6818460C37BD4680BC7047000080B582B06D
S32D0000EA1000AF78607B681B7883F00103DBB2002B21D0134B03F580531A464FF400639362104B4FF440721A62CB
S32D0000EA380E4B4FF440725A620D4B1B68DA0F13445B104FF4614219460A48FEF7FDFB642000F08AF87B680122A0
S32D0000EA601A70012300E0002318460837BD4680BD0070044000D00440B817002000B00E4080B582B000AF786057
S32D0000EA88084611461A460346FB700B46BB7013467B707F210E48FEF7AAFC08210C48FEF7A6FCFB7819460A481E
S32D0000EAB0FEF7A1FCBB7819460748FEF79CFC7B7819460548FEF797FCFF210348FEF793FC00BF0837BD4680BDE4
S32D0000EAD800B00E4080B487B000AFF860B9607A60FB681F4AA2FB03239B09BA6813447B61FB681B4AA2FB0312AB
S32D0000EB0092094FF47A7101FB02F29B1AFB60FB68DB03154AA2FB03239B097A6813443B613B69DB0B7A6913447E
S32D0000EB287B613B69C3F30E033B610E4B1B687A699A4209D80B4B1B687A699A4206D1094B5B683A699A4201D981
S32D0000EB50012300E00023002B00D0EAE700BF1C37BD4680BC704700BFD34D621000D0034080B584B000AF786048
S32D0000EB78074B1B68FB60064B5B68BB607B68BA68F9681846FFF7A6FF00BF1037BD4680BD00D0034080B584B0EF
S32D0000EBA000AFC7E900010E4B1B68FB600C4B5B68BB604FF000020B4BD7E9000104F046FA02460B4610461946A1
S32D0000EBC804F07AFC0346BA68F9681846FFF782FF00BF1037BD4680BD00D0034000408F4080B483B000AF0B4B40
S32D0000EBF01B684FF47A7202FB03F37B60074B5B684FF47A7202FB03F3DB0B7A6813447B607B6818460C37BD46BF
S32D0000EC1880BC704700D0034080B582B000AF78600B46FB70FB781946786800F005F87B6818460837BD4680BDBF
S32D0000EC4080B483B000AF78600B46FB707B68FA781A707B681B781A46534B9B5C042B00F29E8001A252F823F073
S32D0000EC687DEC0000B7EC0000F1EC00002BED000065ED00004B4A7B681B7819464A4B53F8213040F2031142F810
S32D0000EC902310484B5A697B681B781946444B53F8213003F01F03012101FA03F3DB43414913404B6173E0404A21
S32D0000ECB87B681B7819463C4B53F8213040F2031142F823103B4B5A697B681B781946364B53F8213003F01F0333
S32D0000ECE0012101FA03F3DB43344913404B6156E0334A7B681B7819462D4B53F8213040F2031142F823102F4B90
S32D0000ED085A697B681B781946274B53F8213003F01F03012101FA03F3DB43284913404B6139E0274A7B681B7881
S32D0000ED3019461F4B53F8213040F2031142F82310224B5A697B681B781946194B53F8213003F01F03012101FA66
S32D0000ED5803F3DB431B4913404B611CE01A4A7B681B781946104B53F8213040F2031142F82310164B5A697B6830
S32D0000ED801B7819460A4B53F8213003F01F03012101FA03F3DB430F4913404B6100BF00BF0C37BD4680BC70472E
S32D0000EDA814490100009004405849010000F00F4000A0044040F00F4000B0044080F00F4000C00440C0F00F4011
S32D0000EDD000D0044000F10F4080B584B000AF78600B46FB700B23FB73FA7BFB781946786800F094F87B68184695
S32D0000EDF81037BD4680BD000080B485B000AF78607B68103B002B00DA1F335B11FB60FB68022B53D0FB68022BE7
S32D0000EE2075DCFB68002B03D0FB68012B25D06EE0394BD3F880217B68103B594203F01F0301F01F0158BF4B42BD
S32D0000EE48012101FA03F332491343C1F88031304B1A687B68103B594203F01F0301F01F0158BF4B42012101FAA1
S32D0000EE7003F3294913430B6049E0274BD3F884217B68103B594203F01F0301F01F0158BF4B42012101FA03F39A
S32D0000EE981F491343C1F884311D4B5A687B68103B594203F01F0301F01F0158BF4B42012101FA03F3164913439B
S32D0000EEC04B6024E0144BD3F888217B68103B594203F01F0301F01F0158BF4B42012101FA03F30D491343C1F897
S32D0000EEE888310B4B9A687B68103B594203F01F0301F01F0158BF4B42012101FA03F3044913438B6000BF00BF39
S32D0000EF101437BD4680BC704700E100E080B584B000AF78600B46FB701346BB707B68FA781A70BB78FB737B683E
S32D0000EF381B781A46574B9B5C042B00F2A68001A252F823F061EF0000ADEF0000F9EF000091F0000045F000004E
S32D0000EF60FB7B1B0403F470234D497A68127810464C4A52F8202043F4897343F0010341F82230494B5A697B68BD
S32D0000EF881B781946454B53F8213003F01F03012101FA03F3DB43424913404B616720FFF72BFF72E0FB7B1B04DF
S32D0000EFB003F470233D497A6812781046394A52F8202043F4897343F0010341F82230384B5A697B681B78194644
S32D0000EFD8324B53F8213003F01F03012101FA03F3DB43314913404B616820FFF705FF4CE0FB7B1B0403F4702366
S32D0000F0002C497A6812781046264A52F8202043F4897343F0010341F82230274B5A697B681B7819461F4B53F8FD
S32D0000F028213003F01F03012101FA03F3DB43204913404B616920FFF7DFFE26E0FB7B1B0403F470231B497A68F4
S32D0000F05012781046134A52F8202043F4897343F0010341F82230164B5A697B681B7819460C4B53F8213003F0F7
S32D0000F0781F03012101FA03F3DB430F4913404B616B20FFF7B9FE00E000BF00BF1037BD4680BD00BF1449010086
S32D0000F0A0009004405849010000F00F4000A0044040F00F4000B0044080F00F4000D0044000F10F40B0B48BB084
S32D0000F0C800AF224B3C1D1D460FCD0FC495E80F0084E80F0000237B627B6A072B30DC1C4BD3F8A0207B6A9B00F7
S32D0000F0F028333B4453F8243C012101FA03F31340002B14BF01230023DBB2002B18D0134A7B6A52F823305A1CCD
S32D0000F11810497B6A41F823200D4BD3F8A0207B6A9B0028333B4453F8243C012101FA03F307491340C1F8A030E8
S32D0000F1407B6A01337B62CBE700BF2C37BD46B0BC704700BF5C4A010000A00440E4170020B0B489B000AF224B93
S32D0000F1683C1D1D460FCD0FC495E8030084E803000023FB61FB69052B30DC1C4BD3F8A020FB699B0020333B443D
S32D0000F19053F81C3C012101FA03F31340002B14BF01230023DBB2002B18D0FB690833124A52F82320013210494F
S32D0000F1B841F823200D4BD3F8A020FB699B0020333B4453F81C3C012101FA03F307491340C1F8A030FB6901337F
S32D0000F1E0FB61CBE700BF2437BD46B0BC704700BF7C4A010000B00440E4170020B0B48DB000AF234B3C461D467B
S32D0000F2080FCD0FC40FCD0FC495E8070084E807000023FB62FB6A0A2B30DC1C4BD3F8A020FB6A9B0030333B4489
S32D0000F23053F8303C012101FA03F31340002B14BF01230023DBB2002B18D0FB6A0E33124A52F823200132104993
S32D0000F25841F823200D4BD3F8A020FB6A9B0030333B4453F8303C012101FA03F307491340C1F8A030FB6A0133B8
S32D0000F280FB62CBE700BF3437BD46B0BC704700BF944A010000900440E4170020B0B487B000AF214B3C461D46D9
S32D0000F2A80FCD0FC42B68236000237B617B69042B30DC1C4BD3F8A0207B699B0018333B4453F8183C012101FA5E
S32D0000F2D003F31340002B14BF01230023DBB2002B18D07B691933124A52F823200132104941F823200D4BD3F89E
S32D0000F2F8A0207B699B0018333B4453F8183C012101FA03F307491340C1F8A0307B6901337B61CBE700BF1C3749
S32D0000F320BD46B0BC704700BFC04A010000D00440E417002080B483B000AF78607B681B781A46044B53F82230F0
S32D0000F34818460C37BD4680BC704700BFE417002080B483B000AF78607B681B781946044B002243F8212000BFB7
S32D0000F3700C37BD4680BC7047E417002080B483B000AF78600B46FB707B68FA781A707B6818460C37BD4680BCCF
S32D0000F398704700000000000080B586B000AF78607B681B781A463E4B53F822303B617B681B781A463B4B9B5CB3
S32D0000F3C0FB733B69DBB203F01F03DAB2384B1A723B69DBB203F01F03DAB2354B5A72354B1022C3F88820FB7B27
S32D0000F3E8002B13D13049324800F05AFA304B1B6803F08003802B14BF01230023DBB2002B00D0F3E72A4B1B691D
S32D0000F4107B6112E02649294800F046FA274B1B6803F08003802B14BF01230023DBB2002B00D0F3E7214B1B696E
S32D0000F4387B611E4BD3F888311C4A43F01003C2F888311A4B9B68194A43F0100393607B699BB2184603F07CFDBF
S32D0000F4600DA3D3E9002303F0F1FD02460B46104619460BA3D3E9002303F012FF02460B461046194604F03CF8B9
S32D0000F4880346BB60BB6818461837BD4680BD00BFA4703D0AD7A30A4000000000E0FFEF40D84901003449010056
S32D0000F4B0C417002000E100E000B0034000B00B4080B586B000AF78607B681B781A46234B53F822303B617B6832
S32D0000F4D81B781A46204B9B5CFB733B69DBB203F01F03DAB21D4B1A723B69DBB203F01F03DAB21A4B5A72FB7B04
S32D0000F500002B13D11749184800F0CEF9164B1B6803F08003802B14BF01230023DBB2002B00D0F3E7104B1B69F7
S32D0000F5287B6112E00D490F4800F0BAF90D4B1B6803F08003802B14BF01230023DBB2002B00D0F3E7074B1B6949
S32D0000F5507B617B6918461837BD4680BDD849010034490100D417002000B0034000B00B4098B500AF204B5C2262
S32D0000F5781A701F4B10225A701D4B41F234225A801B4B45F278629A80194B10229A71184B0722DA71164B4FF4FD
S32D0000F5A0C022DA60144B1F221A72134B1F225A721149124800F078F90F49114800F074F90F4800F0D2F80D4801
S32D0000F5C800F0CFF80A490C4800F06AF90849094800F066F9094A064B14460FCB84E80F00064B5C221A70054B77
S32D0000F5F00422DA7100BF98BDC417002000B0034000B00B40D417002080B500AF064B1B680133054A136000F0D6
S32D0000F6183DF8044B0122C3F80C2100BF80BD00BF681800200070034080B500AF0C4B01221A600C4800F01AF8F9
S32D0000F640094B0322C3F80821094BD3F88831084A43F01003C2F88831054B9B68044A43F01003936000BF80BD86
S32D0000F66800700340A086010000E100E080B483B000AF7860044A7B68C2F8003100BF0C37BD4680BC704700BF18
S32D0000F6900070034080B584B000AF174B1B68FB60FB68002B24D0FB685B78FB71FB689B68184600F023F8034605
S32D0000F6B8BB71BB79002B13D0FB685B68012B0FDDFB689B681B69BB60BB68002B08D0BB685B685A1CBB685A6014
S32D0000F6E0BB681B69BB60F3E7FB68DB68FB60D7E700BF1037BD4680BD6418002080B584B000AF78607868FFF7F9
S32D0000F708DBFEF8607B689B695B78FB72FB7A002B0FD17B68DB68FA689A420ADD7B689B6901225A707B685B6836
S32D0000F7305A1C7B685A60012313E0FB7A012B0FD17B689B68FA689A420ADA7B689B6900225A707B685B685A1C09
S32D0000F7587B685A60012300E0002318461037BD4680BD80B485B000AF78607B681B6A23F040027B681A627B68EB
S32D0000F7805B6A23F00B027B685A627B685B6A43F007027B685A627B685B6A43F080027B685A627B681B6803F0FF
S32D0000F7A88003002B0CBF01230023DBB2002B00D0F3E77B685B6A03F04003402B0CBF01230023DBB2002B01D02D
S32D0000F7D0012364E00023FB817B68DB6CFB817B689B6C9AB2FB891344FB817B685B6C9AB2FB891344FB817B68A1
S32D0000F7F81B6C9AB2FB891344FB817B68DB6B9AB2FB891344FB817B689B6B9AB2FB891344FB81FB895B08FB81FE
S32D0000F820FB896FEA43436FEA5343FB81FA897B68DA620023FB817B68DB6EFB817B689B6E9AB2FB891344FB8174
S32D0000F8487B685B6E9AB2FB891344FB817B681B6E9AB2FB891344FB817B68DB6D9AB2FB891344FB817B689B6D7B
S32D0000F8709AB2FB891344FB81FB895B08FB81FB896FEA43436FEA5343FB81FA897B681A637B685B6A23F0800276
S32D0000F8987B685A62002318461437BD4680BC704780B483B000AF786039603B681B781A467B689A603B685B7871
S32D0000F8C01A467B68DA603B685B881A467B689A613B689B881A467B68DA613B689B791A467B681A623B68DB7928
S32D0000F8E81A467B685A623B68DA687B681A653B681B7A1A467B681A603B685B7A1A467B685A6000BF0C37BD463D
S32D0000F91080BC704780B483B000AF78607B6818460C37BD4680BC704780B582B000AF786039607B68012B07D100
S32D0000F9383B684FF6FF72934202D10348FFF7E6FF00BF0837BD4680BD6C18002080B500AF4FF6FF710120FFF7E8
S32D0000F960E3FF80BD80B582B000AF7860B84B4FF48072DA60B74B4FF480729A64B54B4FF480721A64B34B4FF4D1
S32D0000F98880725A64B14B4FF48072DA60B04B5B69AF4A43F008035361AE4B5B69AD4A43F480235361AB4B5B6990
S32D0000F9B0AA4A43F480335361A84B5B69A74A43F400335361A54B1B68A44A43F008031360A24B5B69A14A43F0F0
S32D0000F9D8080353619E4B1B689D4A43F0080313609A4B4FF480725A62984B4FF480721A62954B4FF480721A6144
S32D0000FA00934B4FF480725A61914B4FF480729A618F4B4FF48072DA618D4B4FF480721A638B4B4FF480725A6362
S32D0000FA28894B4FF480729A63874B4FF48072DA63854B4FF480721A64834B4FF480725A64814B4FF480729A6423
S32D0000FA507F4B4FF48072DA64814B4FF480721A607F4B4FF480729A607D4B4FF48072DA607B4B4FF480721A612A
S32D0000FA78784B5B69774A43F440735361744B5B69734A43F47F2343F0F0035361734B5B69724A43F01D03536142
S32D0000FAA0E221786800F032FD1D21786800F0D4FD0221786800F0D0FD0421786800F0CCFDE021786800F022FDE9
S32D0000FAC80121786800F0C4FD6420FFF74DF8E021786800F017FD0321786800F0B9FD0121786800F00FFD0120F0
S32D0000FAF0FFF73EF8E621786800F008FD0121786800F0AAFDA021786800F0A6FDFF21786800F0A2FDB0217868D3
S32D0000FB1800F0F8FC1C21786800F09AFD0F21786800F096FD0121786800F092FD3F21786800F08EFD0021786867
S32D0000FB4000F08AFDEF21786800F086FD0021786800F082FDB421786800F0D8FC0121786800F07AFD99217868D1
S32D0000FB6800F076FD0021786800F072FD4521786800F06EFD0221786800F06AFD0021786800F066FD002178685C
S32D0000FB9000F062FD0021786800F05EFDB621786800F0B4FC0121786800F056FD0921786800F052FD00217868C6
S32D0000FBB800F04EFD0E21786800F04AFD0221786800F046FD0021786800F042FD0021786800F03EFDBA21786851
S32D0000FBE000F094FC0F21786800F036FD6420FEF7BFFF3A21786800F089FC6021786800F02BFD2A21786800F0C9
S32D0000FC0881FC0021786800F023FD0021786800F01FFD0121786800F01BFD3F21786800F017FD2B21786800F0C9
S32D0000FC306DFC0021786800F00FFD0021786800F00BFD0021786800F007FDEF2178680BE000B0044000A004409F
S32D0000FC5880F00F4040F00F4000C00440C0F00F4000F0F6FC3621786800F04CFC0021786800F0EEFCF021786820
S32D0000FC8000F044FC0421786800F0E6FCB821786800F03CFC0F21786800F0DEFC0121786800F0DAFC314B1B68CD
S32D0000FCA8304A43F0080313606420FEF75DFF3621786800F027FC0021786800F0C9FCF021786800F01FFC04210D
S32D0000FCD0786800F0C1FC0121786800F0BCF91E226F21786800F082F8AF225621786800F0DBF80021786800F0DC
S32D0000FCF80AFA012301221C49786800F02BFA2921786800F0FFFB6420FEF72EFFBE21786800F0F8FB0E217868CE
S32D0000FD2000F09AFCF021786800F096FC0121786800F092FC0021786800F08EFC0021786800F08AFC0F2178683A
S32D0000FD4800F086FC786800F028FA0121786800F0DAF90021786800F0AFF900BF0837BD4680BD00BF40F00F404F
S32D0000FD70D44A010080B582B000AF78607B680022DA617B6801221A627B680E225A607B681A229A607B680022AB
S32D0000FD985A617B6800229A617B684FF4A072DA607B68F0221A617B6800221A70786801F083F97B681846083744
S32D0000FDC0BD4680BD80B582B000AF7860064B1B78002B05D1044B01221A707868FFF7C2FD00BF0837BD4680BD33
S32D0000FDE8B418002080B58AB002AFF860B9607A607E23009362237A68B968F86800F017FE40F24E733B610023C3
S32D0000FE10FB61FA693B699A4240DA0023BB61214AFB6913441B781A46BB69934232DAFB6901331C4AD35C002BB6
S32D0000FE3806D1FF23FB75FF23BB75FF237B7512E0FB690133154AD35C012B06D1D423FB750023BB7526237B75C1
S32D0000FE6005E0B523FB75BA23BB75B0237B757B7DBA7DF97DF86800F0C9F80246FB68DA61F86801F01DF9F86814
S32D0000FE8801F056F8BB690133BB61C4E7FB690233FB61BAE700BF2037BD4680BD0400002080B58AB002AFF86066
S32D0000FEB0B9607A602723009395237A68B968F86800F0B9FD40F2E6333B610023FB61FA693B699A4240DA00230D
S32D0000FED8BB61214AFB6913441B781A46BB69934232DAFB6901331C4AD35C002B06D1FF23FB75FF23BB75FF238D
S32D0000FF007B7512E0FB690133154AD35C012B06D10023FB750023BB7500237B7505E0D423FB750023BB752623E7
S32D0000FF287B757B7DBA7DF97DF86800F06BF80246FB68DA61F86801F0BFF8F86800F0F8FFBB690133BB61C4E70F
S32D0000FF50FB690233FB61BAE700BF2037BD4680BD5407002080B485B000AF78600B46FB70FB78062B29D801A228
S32D0000FF7852F823F0A1FF000099FF0000A7FF0000AFFF0000B7FF0000BDFF0000C5FF00006FF07F43FB6014E0CC
S32D0000FFA00023FB6011E04FF47F03FB600DE04FF47F43FB6009E0FF23FB6006E04FF41903FB6002E0044BFB60C5
S32D0000FFC800BFFB6818461437BD4680BC704700BF9999990080B584B000AF786039603B681B0CFB733B681B0A37
S32D0000FFF0BB733B687B737B7BBA7BF97B786800F005F8034618461037BD4680BD80B487B000AF786008461146F3
S32D000100181A460346FB700B46BB7013467B70FB789B08DBB27B61BB789B08DBB23B617B789B08DBB2FB607B6905
S32D000100401A033B699B011A43FB68134318461C37BD4680BC704780B582B000AF78600B46FB70FB78194678681B
S32D00010068FFF77CFF03461946786800F004F800BF0837BD4680BD80B582B000AF7860396039687868FFF7A6FFA3
S32D0001009002467B681A62786801F012F8786800F073FB00BF0837BD4680BD80B582B000AF7860786800F068FB22
S32D000100B800BF0837BD4680BD80B582B000AF78600B46FB70FB7819467868FFF747FF03461946786800F004F8CF
S32D000100E000BF0837BD4680BD80B582B000AF7860396039687868FFF771FF02467B681A62786800F0DDFF00BF33
S32D000101080837BD4680BD80B582B000AF78600B46FB70FB7819467868FFF720FF03461946786800F004F800BFA5
S32D000101300837BD4680BD80B582B000AF7860396039687868FFF74AFF02467B68DA61786800F0B6FF00BF0837F1
S32D00010158BD4680BD80B586B000AFF860B9607A603B6000237B617B69BA6813441B78002B0FD07B69BA681344E2
S32D000101801B783A687968F86800F094FD7B680C337B607B6901337B61E9E700BF1837BD4680BD80B582B000AF34
S32D000101A87860FDF701F867210120FCF76CFF00210220FCF768FFA0210320FCF764FF50210420FCF760FF20215D
S32D000101D00520FCF75CFF20210620FCF758FF77210720FCF754FF00210820FCF750FF00210920FCF74CFF0021A3
S32D000101F80A20FCF748FF04210B20FCF744FF7B684FF0FF32DA637B684FF0FF321A6400BF0837BD4680BD00004F
S32D0001022080B586B000AFF860B9607A600020FCF750FF0346FB75FB7D03F00203002B00F0CE80FCF763FFE02001
S32D00010248FCF714FF0220FEF78FFCFCF769FF0120FEF78AFCFCF756FFA520FCF707FF0120FEF782FCFCF729FF33
S32D0001027003469BB21B02BB82FCF723FF03469AB2BB8A1343BB82FCF71CFF03469BB21B027B82FCF716FF0346DE
S32D000102989AB27B8A13437B82BB8A1B09BB827B8A1B097B82FCF73CFFFB68DB6BB3F1FF3F34D1FB681B6CB3F17B
S32D000102C0FF3F2FD1BA8AFB68DA637A8AFB681A647B8AC3F57F630F337B82BB8A184602F04BFE49A3D3E9002381
S32D000102E802F0B0FE02460B461046194603F004F90246BB681A607B8A184602F039FE42A3D3E9002302F09EFE46
S32D0001031002460B461046194603F0F2F802467B681A605AE0FB68DA6BBB8AD31A1946F86800F074F80346632BE8
S32D000103380CDCFB681A6C7B8AD31A1946F86800F069F80346632B01DC012300E00023002B2FD0BA8AFB68DA63DA
S32D000103607A8AFB681A647B8AC3F57F630F337B82BB8A184602F000FE23A3D3E9002302F065FE02460B4610462F
S32D00010388194603F0B9F80246BB681A607B8A184602F0EEFD1CA3D3E9002302F053FE02460B461046194603F0FC
S32D000103B0A7F802467B681A600FE0BB68164A1A607B68154A1A60FB684FF0FF32DA63FB684FF0FF321A640023AE
S32D000103D810E001230EE0BB680D4A1A607B680C4A1A60FB684FF0FF32DA63FB684FF0FF321A640023184618371C
S32D00010400BD4680BDAFF30080144001144001B43F1EE0011EE001AE3F000080BF80B483B000AF786039603B687A
S32D00010428002B02DA3B685B423B603B6818460C37BD4680BC704780B584B000AF786039600023FB60786800F0B2
S32D000104505EFAFB683A6813441B78002B12D07B6859697B689869FB683A6813441B780246786800F005FC7868B8
S32D0001047800F05DFAFB680133FB60E6E700BF1037BD4680BD80B582B000AF78600B46FB70786800F038FA7B687A
S32D000104A059697B689A69FB78786800F0E9FB786800F041FA00BF0837BD4680BD80B582B000AF786039607868AE
S32D000104C800F021FA39687868FFF7B5FF786800F005FA00BF0837BD4680BD80B582B000AF78600B46FB70786838
S32D000104F000F00DFAFB7819467868FFF7C7FF786800F0F0F900BF0837BD4680BD80B483B000AF78600B46FB70D7
S32D000105184D4B1B684C4A23F0080313604B4B1B684A4A23F480231360484B1B68474A43F480331360454B1B6881
S32D00010540444A23F440731360414B1B68404A23F4435323F0300313603E4B1A68FB785B0203F400733B491343A3
S32D000105680B603A4B1A68FB785B101B0203F48073364913430B60344B1A68FB789B101B0103F0100330491343BD
S32D000105900B602F4B1A68FB78DB105B0103F020032B4913430B602A4B1A68FB781B119B0103F0400326491343A3
S32D000105B80B60254B1A68FB785B11DB01DBB2224913430B60204B1A68FB789B111B0303F480531D4913430B6028
S32D000105E01B4B1A6897F90330DB115BB25B0303F40053174913430B60164B1B68154A23F400331360134B1B689E
S32D00010608124A43F4003313600F4B1B680E4A43F0080313600D4B1B680C4A43F440731360094B1B68084A43F4B6
S32D00010630435343F030031360064B1B68054A43F48023136000BF0C37BD4680BC704700BF80F00F4040F00F40C7
S32D0001065880B483B000AF78600B46FB70464B1B68454A23F008031360444B1B68434A43F480331360414B1B688A
S32D00010680404A43F4802313603E4B1B683D4A23F4407313603A4B1B68394A23F4435323F030031360374B1A68AF
S32D000106A8FB785B0203F40073344913430B60334B1A68FB785B101B0203F480732F4913430B602D4B1A68FB7820
S32D000106D09B101B0103F01003294913430B60284B1A68FB78DB105B0103F02003244913430B60234B1A68FB78A5
S32D000106F81B119B0103F040031F4913430B601E4B1A68FB785B11DB01DBB21B4913430B60194B1A68FB789B114F
S32D000107201B0303F48053164913430B60144B1A6897F90330DB115BB25B0303F40053104913430B600F4B1B6866
S32D000107480E4A23F4003313600C4B1B680B4A43F400331360084B1B68074A43F008031360064B1B68054A23F44F
S32D000107708023136000BF0C37BD4680BC704700BF80F00F4040F00F4080B586B000AF78607B6800225A617B68BA
S32D0001079800229A617B681B6AFB60FB68FB72FB681B0ABB72FB681B0CDBB203F003037B722A217868FFF7A6FE0B
S32D000107C000217868FFF748FF00217868FFF744FF01217868FFF740FF3F217868FFF73CFF2B217868FFF792FE38
S32D000107E800217868FFF734FF00217868FFF730FF00217868FFF72CFFEF217868FFF728FF2C217868FFF77EFEC4
S32D00010810314B1B68304A23F4407313602F4B1B682E4A23F47F2323F0F00313602C4B1B682B4A23F01D03136047
S32D00010838274B1A687B681B6B254913430B60254B1A687B685B6B234913430B60224B1A687B689B6B20491343A6
S32D000108600B601E4B1B681D4A23F0080313601A4B1B68194A43F48023136000237B617B69EF2B19D800233B61D5
S32D000108883B69B3F5A07F0FD2114B1B68104A23F4003313600E4B1B680D4A43F4003313603B6901333B61EBE7A9
S32D000108B07B6901337B61E2E7084B1B68074A43F008031360044B1B68034A23F48023136000BF1837BD4680BDEA
S32D000108D840F00F4080F00F40C0F00F4080B483B000AF78607B689B69002B07DD7B685B695A1C7B685A617B6832
S32D0001090000229A6100BF0C37BD4680BC704780B582B000AF78607B685A697B685B689A4205DB7B6800225A61FD
S32D000109287868FFF72DFF00BF0837BD4680BD80B582B000AF78607B689B695A1C7B689A617B689A697B689B686B
S32D000109509A4205D17868FFF7C5FF7868FFF7D7FF00BF0837BD4680BD80B586B002AFF860B9607A600123009324
S32D0001097801237A68B968F86800F059F8F86800F0D7FA00BF1037BD4680BD80B485B000AF786039607B681B6832
S32D000109A0FB603B681A687B681A603B68FA681A6000BF1437BD4680BC704780B586B002AFF860B9607A603B60CA
S32D000109C8BA683B681A447B68009313467A68B968F86800F0ABF8BA683B68D118BA683B68D0187A68BB69134460
S32D000109F0009303467A68F86800F09CF8BA683B68D1187A68BB69D0187A68BB6913440093BB680246F86800F0EF
S32D00010A188DF87A68BB691A447B680093BB68B968F86800F083F800BF1037BD4680BD80B588B000AFF860B9606E
S32D00010A407A603B60FB681B78022B03D0FB681B78032B11D17B68FB61BA6AFB691344013BBB61FB68DA68BB68D8
S32D00010A68D31A3B613B683A69D31A01337B610DE0BB68FB613A68FB691344013BBB617B687B61BA6A7B69134454
S32D00010A90013B3B612A21F868FFF738FDFB691B0ADBB203F00F03DBB21946F868FFF7D4FDFB69DBB21946F868AB
S32D00010AB8FFF7CEFDBB691B0ADBB203F00F03DBB21946F868FFF7C4FDBB69DBB21946F868FFF7BEFD2B21F868A3
S32D00010AE0FFF714FD7B691B0ADBB203F00F03DBB21946F868FFF7B0FD7B69DBB21946F868FFF7AAFD3B691B0AC0
S32D00010B08DBB203F00F03DBB21946F868FFF7A0FD3B69DBB21946F868FFF79AFD2C21F868FFF7F0FC00BF20372B
S32D00010B30BD4680BD90B58BB000AFF860B9607A603B603A68BB68D31A1946F868FFF766FCF861BA6B7B68D31A2A
S32D00010B581946F868FFF75EFCB861BA69FB699A42CCBF01230023FB75FB7D002B0CD03A1D07F108031146184613
S32D00010B80FFF707FF3B4607F138011846FFF701FFBA683B689A420CDD3A4607F1080311461846FFF7F6FE3B1D40
S32D00010BA807F138011846FFF7F0FE3A68BB689A4206D1BB687A681946F868FFF7D1FE55E0BA6B7B68D31A184622
S32D00010BD002F0A0FD04463A68BB68D31A184602F099FD03461946204602F09CFE03463B617B68184602F08EFD48
S32D00010BF803467B62BB683B623B683A6A9A4235DCFB7D002B14D0786A02F0C4F94FF00002184B02F061F8024665
S32D00010C200B461046194602F023FC03463A6A1946F868FFF799FE13E0786A02F0AFF94FF000020E4B02F04CF816
S32D00010C4802460B461046194602F00EFC03461A46396AF868FFF784FE3969786A02F0A2FC03467B623B6A0133FC
S32D00010C703B62C5E72C37BD4690BD00BF0000E03F80B584B000AFF860B9607A60FB707A6813465B0013449B0025
S32D00010C98991CBA6813461B011344DA1CFB78F86800F004F800BF1037BD4680BD80B58EB002AFF860B9607A6020
S32D00010CC0FB70FB780A2B06D1F868FFF720FEF868FFF708FEF2E0FB787D2B02D8FB781F2B01D82023FB70FB78CD
S32D00010CE8203BFB70112300930C237A68B968F868FFF79DFEFA7813469B0013446F4AD35C3B75FA7813469B0072
S32D00010D10134401336B4AD35C7B75FA7813469B0013440233674AD35CBB75FA7813469B0013440333634AD35C84
S32D00010D38FB75FA7813469B00134404335F4AD35C3B760023BB62BB6A062B00F3A180F86800F050F9F86800F00C
S32D00010D60B3F8002387F82F3000237B627B6A042B35DC07F114027B6A13441B7803F00103002B14BF012300237A
S32D00010D88FB76FB7E002B11D097F82F3083F00103DBB2002B03D0F86800F0CAF802E0F86800F08EF8F86800F03C
S32D00010DB08BF80DE097F82F30002B03D0F86800F01DF902E0F86800F07FF8F86800F07CF8FB7E87F82F307B6AA9
S32D00010DD801337B62C6E797F82F30002B03D0F86800F008F902E0F86800F06AF8F86800F067F8002387F82F30AD
S32D00010E0000233B623B6A042B42DC07F114023B6A13441B7803F00103002B14BF01230023BB76BB7E002B11D0C2
S32D00010E2897F82F3083F00103DBB2002B03D0F86800F07EF802E0F86800F042F8F86800F03FF80DE097F82F3017
S32D00010E50002B03D0F86800F0D1F802E0F86800F033F8F86800F030F8BB7E87F82F3007F114023B6A13441B78D3
S32D00010E785B08D9B207F114023B6A13440A461A703B6A01333B62B9E7BB6A0133BB625AE7F86800F0AFF8002392
S32D00010EA087F82F300123FB61FB69232B06DCF86800F00AF8FB690133FB61F5E73037BD4680BD00BF3C0B002042
S32D00010EC880B483B000AF7860174B1B68164A43F480331360154B1B68144A23F008031360114B1B68104A43F429
S32D00010EF0802313600E4B1B680D4A23F4003313600B4B1B680A4A43F400331360094B1B68084A43F008031360E9
S32D00010F18054B1B68044A23F48023136000BF0C37BD4680BC704700BF40F00F4080F00F4080B483B000AF786079
S32D00010F402B4B1B682A4A43F480331360294B1B68284A23F008031360254B1B68244A43F480231360224B1B6820
S32D00010F68214A23F440731360204B1B681F4A23F47F2323F0F00313601D4B1B681C4A23F01D031360184B1A684D
S32D00010F907B685B6A164913430B60164B1A687B689B6A144913430B60134B1A687B68DB6A114913430B600E4B05
S32D00010FB81B680D4A23F4003313600B4B1B680A4A43F400331360094B1B68084A43F008031360054B1B68044A6E
S32D00010FE023F48023136000BF0C37BD4680BC704740F00F4080F00F40C0F00F4080B483B000AF78602B4B1B6899
S32D000110082A4A43F480331360294B1B68284A23F008031360254B1B68244A43F480231360224B1B68214A23F4CE
S32D0001103040731360204B1B681F4A23F47F2323F0F00313601D4B1B681C4A23F01D031360184B1A687B681B6B9D
S32D00011058164913430B60164B1A687B685B6B144913430B60134B1A687B689B6B114913430B600E4B1B680D4A88
S32D0001108023F4003313600B4B1B680A4A43F400331360094B1B68084A43F008031360054B1B68044A23F48023C5
S32D000110A8136000BF0C37BD4680BC704740F00F4080F00F40C0F00F4080B485B000AF78607B681B6AFB60FB685B
S32D000110D0FB72FB681B0ABB72FB681B0CDBB203F003037B727B6800225A627B6800229A627B680022DA627B68EC
S32D000110F800221A637B6800225A637B6800229A637B681A6BFB7A5B0203F400731A437B681A637B681A6BFB7A28
S32D000111205B101B0203F480731A437B681A637B685A6BFB7A9B101B0103F010031A437B685A637B685A6BFB7A6D
S32D00011148DB105B0103F020031A437B685A637B685A6BFB7A1B119B0103F040031A437B685A637B685A6BFB7AE9
S32D000111705B11DB01DBB21A437B685A637B685A6BFB7A9B111B0303F480531A437B685A637B685A6B97F90B305D
S32D00011198DB115BB25B0303F400531A437B685A637B685A6BBB7A9B0303F480431A437B685A637B685A6BBB7A7B
S32D000111C05B10DB039BB21A437B685A637B685A6BBB7A9B101B0403F480331A437B685A637B685A6BBB7ADB1057
S32D000111E85B0403F400331A437B685A637B685A6BBB7A1B119B0403F480231A437B685A637B685A6BBB7A5B11CA
S32D00011210DB0403F400231A437B685A637B689A6BBB7A9B1103F001031A437B689A637B689A6B97F90A30DB111E
S32D000112385BB29B0003F004031A437B689A637B689A6B7B7ADB0003F008031A437B689A637B689A6B7B7A5B106D
S32D000112601B0103F010031A437B689A637B68DB69FB60FB68FB72FB681B0ABB72FB681B0CDBB203F003037B72FC
S32D000112887B685A6AFB7A5B0203F400731A437B685A627B685A6AFB7A5B101B0203F480731A437B685A627B68EB
S32D000112B09A6AFB7A9B101B0103F010031A437B689A627B689A6AFB7ADB105B0103F020031A437B689A627B68B5
S32D000112D89A6AFB7A1B119B0103F040031A437B689A627B689A6AFB7A5B11DB01DBB21A437B689A627B689A6AE0
S32D00011300FB7A9B111B0303F480531A437B689A627B689A6A97F90B30DB115BB25B0303F400531A437B689A62EA
S32D000113287B689A6ABB7A9B0303F480431A437B689A627B689A6ABB7A5B10DB039BB21A437B689A627B689A6A11
S32D00011350BB7A9B101B0403F480331A437B689A627B689A6ABB7ADB105B0403F400331A437B689A627B689A6AD6
S32D00011378BB7A1B119B0403F480231A437B689A627B689A6ABB7A5B11DB0403F400231A437B689A627B68DA6A8C
S32D000113A0BB7A9B1103F001031A437B68DA627B68DA6A97F90A30DB115BB29B0003F004031A437B68DA627B68EC
S32D000113C8DA6A7B7ADB0003F008031A437B68DA627B68DA6A7B7A5B101B0103F010031A437B68DA6200BF143739
S32D000113F0BD4680BC704780B483B000AF78607B6818460C37BD4680BC704780B584B000AFF860B9607A603B6072
S32D00011418FB682033B968184602F050FFFB687A681A60FB683A689A60FB68BA691A61FB68FA695A61FB681A680A
S32D00011440FB681B691A44FB685A60FB689A68FB685B691A44FB68DA60FB683A6A9A61FB687A6ADA61FB6800228B
S32D00011468C3F8E82000BF1037BD4680BDF0B585B002AF78607B689B6919461F48FEF757FE7B6819687B689A68A9
S32D000114907B6818697B685B69009303461848FFF78CFA7B68DB6919461548FEF744FE7B6803F120047B681B68EF
S32D000114B81D467B681B691E467B682033184602F05BFF024613465B0013449B00F31A5B082B4418467B689A68E7
S32D000114E07B685B69113BD90F0B445B101344024621460348FEF732FE00BF0C37BD46F0BD7018002080B584B00F
S32D0001150802AF78607B689B6919461F48FEF70FFE7B681B68591C7B689B685A1C7B681B69981E7B685B69023B44
S32D00011530009303461648FFF740FA7B681B68991C7B689B689A1C7B681B69181F7B685B69043B009303460E48B5
S32D00011558FFF72FFA7B681B68D91C7B689B68DA1C7B681B69981F7B685B69063B009303460548FFF71EFA7B68EE
S32D000115800122C3F8E82000BF0837BD4680BD00BF7018002080B584B002AF786000211F48FEF7C9FD7B681B6816
S32D000115A8D91C7B689B68DA1C7B681B69981F7B685B69063B009303461648FFF7FAF97B681B68991C7B689B6819
S32D000115D09A1C7B681B69181F7B685B69043B009303460E48FFF7E9F97B681B68591C7B689B685A1C7B681B690A
S32D000115F8981E7B685B69023B009303460548FFF7D8F97B680022C3F8E82000BF0837BD4680BD00BF70180020CD
S32D0001162080B584B000AFF860B9607A603B60FB681B68184602F06EF80246BB681946104602F064FA0346002B1D
S32D0001164800F08180FB685B68184602F05FF80246BB681946104602F05FFA0346002B72D0FB689B68184602F0DE
S32D0001167051F802467B681946104602F047FA0346002B64D0FB68DB68184602F043F802467B681946104602F044
S32D0001169843FA0346002B56D03A1D07F1080319462B48FEF7B9FDFB681B68184602F02EF80246BB6819461046F9
S32D000116C002F024FA0346002B3FD0FB685B68184602F020F80246BB681946104602F020FA0346002B31D0FB68D6
S32D000116E89B68184602F012F802467B681946104602F008FA0346002B23D0FB68DB68184602F004F802467B681E
S32D000117101946104602F004FA0346002B15D03B68002B10D1FB68D3F8E830002B03D1F868FFF7E8FE07E0FB6832
S32D00011738D3F8E830002B02D0F868FFF727FF012302E0002300E0002318461037BD4680BD7018002080B586B002
S32D0001176000AFF860B9607A60BB687B617B683B6179693A690123F868FFF752FF0346002B14BF01230023DBB277
S32D00011788002B08D007F1100207F1140319460448FEF742FDE8E700BF1837BD4680BD00BF70180020B0B592B00C
S32D000117B004AFF860B9607A603B60FB6C7B633B683B63F86C01F0D8FB02460B464FF000004E4901F083FA02469E
S32D000117D80B4614461D46386D01F0CAFB02460B462046294601F076FA02460B461046194601F082FE03463B6205
S32D00011800386801F0B9FB02460B464FF00000404901F064FA02460B4614461D46B86C01F0ABFB02460B462046B4
S32D00011828294601F057FA02460B461046194601F063FE0346FB61786801F068FF03461946386A02F06BF803467B
S32D00011850184602F079F90346BB61B86801F05AFF03461946F86902F05DF80346184602F06BF903467B61002343
S32D000118787B620123BB62BA6ABB689A423DDC0123FB62FA6A7B689A422DDC7B6AEC2202FB03F3FA68D0187A6A26
S32D000118A013469B0013449B001A467B6D9918FB6D0393BB6D02937B690193BB6900933B6B7A6BFFF7A2FD7B6A4B
S32D000118C8EC2202FB03F3FA6813441846FFF7CEFD7B6A01337B627A6BBB6913447B63FB6A0133FB62CDE73A6B95
S32D000118F07B6913443B63FB6C7B63BB6A0133BB62BDE700BF3837BD46B0BD00BF0000744000006E4080B582B06B
S32D0001191800AF786039607B68012B07D13B684FF6FF72934202D10348FEF720FA00BF0837BD4680BD7018002058
S32D0001194080B500AF4FF6FF710120FFF7E3FF80BD80B582B000AF7860164B03F580535B6B144A43F0400302F5FE
S32D0001196880525363124B4FF400725A62104B4FF400721A620F4B14225A700E4B1B7ADBB20C4A43F00103DBB27F
S32D0001199013720A4B80229A7002212B20FBF700FB3D212A20FBF7FCFA7B6818460837BD4680BD00BF0070044084
S32D000119B800C004400060064080B582B000AF786039607B68012B07D13B684FF6FF72934202D10348FFF7B8FFEF
S32D000119E000BF0837BD4680BDB818002080B500AF4FF6FF710120FFF7E3FF80BD0000000080B582B000AF7860ED
S32D00011A087B681846FDF7C8FC03460F49184601F0D1FE0346184601F0BDFA09A3D3E9002301F03AFC02460B465D
S32D00011A301046194601F064FD034618460837BD4680BD00BFAFF300800000000000A0694000404A4480B582B0FB
S32D00011A5800AF78600B46FB707B68FA7811461846FDF788FC7B6818460837BD4680BD000080B582B000AF7860EC
S32D00011A8039607B68012B08D13B684FF6FF72934203D120210348FFF7DDFF00BF0837BD4680BD00BFBC18002065
S32D00011AA880B500AF4FF6FF710120FFF7E1FF80BD80B483B000AF78607B6800221A707B6818460C37BD4680BC02
S32D00011AD07047000080B582B000AF78607B681B7883F00103DBB2002B52D07B6801221A702A4B03F580535B6BE5
S32D00011AF8284A43F4806302F580525363264B4FF400725A60244B4FF400729A60234B1B684FF416521946224851
S32D00011B20FBF796FB204BDB78DBB21F4A23F00C03DBB2D3701C4BDB78DBB21B4A43F02003DBB2D370184BDB7AE3
S32D00011B48DBB2174A23F02003DBB2D372154BD3F88431144A43F40053C2F88431114B5B68104A43F4005353608B
S32D00011B700D4BDB78DBB20C4A43F00C03DBB2D3706420FCF7F5FF7B6801221A70012300E0002318460837BD46E4
S32D00011B9880BD00BF0070044000900440B817002000A0064000E100E080B483B000AF78607B681B7818460C37FF
S32D00011BC0BD4680BC7047000080B487B000AFF860B9607A60FB700023FB7400237B617A697B689A422BD2194B9C
S32D00011BE81B78002B00D1FAE7BA687B691344164A12781A70134B00221A70BA687B6913441B780D2B16D0FB7CFE
S32D00011C1083F00103DBB2002B0CD0BA687B6913441B78FA789A4202D10123FB7402E07B69013B7B617B69013300
S32D00011C387B61D0E700BF7B6918461C37BD4680BC704700BFD6180020D718002080B586B000AFF860B9607A605F
S32D00011C6000237B617A697B689A420BD2BA687B6913441B7819460648FBF7BDFB7B6901337B61EFE77B69184684
S32D00011C881837BD4680BD00BF00A0064080B483B000AF78603960044A3B68136000BF0C37BD4680BC704700BF57
S32D00011CB0C018002080B582B000AF3248FBF782FB0346FB71304AFB791370304B01221A702F4B1B78022B33D083
S32D00011CD8022B4FDC002B02D0012B14D04AE0FB79FF2B44D1284B01221A70284B00221A70264B1B785A1CD1B25F
S32D00011D00244A11701946244AFB79535433E0214B1B785A1CD1B21F4A117019461E4AFB7953541C4B1B780D2BD4
S32D00011D2827D11C4B1B68194A1278114618489847154B02221A701CE0FB79FF2B10D1124B01221A70114B002216
S32D00011D501A70104B1B785A1CD1B20E4A117019460D4AFB79535409E00A4B00221A70084B00221A7002E000BFBF
S32D00011D7800E000BF00BF0837BD4680BD00A00640D7180020D6180020D5180020D4180020C4180020C01800204F
S32D00011DA080B582B000AF78607B681846FFF784FE7B6811491846FFF76DFF7B684FF0FF325A600E4B4FF00002C9
S32D00011DC81A600D4B4FF000021A600C4B4FF000021A600B4B00221A600A4B00221A700A4B00221A707B68184618
S32D00011DF00837BD4680BD00BFC92A0100E4180020E8180020EC180020F0180020F4180020F518002080B59AB032
S32D00011E1800AFF860B9607A60FB681846FFF7C4FE034683F00103DBB2002B03D0FB681846FFF74CFEAD4B1B7851
S32D00011E4083F00103DBB2002B00F09B83FB681846FFF740FEA74B1B7883F00103DBB2002B00F08F83BB68002B3D
S32D00011E6802DA0023BB6004E0BB680B2B01DD0B23BB60FB68BA685A609D48FEF712F900237B6300237B66002381
S32D00011E9087F8633097F86330002B69D197499648FEF7CDFA2B2387F820302B2387F821302B2387F82230FB6853
S32D00011EB807F1200103221846FFF7C8FE7863F86807F114014F230A22FFF77AFE78667B6E012B02D93B7D4F2B4F
S32D00011EE042D087498448FEF7E9FA86498248FEF7E5FA40F6C410FCF73BFEF86807F1140130230A22FFF760FE6A
S32D00011F0878667B6E012B02D93B7D4F2B24D07C497748FEF7CFFA7B497548FEF78CFA0023FB65FB6D7A6E9A42C9
S32D00011F300CD907F11402FB6D13441B7819466E48FEF7A4FAFB6D0133FB65EEE76C496A48FEF7B4FA6E49684853
S32D00011F58FEF7B0FA00BF06E0012387F8633002E0012387F8633091E768496148FEF763FA0023BB65BB6D7A6E51
S32D00011F809A420CD907F11402BB6D13441B7819465948FEF77BFABB6D0133BB65EEE758495548FEF78BFA5C4939
S32D00011FA85348FEF748FA412387F82030542387F821304D2387F82230592387F82330FB685B68002B00DA0333CE
S32D00011FD09B10DBB23133DBB287F82430312387F82530302387F82630FB685B685A4203F0030302F0030258BFCD
S32D00011FF85342DBB23033DBB287F827300D2387F82830FB6807F1200109221846FFF71EFE7863F86807F114016C
S32D000120204F230A22FFF7D0FD78667B6E012B02D93B7D4F2B04D039492F48FEF73FFAA0E200237B657B6D7A6EE0
S32D000120489A420CD907F114027B6D13441B7819462748FEF717FA7B6D01337B65EEE726492348FEF727FA2C49BE
S32D000120702148FEF7E4F9412387F82030542387F82130492387F82230442387F82330FB685B68002B00DA0333B5
S32D000120989B10DBB23133DBB287F82430302387F82530302387F82630302387F827300D2387F82830FB6807F143
S32D000120C0200109221846FFF7C5FD7863F86807F114014F230A22FFF777FD78667B6E012B02D93B7D4F2B1DD052
S32D000120E80C490348FEF7E6F947E200BFE018002070180020084B01001C4B0100204B0100384B0100504B010065
S32D000121105C4B01006C4B0100744B0100884B0100A84B010000233B653B6D7A6E9A420CD907F114023B6D134497
S32D000121381B781946A848FEF7A5F93B6D01333B65EEE7A649A448FEF7B5F9A549A248FEF772F9412387F82030C9
S32D00012160542387F82130442387F822304C2387F82330FB685B68002B00DA03339B10DBB23133DBB287F8243033
S32D00012188302387F82530302387F82630FB685B685A4203F0030302F0030258BF5342DBB23033DBB287F8273028
S32D000121B00D2387F82830FB6807F1200109221846FFF748FD7863F86807F114014F230A22FFF7FAFC78667B6E20
S32D000121D8012B02D93B7D4F2B04D082497E48FEF769F9CAE10023FB64FB6C7A6E9A420CD907F11402FB6C1344DA
S32D000122001B7819467648FEF741F9FB6C0133FB64EEE774497248FEF751F975497048FEF70EF9412387F82030A6
S32D00012228542387F82130442387F82230482387F82330302387F82430302387F82530302387F82630302387F884
S32D0001225027300D2387F82830FB6807F1200109221846FFF7F7FC7863F86807F114014F230A22FFF7A9FC7866B4
S32D000122787B6E012B02D93B7D4F2B04D059495648FEF718F979E10023BB64BB6C7A6E9A420CD907F11402BB6C5A
S32D000122A013441B7819464E48FEF7F0F8BB6C0133BB64EEE74B494A48FEF700F94D494848FEF7BDF8412387F83D
S32D000122C82030542387F82130432387F82230482387F82330302387F82430302387F82530312387F82630412302
S32D000122F087F827300D2387F82830FB6807F1200109221846FFF7A6FC7863F86807F114014F230A22FFF758FC15
S32D0001231878667B6E012B02D93B7D4F2B04D031492D48FEF7C7F828E100237B647B6C7A6E9A420CD907F1140276
S32D000123407B6C13441B7819462548FEF79FF87B6C01337B64EEE723492148FEF7AFF826491F48FEF76CF8412372
S32D0001236887F82030542387F82130572387F82230522387F823300D2387F82430FB6807F1200105221846FFF7A4
S32D0001239061FC7863F86807F114014F230A22FFF713FC78667B6E012B02D93B7D4F2B04D00E490B48FEF782F8E9
S32D000123B8E3E000233B643B6C7A6E9A421AD907F114023B6C13441B7819460348FEF75AF83B6C01333B64EEE734
S32D000123E0701800201C4B0100BC4B0100884B0100D44B0100EC4B0100044C010062496348FEF75CF86249614846
S32D00012408FEF719F8412387F82030542387F82130432387F822304E2387F823300D2387F82430FB6807F120012C
S32D0001243005221846FFF70EFC7863F86807F114014F230A22FFF7C0FB78667B6E012B02D93B7D4F2B04D04F49F5
S32D000124584C48FEF72FF890E00023FB63FB6B7A6E9A420CD907F11402FB6B13441B7819464448FEF707F8FB6B02
S32D000124800133FB63EEE740494048FEF717F842493E48FEF713F80023BB63BB6B082B15DCBB6B7A681344197825
S32D000124A807F12002BB6B13440A461A70BB6B7A6813441B7819463348FDF7E4FFBB6B0133BB63E6E72E492F48BE
S32D000124D0FDF7F4FF0D2387F82930FB6807F120010A221846FFF7B6FB78632C492748FDF7A6FFF86800F0A0FAFF
S32D000124F8034619462348FDF7F0FF274B01221A7005233B630023FB62F86800F0ADFA0346002B0CBF01230023DD
S32D00012520DBB2002B22D0FA6A3B6B9A4215DD1748FDF7BBFD1B491548FDF781FFBB68DBB219461248FDF7CDFFA1
S32D0001254817491048FDF7B6FF16490E48FDF7B2FFFEE7FB6807F120010A221846FFF776FB7863D1E7104907481C
S32D00012570FDF7A4FF40F6B830FCF7FAFA0348FDF794FD6837BD4680BD1C4B010070180020184C0100884B0100A8
S32D00012598304C0100404C0100E0180020584C01007C4C0100B44C0100F04C010080B584B000AFF8600B467A60AB
S32D000125C0FB72FB7A402B0AD9FB7A4C2B07D8FB7A413B7A681946F868FFF71CFC0CE0FB7A602B09D9FB7A6C2B77
S32D000125E806D8FB7A613B7A681946F868FFF70EFC00BF1037BD4680BDB0B5ADF50E6D06AF07F6C803A3F6C4038F
S32D00012610186007F6C803A3F6C80319600123C7F8C4380023C7F8C0380023C7F8BC3807F2BC7300241D46002C14
S32D0001263805DB2846FEF7DBFEEC35013CF7E707F6C803A3F590739A4A1C4615460FCD0FC42B68236007F57E7365
S32D0001266003241D46002C05DB2846FEF7C4FEEC35013CF7E707F6C803A3F5B8638F4A18461146F0231A4601F0E7
S32D0001268865FD07F5077300241D46002C05DB2846FEF7ADFEEC35013CF7E707F6C803A3F5D86300221A60043300
S32D000126B000221A605A609A60DA6007F1300301241D46002C05DB2846FEF795FEEC35013CF7E707F6C803A3F520
S32D000126D80C63794A1C4615460FCD0FC40FCD0FC495E8030084E80300D7F8C438002B00F087810023C7F8C038CF
S32D000127000023C7F8BC3800216E48FDF7B8FC0123C7F8B03807F2BC706FF07F4305930023049307F5F563039308
S32D000127280123029301230193C9230093012301220121FFF737F807F57E706FF07F4305936FF07F43049307F5AD
S32D000127504273039301230293012301930223009328230422D7F8B018FFF720F8D7F8C038002B42D107F6A80224
S32D0001277807F6AC0319465148FDF74EFD0346002BF0D00023C7F8B838D7F8B838072BE9DC07F57E72D7F8B838E8
S32D000127A0EC2101FB03F3D018D7F8AC18D7F8A8280023FEF735FF0346002B14BF01230023DBB2002B13D007F580
S32D000127C87E72D7F8B838EC2101FB03F31344D7F8AC18D7F8A8281846FEF7BCFFD7F8B8380133C7F8C038D7F824
S32D000127F0B8380133C7F8B838CAE7D7F8C038013B072B79D801A252F823F000BF2D2801004128010055280100B3
S32D00012818692801007D28010091280100A5280100E5280100412387F8B73807F50273244A07CA03C31A805BE0A6
S32D00012840422387F8B73807F50273204A07CA03C31A8051E0432387F8B73807F502731C4A07CA03C31A8047E056
S32D00012868442387F8B73807F50273184A07CA03C31A803DE0452387F8B73807F50273144A07CA03C31A8033E062
S32D00012890462387F8B73807F50273104A07CA03C31A8029E0472387F8B73807F502730C4A07CA03C31A801FE06E
S32D000128B8D04D0100E44D0100D44E010070180020704D01007C4D0100884D0100944D0100A04D0100AC4D0100AE
S32D000128E0B84D0100482387F8B73807F50273504A07CA03C31A8000BF00214E48FDF7BFFB07F507706FF07F43F6
S32D0001290805930023049307F5027303930123029301230193C92300933C2301220121FEF741FF07F130006FF0F7
S32D000129307F4305936FF07F43049307F10803039301230293012301933C2300933C2302220121FEF72BFFD7F8D7
S32D00012958BC38002B42D107F6A80207F6AC0319463248FDF759FC0346002BF0D00023C7F8B838D7F8B838012BB8
S32D00012980E9DC07F13002D7F8B838EC2101FB03F3D018D7F8AC18D7F8A8280023FEF740FE0346002B14BF0123A0
S32D000129A80023DBB2002B13D007F13002D7F8B838EC2101FB03F31344D7F8AC18D7F8A8281846FEF7C7FED7F8EA
S32D000129D0B8380133C7F8BC38D7F8B8380133C7F8B838CAE7D7F8BC38012B04D0D7F8BC38022B04D007E000231D
S32D000129F8C7F8C43803E00123C7F8C43800BF73E607F6C803A3F6C80297F8B71807F6C803A3F6C4031268186870
S32D00012A20FFF7C8FD00BF07F6C807BD46B0BD00BFC44D01007018002080B483B000AF78607B685B68DBB24133C3
S32D00012A48DBB218460C37BD4680BC704780B483B000AF7860034B1B6818460C37BD4680BC704700BFF0180020FE
S32D00012A7080B584B000AF7860FCF7B6F8F860114B1B7883F00103DBB2002B09D0FCF7ACF80246FB68D31AB3F580
S32D00012A987A7F01D2012300E00023002B00D0EAE7064B1B78002B04D0044B00221A70FF2300E0002318461037A8
S32D00012AC0BD4680BDF618002080B582B000AF78600B46FB701D4B1B78002B32D07B6801331B781A067B680233C5
S32D00012AE81B781B041A437B6803331B781B0213437A680432127813431A46134B1A607B685A79124B1A707B68E1
S32D00012B1006331B78AA2B0CBF01230023DAB20E4B1A700E4B01221A700B4B1B78002B08D00B4800F049F80B4BA8
S32D00012B381B680A4A23F40053136000BF0837BD4680BD00BFE0180020F0180020F4180020F5180020F6180020F6
S32D00012B60F8180020C0F00F4080B582B000AF786039607B68012B07D13B684FF6FF72934202D10348FFF70CF962
S32D00012B8800BF0837BD4680BDD818002080B500AF4FF6FF710120FFF7E3FF80BD80B483B000AF7860054B0022A1
S32D00012BB01A60044B00225A607B6818460C37BD4680BC7047F818002080B584B000AF7860154B1B68002B21D0B8
S32D00012BD80023FB60124B5B68FA689A4214DA114AFB6852F82330002B0AD00E4AFB6852F823301846FAF729FED6
S32D00012C0003461A460A4B1A70FB680133FB60E5E7054B00225A60044B00221A60044B1B7818461037BD4680BD81
S32D00012C28F8180020041900200019002080B582B000AF786039607B68012B07D13B684FF6FF72934202D103481D
S32D00012C50FFF7A8FF00BF0837BD4680BDF818002080B500AF4FF6FF710120FFF7E3FF80BD80B483B000AF78608D
S32D00012C780A4B03F580531B6B084A43F0010302F580521363064B5B68054A43F03203536000BF0C37BD4680BC00
S32D00012CA0704700BF0070044000000A4038B5084C4FF41E652846E56000F094FFA06020B10023C0E900536060A4
S32D00012CC838BDE060606038BD6C19002081F0004102E000BF83F0004330B54FEA41044FEA430594EA050F08BF08
S32D00012CF090EA020F1FBF54EA000C55EA020C7FEA645C7FEA655C00F0E2804FEA5454D4EB5555B8BF6D420CDDB7
S32D00012D182C4480EA020281EA030382EA000083EA010180EA020281EA0303362D88BF30BD11F0004F4FEA013131
S32D00012D404FF4801C4CEA113102D0404261EB410113F0004F4FEA03334CEA133302D0524263EB430394EA050F62
S32D00012D6800F0A780A4F10104D5F1200E0DDB02FA0EFC22FA05F2801841F1000103FA0EF2801843FA05F3594167
S32D00012D900EE0A5F120050EF1200E012A03FA0EFC28BF4CF0020C43FA05F3C01851EBE37101F0004507D54FF0ED
S32D00012DB8000EDCF1000C7EEB00006EEB0101B1F5801F1BD3B1F5001F0CD349085FEA30004FEA3C0C04F1010425
S32D00012DE04FEA445212F5800F80F09A80BCF1004F08BF5FEA500C50F1000041EB045141EA050130BD5FEA4C0CEC
S32D00012E08404141EB0101013C28BFB1F5801FE9D291F0000F04BF01460020B1FA81F308BF2033A3F10B03B3F18F
S32D00012E3020020CDA0C3208DD02F1140CC2F10C0201FA0CF021FA02F10CE002F11402D8BFC2F1200C01FA02F116
S32D00012E5820FA0CFCDCBF41EA0C019040E41AA2BF01EB0451294330BD6FEA04041F3C1CDA0C340EDC04F11404A4
S32D00012E80C4F1200220FA04F001FA02F340EA030021FA04F345EA030130BDC4F10C04C4F1200220FA02F001FA4C
S32D00012EA804F340EA0300294630BD21FA04F0294630BD94F0000F83F4801306BF81F480110134013D4EE77FEA97
S32D00012ED0645C18BF7FEA655C29D094EA050F08BF90EA020F05D054EA000C04BF1946104630BD91EA030F1EBF47
S32D00012EF80021002030BD5FEA545C05D14000494128BF41F0004130BD14F580043CBF01F5801130BD01F000456C
S32D00012F2045F0FE4141F470014FF0000030BD7FEA645C1ABF194610467FEA655C1CBF0B46024650EA013406BFB3
S32D00012F4852EA033591EA030F41F4002130BD00BF90F0000F04BF0021704730B54FF4806404F132044FF00005B2
S32D00012F704FF0000150E700BF90F0000F04BF0021704730B54FF4806404F1320410F0004548BF40424FF000018D
S32D00012F983EE700BF42004FEAE2014FEA31014FEA02701FBF12F07F4393F07F4F81F06051704732F07F4208BF3C
S32D00012FC0704793F07F4F04BF41F40021704730B54FF4607401F0004521F000411CE700BF50EA010208BF704709
S32D00012FE830B54FF000050AE050EA010208BF704730B511F0004502D5404261EB41014FF4806404F132045FEA3F
S32D00013010915C3FF4D8AE4FF003025FEADC0C18BF03325FEADC0C18BF033202EBDC02C2F1200300FA03FC20FA79
S32D0001303802F001FA03FE40EA0E0021FA02F11444BDE600BF70B54FF0FF0C4CF4E06C1CEA11541DBF1CEA1355CB
S32D0001306094EA0C0F95EA0C0F00F0DEF82C4481EA030621EA4C5123EA4C5350EA013518BF52EA033541F480118F
S32D0001308843F4801338D0A0FB02CE4FF00005E1FB02E506F00042E0FB03E54FF00006E1FB03569CF0000F18BFEE
S32D000130B04EF0010EA4F1FF04B6F5007F64F5407404D25FEA4E0E6D4146EB060642EAC62141EA55514FEAC5206D
S32D000130D840EA5E504FEACE2EB4F1FD0C88BFBCF5E06F1ED8BEF1004F08BF5FEA500E50F1000041EB045170BD76
S32D0001310006F0004646EA010140EA020081EA0301B4EB5C04C2BFD4EB0C0541EA045170BD41F480114FF0000E87
S32D00013128013C00F3AB8014F1360FDEBF002001F0004170BDC4F10004203C35DA0C341BDC04F11404C4F1200575
S32D0001315000FA05F320FA04F001FA05F240EA020001F0004221F0004110EBD37021FA04F642EB06015EEA430E8D
S32D0001317808BF20EAD37070BDC4F10C04C4F1200500FA04F320FA05F001FA04F240EA020001F0004110EBD370BB
S32D000131A041F100015EEA430E08BF20EAD37070BDC4F1200500FA05F24EEA020E20FA04F301FA05F243EA0203AB
S32D000131C821FA04F001F0004121FA04F220EA020000EBD3705EEA430E08BF20EAD37070BD94F0000F0FD101F00E
S32D000131F00046400041EB010111F4801F08BF013CF7D041EA060195F0000F18BF704703F00046520043EB03037A
S32D0001321813F4801F08BF013DF7D043EA0603704794EA0C0F0CEA135518BF95EA0C0F0CD050EA410618BF52EA50
S32D000132404306D1D181EA030101F000414FF0000070BD50EA410606BF1046194652EA430619D094EA0C0F02D192
S32D0001326850EA013613D195EA0C0F05D152EA03361CBF104619460AD181EA030101F0004141F0FE4141F47001DB
S32D000132904FF0000070BD41F0FE4141F4780170BD70B54FF0FF0C4CF4E06C1CEA11541DBF1CEA135594EA0C0F0F
S32D000132B895EA0C0F00F0A7F8A4EB050481EA030E52EA03354FEA013100F088804FEA03334FF0805545EA1313FB
S32D000132E043EA12634FEA022245EA111545EA10654FEA00260EF000419D4208BF964244F1FD0404F5407402D2F4
S32D000133085B084FEA3202B61A65EB03055B084FEA32024FF480104FF4002CB6EB020E75EB030E22BFB61A7546FE
S32D0001333040EA0C005B084FEA3202B6EB020E75EB030E22BFB61A754640EA5C005B084FEA3202B6EB020E75EB73
S32D00013358030E22BFB61A754640EA9C005B084FEA3202B6EB020E75EB030E22BFB61A754640EADC0055EA060E4C
S32D0001338018D04FEA051545EA16754FEA06164FEAC30343EA52734FEAC2025FEA1C1CC0D111F4801F0BD141EA29
S32D000133A800014FF000004FF0004CB6E711F4801F04BF01430020B4F1FD0C88BFBCF5E06F3FF6AFAEB5EB030C8D
S32D000133D004BFB6EB020C5FEA500C50F1000041EB045170BD0EF0004E4EEA113114EB5C04C2BFD4EB0C0541EA27
S32D000133F8045170BD41F480114FF0000E013C90E645EA060E8DE60CEA135594EA0C0F08BF95EA0C0F3FF43BAF33
S32D0001342094EA0C0F0AD150EA01347FF434AF95EA0C0F7FF425AF104619462CE795EA0C0F06D152EA03353FF483
S32D00013448FDAE1046194622E750EA410618BF52EA43067FF4C5AE50EA41047FF40DAF52EA43057FF4EBAE12E7F2
S32D000134704FEA410212F5001215D211D56FF47873B3EB625212D94FEAC12343F0004343EA505311F0004F23FA70
S32D0001349802F018BF404270474FF00000704750EA013005D111F0004008BF6FF0004070474FF00000704700BFB9
S32D000134C04A0011D212F5001211D20DD56FF47873B3EB62520ED44FEAC12343F0004343EA505323FA02F0704727
S32D000134E84FF00000704750EA013002D14FF0FF3070474FF0000070474FEA4102B2F1E04324BFB3F5001CDCF1B0
S32D00013510FE5C0DD901F0004C4FEAC0024CEA5070B2F1004F40EB830008BF20F00100704711F0804F21D113F129
S32D000135383872BCBF01F00040704741F480114FEA5252C2F11802C2F1200C10FA0CF320FA02F018BF40F00100EB
S32D000135604FEAC1234FEAD32303FA0CFC40EA0C0023FA02F34FEA4303CCE77FEA625307D150EA01331EBF4FF0F1
S32D00013588FE4040F44000704701F0004040F0FE4040F40000704700BF80F0004002E000BF81F0004142001FBF3F
S32D000135B05FEA410392EA030F7FEA226C7FEA236C6AD04FEA1262D2EB1363C1BFD218414048404140B8BF5B42C0
S32D000135D8192B88BF704710F0004F40F4000020F07F4018BF404211F0004F41F4000121F07F4118BF494292EAA2
S32D00013600030F3FD0A2F1010241FA03FC10EB0C00C3F1200301FA03F100F0004302D5494260EB4000B0F5000F09
S32D0001362813D3B0F1807F06D340084FEA310102F10102FE2A51D2B1F1004F40EBC25008BF20F0010040EA0300ED
S32D000136507047490040EB0000013A28BFB0F5000FEDD2B0FA80FCACF1080CB2EB0C0200FA0CF0AABF00EBC250AD
S32D0001367852421843BCBFD0401843704792F0000F81F4000106BF80F400000132013BB5E74FEA41037FEA226CD8
S32D000136A018BF7FEA236C21D092EA030F04D092F0000F08BF0846704790EA010F1CBF0020704712F07F4F04D19B
S32D000136C8400028BF40F00040704712F100723CBF00F50000704700F0004343F0FE4040F4000070477FEA2262ED
S32D000136F016BF08467FEA23630146420206BF5FEA412390EA010F40F4800070474FF0000304E000BF10F000437F
S32D0001371848BF40425FEA000C08BF704743F0964301464FF000001CE050EA010208BF70474FF000030AE000BFF2
S32D0001374050EA010208BF704711F0004302D5404261EB41015FEA010C02BF84460146002043F0B64308BFA3F1A5
S32D000137688053A3F50003BCFA8CF2083AA3EBC25310DB01FA02FC634400FA02FCC2F12002BCF1004F20FA02F249
S32D0001379043EB020008BF20F00100704702F1200201FA02FCC2F1200250EA4C0021FA02F243EB020008BF20EAD2
S32D000137B8DC7070474FF0FF0C1CEAD0521EBF1CEAD15392EA0C0F93EA0C0F6FD01A4480EA010C400218BF5FEAC1
S32D000137E041211ED04FF0006343EA501043EA5111A0FB01310CF00040B1F5000F3EBF490041EAD3715B0040EAB4
S32D00013808010062F17F02FD2A1DD8B3F1004F40EBC25008BF20F00100704790F0000F0CF0004C08BF49024CEAC2
S32D00013830502040EA51207F3AC2BFD2F1FF0340EAC250704740F400004FF00003013A5DDC12F1190FDCBF00F0CC
S32D0001385800407047C2F10002410021FA02F1C2F1200200FA02FC5FEA310040F1000053EA4C0308BF20EADC7025
S32D00013880704792F0000F00F0004C02BF400010F4000F013AF9D040EA0C0093F0000F01F0004C02BF490011F469
S32D000138A8000F013BF9D041EA0C018FE70CEAD15392EA0C0F18BF93EA0C0F0AD030F0004C18BF31F0004CD8D1DC
S32D000138D080EA010000F00040704790F0000F17BF90F0004F084691F0000F91F0004F14D092EA0C0F01D1420204
S32D000138F80FD193EA0C0F03D14B0218BF084608D180EA010000F0004040F0FE4040F40000704740F0FE4040F474
S32D00013920400070474FF0FF0C1CEAD0521EBF1CEAD15392EA0C0F93EA0C0F69D0A2EB030280EA010C49024FEA13
S32D00013948402037D04FF0805343EA111143EA10130CF000408B4238BF5B0042F17D024FF4000C8B4224BF5B1AB7
S32D0001397040EA0C00B3EB510F24BFA3EB510340EA5C00B3EB910F24BFA3EB910340EA9C00B3EBD10F24BFA3EBB1
S32D00013998D10340EADC001B0118BF5FEA1C1CE0D1FD2A3FF650AF8B4240EBC25008BF20F0010070470CF0004CC5
S32D000139C04CEA50207F32C2BFD2F1FF0340EAC250704740F400004FF00003013A37E792F0000F00F0004C02BFEB
S32D000139E8400010F4000F013AF9D040EA0C0093F0000F01F0004C02BF490011F4000F013BF9D041EA0C0195E77D
S32D00013A100CEAD15392EA0C0F08D142027FF47DAF93EA0C0F7FF470AF084676E793EA0C0F04D14B023FF44CAF5D
S32D00013A3808466EE730F0004C18BF31F0004CCAD130F000427FF45CAF31F000437FF43CAF5FE700BF4FF0FF3C50
S32D00013A6006E000BF4FF0010C02E000BF4FF0010C4DF804CD4FEA40024FEA41037FEA226C18BF7FEA236C11D0A4
S32D00013A8801B052EA530C18BF90EA010F58BFB2EB030088BFC81738BF6FEAE17018BF40F0010070477FEA226C2E
S32D00013AB002D15FEA402C05D17FEA236CE4D15FEA412CE1D05DF8040B704700BF844608466146FFE70FB5FFF73C
S32D00013AD8C9FF002848BF10F1000F0FBD4DF808EDFFF7F4FF0CBF012000205DF808FB00BF4DF808EDFFF7EAFF8D
S32D00013B0034BF012000205DF808FB00BF4DF808EDFFF7E0FF94BF012000205DF808FB00BF4DF808EDFFF7D2FF90
S32D00013B2894BF012000205DF808FB00BF4DF808EDFFF7C8FF34BF012000205DF808FB00BF4FEA4002B2F1FE4F16
S32D00013B500FD34FF09E03B3EB12620DD94FEA002343F0004310F0004F23FA02F018BF404270474FF00000704756
S32D00013B7812F1610F01D1420205D110F0004008BF6FF0004070474FF00000704770B50D4E0D4D761BB61006D065
S32D00013BA0002455F8043B01349847A642F9D1094E094D761B01F0A4F9B61006D0002455F8043B01349847A6426C
S32D00013BC8F9D170BD0C4F01000C4F0100384F01000C4F0100704700BF704700BF024B0146186800F003B800BFD1
S32D00013BF01C0D00202DE9F04F01F10B06162E83B0044624D8102900F2BA8000F03DFB102618220220B54F3A44A7
S32D00013C18A2F1080153688B4200F0BA805A68D96822F003021A449D68E9608D60516841F001012046516003F185
S32D00013C40080500F027FB284603B0BDE8F08F36F0070600F19480B14200F2918000F014FBB6F5FC7FC0F09A81D3
S32D00013C68730A00F08F80042B00F26F81B30903F1390003F1380CC3009A4F3B44A3F108055B689D4206D10CE04E
S32D00013C90002980F22781DB689D4206D05A6822F00302911B0F29F3DD60463D69DFF840C265457CD06A6822F03E
S32D00013CB80302931B0F2B00F37B81002BC7E904CC80F26C81B2F5007F80F01A81D308796801334FEA521E01220A
S32D00013CE002FA0EF20A4357F833E0C5F808E007EBC3010839E9607A6047F83350CEF80C50831001219940914206
S32D00013D0857D8114206D120F003004900114200F10400FAD007EBC0094D468646D5F80C80454508D11DE1002BC6
S32D00013D3080F22481D8F80C80454500F01681D8F8042022F00302931B0F2BF0DD2046D8E9025408EB060146F073
S32D00013D580106C8F80460EC60A56043F00104C7E90411C1E902CC4C6048F8023000F08EFA08F1080502E00C239E
S32D00013D8023600025284603B0BDE8F08F4FF4007340204FF03F0C73E7D3689A4208BF02307FF440AF3D69DFF83E
S32D00013DA848C1654582D17A688310012199409142A7D9BD686B6823F003094E4503D8A9EB06030F2B7ADCDFF89A
S32D00013DD024B1494BDBF800201B680132334405EB090A00F0338103F580530F3323F47F6828F00F08414620466D
S32D00013DF800F052FA411C024600F0F380824500F2EE803C4B196841441960084600F04E81DBF800100193013175
S32D00013E201BBFA2EB0A0A5044CBF80020186012F0070B00F01781CBF108010A44CBF5805190440831A1EB080127
S32D00013E48C1F30B0A51462046009200F025FA421CDDE9002300F04F81801A00EB0A081968BA6048F001005144DD
S32D00013E70BD425060196000F02981B9F10F0F40F227816868A9F10C0C2CF0070C00F0010040EA0C0068604FF0E0
S32D00013E98050E05EB0C00BCF10F0FC0E901EE00F2328150681546144B1A688A4238BF1960124B1A688A4238BF12
S32D00013EC0196094E0AA1943F0010346F001066E602046BA60536000F0DDF90835284603B0BDE8F08FD9681A44C7
S32D00013EE8A1E600BF481100205011002050150020B419002084190020AC190020B0190020B2F5206F4FEA52238A
S32D00013F1063D3142B00F2B78003F15C01C9005B3307EB010E7958AEF1080E8E4500F091804B6823F00303934240
S32D00013F3802D989688E45F7D1D1F80CE07A68C5E9021ECEF80850CD60D6E6142B59D9542B00F29D80330B03F156
S32D00013F606F0003F16E0CC3008AE60EF1010E1EF0030F05F108057FF4D5AE51E0424445465368D8F80C1043F0DF
S32D00013F880103536055F8083F2046D9608B6000F07DF9F3E6F00806F1080237E62A442046536843F00103536067
S32D00013FB0083500F06FF9E5E6A919204646F0010643F001046E60C7E90411C1E902CC4C60AB5000F05FF90835AE
S32D00013FD8D4E6930903F13901C90038339CE7BD425FD0BD68686820F003084645A8EB060302D80F2B3FF762AFBF
S32D00014000204600F047F90025BCE603F15C0003F15B0CC30034E659F808394B4540F0968010F0030F00F1FF3012
S32D00014028F5D17B6823EA01037B60490099423FF6C0AE19B9BDE649000EF1040E1942FAD0704667E603F110080A
S32D00014050D0E69A104FF001087B6808FA02F21A437A6070E702EB08014942C1F30B0A51462046009200F014F95C
S32D00014078431CDDE900237FF4EFAEDA46EFE6542B25D8130B03F16F01C9006E3344E7B3F5AA7F25D8F30B03F179
S32D000140A0780003F1770CC300EAE5294B186840441860B1E6CAF30B0CBCF1000F7FF4ACAEBD68C84448F0010022
S32D000140C86860F0E61546EEE60123536094E7B3F5AA7F23D8D30B03F17801C90077331BE740F25452934223D876
S32D000140F0B30C03F17D0003F17C0CC300C0E5ABF1080BD844A8EB02084FF0000AABE605F108012046009300F063
S32D0001411817FABD68009B68681968C4E640F254518B420BD8930C03F17D01C9007C33F3E64FF47E737F204FF0B1
S32D000141407E0C9DE54FF47E717E23E9E67B6870E784190020844641EA000313F003036DD1403A41D351F8043B56
S32D0001416840F8043B51F8043B40F8043B51F8043B40F8043B51F8043B40F8043B51F8043B40F8043B51F8043B2D
S32D0001419040F8043B51F8043B40F8043B51F8043B40F8043B51F8043B40F8043B51F8043B40F8043B51F8043B05
S32D000141B840F8043B51F8043B40F8043B51F8043B40F8043B51F8043B40F8043B51F8043B40F8043B51F8043BDD
S32D000141E040F8043B403ABDD2303211D351F8043B40F8043B51F8043B40F8043B51F8043B40F8043B51F8043B65
S32D0001420840F8043B103AEDD20C3205D351F8043B40F8043B043AF9D2043208D0D2071CBF11F8013B00F8013BAE
S32D0001423001D30B8803806046704700BF082A13D38B078DD010F003038AD0C3F10403D21ADB071CBF11F8013B49
S32D0001425800F8013B80D331F8023B20F8023B7BE7043AD9D3013A11F8013B00F8013BF9D20B7803704B784370BE
S32D000142808B788370604670470148FFF7A7BC00BF801900200148FFF7A3BC00BF8019002038B5074D00220446DF
S32D000142A808462A6000F098FA431C00D038BD2B68002BFBD0236038BDB819002080EA0102844612F0030F4FD10C
S32D000142D011F0030F32D14DF8044D11F0040F51F8043B0BD0A3F101329A4312F0803F04BF4CF8043B51F8043B69
S32D000142F816D100BF51F8044BA3F101329A4312F0803FA4F101320BD14CF8043BA24312F0803F04BF51F8043BDC
S32D000143204CF8044BEAD023460CF8013B13F0FF0F4FEA3323F8D15DF8044B704711F0010F06D011F8012B0CF894
S32D00014348012B002A08BF704711F0020FBFD031F8022B12F0FF0F16BF2CF8022B8CF8002012F47F4FB3D1704792
S32D0001437011F8012B0CF8012B002AF9D1704700BF90F800F06DE9024520F007016FF0000C10F0070491F820F013
S32D0001439840F049804FF000046FF00700D1E9002391F840F000F1080082FA4CF2A4FA8CF283FA4CF3A2FA8CF318
S32D000143C04BBBD1E9022382FA4CF200F10800A4FA8CF283FA4CF3A2FA8CF3E3B9D1E9042382FA4CF200F1080013
S32D000143E8A4FA8CF283FA4CF3A2FA8CF37BB9D1E9062301F1200182FA4CF200F10800A4FA8CF283FA4CF3A2FA62
S32D000144108CF3002BC6D0002A04BF04301A4612BAB2FA82F2FDE8024500EBD2007047D1E9002304F00305C4F1A2
S32D0001443800004FEAC50514F0040F91F840F00CFA05F562EA05021CBF63EA050362464FF00004A9E7024B13B173
S32D00014460024800F005B87047000000007D440100002301461A46184600F06CB938B5084B084D5B1B9C1007D0F2
S32D00014488043B1D44013C55F804399847002CF9D1BDE8384000F04CBD0000000000000000F8B5244F0C460646F5
S32D000144B0FFF7EAFEBA685568C4F57E630F3325F003052B4423F47F6323F00F03A3F58054B4F5805F07DB0021A3
S32D000144D83046FFF7E1FEBB682B44984204D03046FFF7D4FE0020F8BD61423046FFF7D4FE01300DD0104ABB68AB
S32D000145002D1B45F001055D60136830461B1B1360FFF7C0FE0120F8BD00213046FFF7C0FEBA68831A0F2BDEDD29
S32D0001452843F001035360054B03491B68C01A0860D5E700BF481100208419002050150020002961D0F8B50C468A
S32D000145500646FFF799FE54F8042C7B4FA4F1080522F0010105EB010CB868DCF80430604523F0030300F08B8089
S32D00014578D207CCF8043032D454F8082CAD1A1144AA6807F1080082426AD00CEB0304D4F804E0EC68D4601EF04D
S32D000145A0010FA26000F0978041F001036B60CCF80010B1F5007F35D27A68CB0848090121013381401143796089
S32D000145C807EBC30257F83310083AC5E9021247F83350CD603046BDE8F840FFF757BE0CEB03025268D00710D4B9
S32D000145F0194407F10800DCF80830834273D0DCF80C20DA60936041F001036B606950D0E7704741F00103B1F5FC
S32D00014618007F44F8043CCCF80010C9D3B1F5206F4FEA512348D28B0903F1390003F13802C300F818FB580838B7
S32D00014640984259D05A6822F003028A4202D99B689842F7D1D868C5E902308560DD603046BDE8F840FFF716BEC4
S32D000146680CEB03025268D20763D40B44DCE90212CA60916043F001026A603046EB50BDE8F840FFF703BE0B4486
S32D00014690D10707D454F8082CAD1A1344D5E90212CA60916043F001026A60284ABD6012689A4293D8264B304686
S32D000146B81968FFF7F5FE8DE7142B0AD9542B1FD80B0B03F16F0003F16E02C300B1E719448DE703F15C0003F110
S32D000146E05B02C300A9E741F00103C7E90455C5E902006B60695071E779689210012404FA02F20A437A60A6E7E3
S32D00014708B3F5AA7F06D8CB0B03F1780003F17702C3008EE740F25452934206D88B0C03F17D0003F17C02C30024
S32D0001473083E74FF47E737E227FE741F001036B60CCF800104AE700BF4811002054150020B41900202DE9F047B6
S32D00014758DFF87CA00646DAF8000098460F469146FFF738FA1B4B1B68D3F8484124B365681F2D26DC5EB96B1C22
S32D000147800235DAF80000636044F82570FFF728FA0020BDE8F08704EB85010123C1F88890D4F88821AB401A43F2
S32D000147A8022EC4F88821C1F80881E4D1D4F88C211343C4F88C31DEE703F5A674C3F84841D5E7DAF80000FFF76F
S32D000147D007FA4FF0FF30DCE758150020FC4E0100044A05491368002B08BF0B461844106018467047BC19002080
S32D000147F8C01900203131333044364B4B520000000000000040787D0100D8B8050000000000000001000009029B
S32D0001482000001A03000000040000020500001A0600001B0700001A08000009090000090A00001A0B0000DB0CAC
S32D0001484800001A0D000000000000000F00001A1000001A1100001A120000000000001A140000000000001A162C
S32D0001487000001A1700001A1800001A1900001A1A00001A1B00001B1C00001B1D00001A1E0000000000001A2039
S32D0001489800001A2100001A2200001A2300001A2400001A2500001B260000022700001A280000022900001B2AA4
S32D000148C0000000000000000000000000000000000000000000000000000000000000000000001A3300001A342E
S32D000148E800001A350000000000001A3700001B3800000000000000000000000000001B3C00001B3D00000000FF
S32D000149100000000001010101010101010202020202020000000000000000000000040404040403030101010146
S32D0001493801010101000001010101010000010100000101000000000001000000000000000B0000000A0000002D
S32D0001496007000000060000000500000004000000010000000000000000000000010000000800000009000000FF
S32D000149880A0000000B00000011000000100000000F0000000E0000000D0000000C0000000B0000000A0000007F
S32D000149B009000000080000000700000019000000180000001A0000001B0000001C000000010000000600000037
S32D000149D80F0000000E0000000D0000000C0000000B0000000A00000009000000080000000E0000000F00000037
S32D00014A000400000005000000060000000700000011000000010000001400000001000000140000000000000036
S32D00014A281300000000000000130000000B0000000A0000001200000011000000100000001000000004000000DD
S32D00014A500500000007000000060000000B0000000A0000000700000006000000050000000400000001000000F9
S32D00014A7800000000000000000100000008000000090000000A0000000B00000011000000100000000F000000B8
S32D00014AA00E0000000D0000000C0000000B0000000A000000090000000800000007000000190000001800000062
S32D00014AC81A0000001B0000001C0000007630322E30392E3030000000256400002D25642E253033640000000018
S32D00014AF025642E2530336400747275650000000066616C7365000000456E74657220636D64206D6F64652E2EB6
S32D00014B182E0000002000000057616974696E6720666F7220726573706F6E73652E2E2E00456E74657220636DDF
S32D00014B4064206D6F6465204641494C45440000007769746820446174613A2000547279696E6720616761696E0B
S32D00014B682E2E2E00446174613A20000053657420776972656C6573732069642E2E2E00004572726F7220776985
S32D00014B9074682052435320636F6E66696775726174696F6E00000000536574206E6574776F726B2069642E2EDB
S32D00014BB82E00000053657420636F7572736520696420286C6F77292E2E2E000053657420636F75727365206923
S32D00014BE064202868696768292E2E2E00536574206368616E6E656C20323620323438304D487A00005772697457
S32D00014C08696E6720636F6E6669672E2E2E0000004578697420636F6D6D616E64206D6F64652E2E2E0000000037
S32D00014C305465616D204B65792053656E743A2000436F6E6E656374696E6720746F20526567696F6E20000000C2
S32D00014C5852435320756E61626C6520746F20636F6E6E65637420746F20726567696F6E20000000004D616B655C
S32D00014C802073757265206E6F206F746865722050726F7465692061726520636F6E6E656374656420746F207492
S32D00014CA8686520726567696F6E000000526573746172742074686520726567696F6E20616E64207265747279D9
S32D00014CD020636F6E6E656374696E67207769746820796F75722050726F7465757321000052435320456E6162F1
S32D00014CF86C6564205375636365737366756C6C792C2050726F6772616D2072756E6E696E6720696E2033207311
S32D00014D2065636F6E64730000557365204C454654202F20524947485420746F206368616E676520726567696FC4
S32D00014D486E000000557365204D4944444C4520746F2073656C65637400000000526567696F6E3A200000000071
S32D00014D7043686F6963653A204100000043686F6963653A204200000043686F6963653A204300000043686F69DC
S32D00014D9863653A204400000043686F6963653A204500000043686F6963653A204600000043686F6963653A200C
S32D00014DC04700000043686F6963653A204800000053656C6563742052435320526567696F6E0000004100000063
S32D00014DE80000000000000000000000000000000042000000000000000000000000000000000000004300000017
S32D00014E1000000000000000000000000000000000440000000000000000000000000000000000000045000000EA
S32D00014E3800000000000000000000000000000000460000000000000000000000000000000000000047000000BE
S32D00014E600000000000000000000000000000000048000000000000000000000000000000000000004900000092
S32D00014E88000000000000000000000000000000004A000000000000000000000000000000000000004B00000066
S32D00014EB0000000000000000000000000000000004C000000000000000000000000000000000000004F6B0000CD
S32D00014ED80000000000000000000000000000000043616E63656C0000000000000000000000000000200D002018
S32D00014F00F8B500BFF8BC08BC9E4670475D44010065C4000069C60000E1E9000055F9000041190100ED1901008F
S32100014F28A91A0100952B0100612C0100AD2C0100F8B500BFF8BC08BC9E467047FA
S30D00014F4468DDFF7F010000009A
S32D00014F4C01FFFFFF170034022D0036022B00380229003A022700060230000602250006023200060223000602C3
S32D00014F74340006022100060204002E01040006021F00060204003001040006021D00060204003201040006029A
S32D00014F9C1B00060204003401040006021900060204003601040006021700060204003801040006021500060291
S32D00014FC404003A01040006021300060204003C01040006021100060204003E01040006020F0006020400400147
S32D00014FEC040006020D00060204004201040006020B000602040044010400060209000602040046010400060252
S32D000150140700060204004801040006020500060204004A01040006020300060204004C0104000602010006022C
S32D0001503C04004E0104000B0204005001040009020400520104000802030054010300080203005401030008024E
S32D0001506403001D011A001D010300080203001C011C001C010300080203001B011E001B010300080203001A01CD
S32D0001508C0400180204001A01030008020300190104001A0204001901030008020300180104001C0204001801E8
S32D000150B4030008020300170104001E0204001701030008020300160104000602150005020400160103000802EE
S32D000150DC03001501040006021700050204001501030008020300150103000602190005020300150103000802D1
S32D0001510403001501030005021B000402030015010300080203001501030004021C0004020300150103000802A8
S32D0001512C03001501030004021C000402030015010300080203001501030004021C000402030015010300080280
S32D0001515403001501030004021C000402030015010300080203001501030004021C000402030015010300080258
S32D0001517C03001501030004021C000402030015010300080203001501030004021C000402030015010300080230
S32D000151A403001501030004021C000402030015010300080203001501030004021C000402030015010300080208
S32D000151CC03001501030004021C000402030015010300080203001501030004021C0004020300150103000802E0
S32D000151F403001501030004021C000402030015010300080203001501030004021C0004020300150103000802B8
S32D0001521C03001501030004021C000402030015010300080203001501030004021C00040203001501030008028F
S32D0001524403001501030004021C000402030015010300080203001501030004021C000402030015010300080267
S32D0001526C03001501030004021C000402030015010300080203001501030004021C00040203001501030008023F
S32D0001529403001501030004021C000402030015010300080203001501030004021C000402030015010300080217
S32D000152BC03001501030004021C000402030015010300080203001501030004021C0004020300150103000802EF
S32D000152E403001501030004021C000402030015010300080203001501030004021C0004020300150103000802C7
S32D0001530C03001501030004021C000402030015010300080203001501030004021C00040203001501030008029E
S32D0001533403001501030004021C000402030015010300080203001501030004021C000402030015010300080276
S32D0001535C03001501030004021C000402030015010300080203001501030004021C00040203001501030008024E
S32D0001538403001501030004021C000402030015010300080203001501030004021C000402030015010300080226
S32D000153AC03001501030004021C000402030015010300080203001501030004021C0004020300150103000802FE
S32D000153D403001501030004021C000402030015010300080203001501030004021C0004020300150103000802D6
S32D000153FC03001501030004021C000402030015010300080203001501030004021C0004020300150103000802AE
S32D0001542403001501030004021C000402030015010300080203001501030004021C000402030015010300080285
S32D0001544C03001501030004021C000402030015010300080203001501030004021C00040203001501030008025D
S32D0001547403001501030004021C000402030015010300080203001501030004021C000402030015010300080235
S32D0001549C03001501030004021C000402030015010300080203001501030004021C00040203001501030008020D
S32D000154C403001501030004021C000402030015010300080203001501030005021B0004020300150103000802E5
S32D000154EC03001501030006021900050203001501030008020300150104000602170005020400150103000802BD
S32D0001551403001601040006021500050204001601030008020300170104001E020400170103000802030018017A
S32D0001553C04001C0204001801030008020300190104001A02040019010300080203001A010400180204001A0131
S32D000155640300080203001B011E001B010300080203001C011C001C010300080203001D011A001D0103000802D9
S32D0001558C0300540103000802030054010300080204005201040009020400500104000B0204004E0104000602FB
S32D000155B40100060204004C01040006020300060204004A01040006020500060204004801040006020700060287
S32D000155DC04004601040006020900060204004401040006020B00060204004201040006020D0006020400400123
S32D00015604040006020F00060204003E01040006021100060204003C01040006021300060204003A010400060239
S32D0001562C1500060204003801040006021700060204003601040006021900060204003401040006021B000602FA
S32D0001565404003201040006021D00060204003001040006021F00060204002E01040006022100060234000602B3
S32D0001567C2300060232000602250006023000060227003A02290038022B0036022D0034021700FFFF430002014E
S32D000156A4930003019200040191000501900006012B000102630006012A000302620006012900050261000601B3
S32D000156CC2800070226000501230006010C000601130006010800010205000902050001021600020105000A01AF
S32D000156F4090002010500080106000B010700100109000A0106000202050007020500020207000B0104000301F3
S32D0001571C02000D010800030102000A0104000E010600100107000E0104000302050005020500030205000E01C2
S32D000157440300130107000F0103001001050010010600100103000402040005020400040204001001020014017D
S32D0001576C06000F01020012010400100105001201020005020300050203000502030012010100150105000F0157
S32D0001579402001301030010010500120102000602020005020200060203001201010009010500070105000F0144
S32D000157BC010008010500070103001001040008010300070103000602020005020200060202001301010007013E
S32D000157E408000701040007010900060108000701040006010C0006010500060104000502030005020300050211
S32D0001580C020006010E0007010900060104000601090006010A000601040006010B0006010500060105000502DD
S32D000158340300050203000502020006010E0006010B00050104000601090006010A000601040006010B000601B9
S32D0001585C0400070105000502030005020300050202000E01060006010B00060103000601090006010B00050196
S32D00015884040006010B0006010300070106000502030005020300050203001001030006010B0006010300060172
S32D000158AC090006010B000501040006010B00060103000601070005020300050203000502030011010200060145
S32D000158D40B00060103000601090006010B000501040006010B000601020006010800050203000502030005021F
S32D000158FC04001101010006010B00060103000601090006010B000501040006010B0006010100060109000502ED
S32D000159240300050203000502050017010A00060104000601090006010A000601040006010B000C010A000502B2
S32D0001594C03000502030005020700160109000601040006010900070109000601050006010B000B010400010195
S32D0001597405000502030005020300050210000E0107000701040006010A00070107000601060007010A000A0168
S32D0001599C0400030104000602020005020200060211000F0103000801050006010A0008010400080106000D0148
S32D000159C4040009010300060104000602010005020100060204002801050006010B00120108000C0105001201FB
S32D000159EC0300130204002701060006010C00110109000B0106001101040011020500120101001301070006019E
S32D00015A140D000F010B000A0107000F0106000F020600120101001201080006010E000C010E00090108000C017E
S32D00015A3C09000D020700110102000601020008010A00060110000901110007010A0009010B000B0208000F016E
S32D00015A64040006018F0006018F0006018F0006018F0006018F0006018F0006018F0006018F00FFFF0000000061
S32D00015A8C0000005F00000007000700147F147F14242A7F2A12231308646236495522500005030000001C22416A
S32D00015AB4000041221C00082A1C2A0808083E080800503000000808080808006060000020100804023E514945A3
S32D00015ADC3E00427F400042615149462141454B311814127F1027454545393C4A494930017109050336494949DE
S32D00015B0436064949291E003636000000563600000008142241141414141441221408000201510906324979416B
S32D00015B2C3E7E1111117E7F494949363E414141227F4141221C7F494949417F090901013E414151327F080808E3
S32D00015B547F00417F41002040413F017F081422417F404040407F0204027F7F0408107F3E4141413E7F0909094B
S32D00015B7C063E4151215E7F09192946464949493101017F01013F4040403F1F2040201F7F2018207F63140814DB
S32D00015BA4630304780403615149454300007F4141020408102041417F00000402010204404040404000010204D2
S32D00015BCC0020545454787F484444383844444420384444487F3854545418087E090102081454543C7F08040477
S32D00015BF47800447D40002040443D00007F10284400417F40007C041804787C0804047838444444387C14141421
S32D00015C1C08081414187C7C080404084854545420043F4440203C4040207C1C2040201C3C4030403C44281028D2
S32D00015C44440C5050503C4464544C44000836410000007F0000004136080008082A1C08081C2A0808200D0020A3
S32D00015C6C000000000C10002074100020DC1000200000000000000000000000000000000000000000000000001D
S32D00015C9400000000000000000000000000000000000000000000000000000000000000000000000000000000E1
S32D00015CBC00000000000000000000000000000000000000000000000000000000000000000000000000000000B9
S32D00015CE40000000000000000000000000000000000000000000000000000000000000000000000000000000091
S32D00015D0C000000000000000001000000000000000E33CDAB34126DE6ECDE05000B00000000000000000000003B
S32D00015D340000000000000000000000000000000000000000000000000000000000000000000000000000000040
S32D00015D5C0000000000000000000000000000000000000000000000000000000000000000000000000000000018
S32D00015D8400000000000000000000000000000000000000000000000000000000000000000000000000000000F0
S32D00015DAC00000000000000000000000000000000000000000000000000000000000000000000000000000000C8
S32D00015DD400000000000000000000000000000000000000000000000000000000000000000000000000000000A0
S32D00015DFC0000000000000000000000000000000000000000000000000000000000000000000000000000000078
S32D00015E24000000000000000000000000000000000000000000000000000000000000000000000000000000004F
S32D00015E4C0000000000000000000000000000000000000000000000000000000000000000000000000000000027
S32D00015E7400000000000000000000000000000000000000000000000000000000000000000000000000000000FF
S32D00015E9C00000000000000000000000000000000000000000000000000000000000000000000000000000000D7
S32D00015EC400000000000000000000000000000000000000000000000000000000000000000000000000000000AF
S32D00015EEC0000000000000000000000000000000000000000000000000000000000000000000000000000000087
S32D00015F14000000000000000000000000000000000000000000000000000000000000000000000000000000005E
S32D00015F3C0000000000000000000000000000000000000000000000000000000000000000000000000000000036
S32D00015F64000000000000000000000000000000000000000000000000000000000000000000000000000000000E
S32D00015F8C00000000000000000000000000000000000000000000000000000000000000000000000000000000E6
S32D00015FB400000000000000000000000000000000000000000000000000000000000000000000000000000000BE
S32D00015FDC0000000000000000000000000000000000000000000000000000000000000000000000000000000096
S32D00016004000000000000000000000000000000000000000000000000000000000000000000000000000000006D
S32D0001602C0000000000000000000000000000000000000000000000000000000000000000000000000000000045
S32D00016054000000000000000000000000000000000000000000000000000000000000000000000000000000001D
S32D0001607C0000000000000000000000000000000000000000000000000000000000000000481100204811002003
S32D000160A45011002050110020581100205811002060110020601100206811002068110020701100207011002023
S32D000160CC781100207811002080110020801100208811002088110020901100209011002098110020981100206B
S32D000160F4A0110020A0110020A8110020A8110020B0110020B0110020B8110020B8110020C0110020C0110020B3
S32D0001611CC8110020C8110020D0110020D0110020D8110020D8110020E0110020E0110020E8110020E8110020FA
S32D00016144F0110020F0110020F8110020F81100200012002000120020081200200812002010120020101200203C
S32D0001616C1812002018120020201200202012002028120020281200203012002030120020381200203812002080
S32D0001619440120020401200204812002048120020501200205012002058120020581200206012002060120020C8
S32D000161BC6812002068120020701200207012002078120020781200208012002080120020881200208812002010
S32D000161E490120020901200209812002098120020A0120020A0120020A8120020A8120020B0120020B012002058
S32D0001620CB8120020B8120020C0120020C0120020C8120020C8120020D0120020D0120020D8120020D81200209F
S32D00016234E0120020E0120020E8120020E8120020F0120020F0120020F8120020F81200200013002000130020E5
S32D0001625C0813002008130020101300201013002018130020181300202013002020130020281300202813002025
S32D00016284301300203013002038130020381300204013002040130020481300204813002050130020501300206D
S32D000162AC58130020581300206013002060130020681300206813002070130020701300207813002078130020B5
S32D000162D48013002080130020881300208813002090130020901300209813002098130020A0130020A0130020FD
S32D000162FCA8130020A8130020B0130020B0130020B8130020B8130020C0130020C0130020C8130020C813002045
S32D00016324D0130020D0130020D8130020D8130020E0130020E0130020E8130020E8130020F0130020F01300208C
S32D0001634CF8130020F81300200014002000140020081400200814002010140020101400201814002018140020CC
S32D000163742014002020140020281400202814002030140020301400203814002038140020401400204014002012
S32D0001639C481400204814002050140020501400205814002058140020601400206014002068140020681400205A
S32D000163C470140020701400207814002078140020801400208014002088140020881400209014002090140020A2
S32D000163EC9814002098140020A0140020A0140020A8140020A8140020B0140020B0140020B8140020B8140020EA
S32D00016414C0140020C0140020C8140020C8140020D0140020D0140020D8140020D8140020E0140020E014002031
S32D0001643CE8140020E8140020F0140020F0140020F8140020F81400200015002000150020081500200815002075
S32D0001646410150020101500201815002018150020201500202015002028150020281500203015002030150020B7
S3210001648C38150020381500204015002040150020FFFFFFFF000002007C19002076
S7050000C25DDB
