S01100002E2E2F50726F746575732E73313966
S32D0000C000000000205DC2000011C3000017C300001DC3000023C3000029C3000000000000000000000000000073
S32D0000C028000000002FC3000035C30000000000003BC3000041C30000CDCD0000D9CD0000E5CD0000F1CD00004E
S32D0000C050FDCD000009CE000015CE000021CE00002DCE000039CE000045CE000051CE00005DCE000069CE0000B9
S32D0000C07875CE000081CE00008DCE000099CE0000A5CE0000B1CE0000BDCE0000C9CE0000D5CE0000E1CE0000E0
S32D0000C0A0EDCE0000F9CE000005CF000011CF00001DCF000029CF000035CF000041CF00004DCF000059CF000000
S32D0000C0C865CF000071CF00007DCF000089CF000095CF0000A1CF0000ADCF0000B9CF0000C5CF0000D1CF000026
S32D0000C0F0DDCF0000A5210100E9CF0000F5CF000001D000000DD0000019D0000025D0000031D000003DD0000099
S32D0000C11849D0000055D0000061D000006DD0000079D0000085D0000091D000009DD00000A9D00000B5D00000E3
S32D0000C140C1D00000CDD00000D9D00000E5D00000C1F90000F1D00000FDD0000009D1000015D1000021D100004B
S32D0000C1682DD1000039D1000045D1000051D100005DD1000069D1000075D1000081D100008DD1000099D10000A1
S32D0000C190A5D10000B1D10000BDD10000B9F5000081F400001DF5000051CB000059F60000C9D10000D5D100001B
S32D0000C1B8E1D10000DCB2010000000020C8160000DCB201000000FF1F00000000C8160020740400000000FF1FD9
S32D0000C1E00000000080B489B000AFF860B9607A60BB68FB61FB68BB6100237B617A697B689A420BD2BA69131DFB
S32D0000C208BB61FB69191DF96112681A607B6904337B61EFE700BF2437BD4680BC704780B485B000AF786039609E
S32D0000C2307B68FB600023BB60BA683B689A4208D2FB681A1DFA6000221A60BB680433BB60F2E700BF1437BD46FE
S32D0000C25880BC704780B586B000AF72B6234B4CF220521A80214B4DF628121A80204B4FF4E9721A801F4B7B615F
S32D0000C2807B691F4A934214D27B691A1D7A611B683B617B691A1D7A611B68FB607B691A1D7A611B68BB60BA68E9
S32D0000C2A8F9683869FFF79AFFE6E77B69134A93420ED27B691A1D7A611B68FB607B691A1D7A611B68BB60B9688B
S32D0000C2D0F868FFF7A8FFECE70B4B7B600B4A7B681A6008F0FBF862B600F0FAFC00F0D4F8FEE700BF0E200540D1
S32D0000C2F800200540BCC10000D4C10000E4C1000008ED00E000C0000080B400AFFEE780B400AFFEE780B400AFF4
S32D0000C320FEE780B400AFFEE780B400AFFEE780B400AFFEE780B400AFFEE780B400AFFEE780B400AFFEE780B426
S32D0000C34800AFFEE7FFFFFFFFFFFFFFFFFFFFFFFFFFFFFFFFFFFFFFFFFFFFFFFFFFFFFFFFFFFFFFFFFFFFFFFF57
S32D0000C370FFFFFFFFFFFFFFFFFFFFFFFFFFFFFFFFFFFFFFFFFFFFFFFFFFFFFFFFFFFFFFFFFFFFFFFFFFFFFFFFC7
S32D0000C398FFFFFFFFFFFFFFFFFFFFFFFFFFFFFFFFFFFFFFFFFFFFFFFFFFFFFFFFFFFFFFFFFFFFFFFFFFFFFFFF9F
S32D0000C3C0FFFFFFFFFFFFFFFFFFFFFFFFFFFFFFFFFFFFFFFFFFFFFFFFFFFFFFFFFFFFFFFFFFFFFFFFFFFFFFFF77
S32D0000C3E8FFFFFFFFFFFFFFFFFFFFFFFFFFFFFFFFFFFFFFFFFFFFFFFFFFFFFFFFFFFFFFFFFFFFFFFFFEFFFFFF50
S32D0000C44010B5054C237833B9044B13B10448AFF300800123237010BDC81600200000000010C4000008B5034B4F
S32D0000C4681BB103490348AFF3008008BD00000000CC16002010C4000080B483B000AF78607B6823F00043184601
S32D0000C4900C37BD4680BC7047B0B588B000AF4649464806F023FB464B3C1D1D460FCD0FC495E8030084E80300DD
S32D0000C4B8424BFB61424803F0D0FF424803F048F90246BB681946104607F032FE0346002B0BD002F011FE4FF08D
S32D0000C4E000023B4B07F088FA0346002B01D0012300E00023002B0DD0344803F02DF903461946314804F09EF978
S32D0000C5084FF00000314902F0D1FDD6E74FF000022F4BF86900F0A8F84FF000022D4B2E4800F0A2F801222D49D1
S32D0000C5302D4800F019F94FF000022C4B2A4800F097F84FF0FF322A49254800F009FA01222749234800F004FA8E
S32D0000C5584FF0FF3000F04EF84FF00000234902F0A5FD012000F046F801221F491C4800F0F3F94FF0FF321C49E3
S32D0000C580194800F0EDF94FF00002114B144800F06FF84FF0FF321849134800F0E1F94FF000024FF08043F8696C
S32D0000C5A800F062F8002318462037BD46B0BD00BFD4A701005C1A0020E0A7010000007042F4190020E416002081
S32D0000C5D000003E400000D03F0000F03F000018400000F0C1000020430000F04100002E40000034420000F83FC9
S32D0000C5F80000074380B582B000AF0346FB71164800F07EF803461946144800F06DFE97F90730184606F010FFB3
S32D0000C6204FF00002104B06F075FF02460B46104619464FF000024FF0804307F095F802460B461046194607F08C
S32D0000C6485DFA0346184600F029F900F0FDF800BF0837BD4680BD00BF00002041F4160020008076400000000011
S32D0000C67090B587B000AFF860C7E900231EA3D3E90023D7E9000106F045FF02460B461046194602460B4606F0CE
S32D0000C69887FD02460B461046194607F0E7F903467B61154803F032F8144803F02FF8F86800F026F8386138690E
S32D0000C6C000F0DCF80E4803F013F804460D4803F00FF8034623447A699A42CCBF01230023DBB2002B00D0EDE7FE
S32D0000C6E800F0B2F800BF1C37BD4690BDAFF3008075524D20983E44400417002008170020B0B582B000AF7860E0
S32D0000C710124805F0EDFB0346184606F0A3FE02460B464FF000000E4907F01EF802460B4614461D46786806F01E
S32D0000C73895FE02460B462046294606F0E7FE02460B461046194607F0D9F9034618460837BD46B0BD401A002010
S32D0000C760000027400000000090B589B000AFF860B9601346FB71304BFB613049B86807F0D3FB0346BB61B96925
S32D0000C788F86907F019FB0346184606F067FE26A3D3E9002306F0BAFE02460B461046194602460B4606F0FCFCEA
S32D0000C7B002460B461046194607F05CF903467B611F4802F0A7FF1F4802F0A4FF97F90730184607F0A1FA0346A1
S32D0000C7D8F968184607F0F0FA03461846FFF790FF38613B6983F000431946154800F07CFD3969144800F078FDEC
S32D0000C8000F4802F075FF04460E4802F071FF034623447A699A42CCBF01230023DBB2002B00D0EDE700F014F8B2
S32D0000C82800BF2437BD4690BD75524D20983E44405E36B6410000B4430417002008170020F4160020FC16002092
S32D0000C85080B500AF064800F009FD064800F006FD4FF00000044902F025FC00BF80BD00BFF4160020FC1600209B
S32D0000C8780000D03F80B582B000AF78607968054800F032FD7968044800F02EFD00BF0837BD4680BDF416002098
S32D0000C8A0FC160020B0B586B000AF78607968284804F066F87868FFF7E3FD03461946786807F032FB034623495C
S32D0000C8C8184607F079FA03461846FFF719FF786179691D4804F050F81D49786807F020FB03463B61396918482A
S32D0000C8F004F046F802F004FC02460B461046194607F000F90346FB607969144800F0F0FC3869FFF7B5FD034668
S32D0000C918184602F0ABFB02F0EFFB04460D46F86806F09CFD02460B462046294606F036FC02460B46044804F024
S32D0000C94032F8064800F092FC00BF1837BD46B0BDF419002000004842000028420C17002090B589B000AFF8606C
S32D0000C968B9601346FB71444BFB614449B86807F0D7FA0346BB61B969F86907F01DFA0346184606F06BFD38A38D
S32D0000C990D3E9002306F0BEFD02460B461046194607F068F803467B61374802F0B3FE374802F0B0FEF868FFF788
S32D0000C9B8A7FE386197F90730B3F1FF3F02D0012B05D009E03969304800F08EFC04E039692E4800F089FC00BFEA
S32D0000C9E0294802F085FE0446284802F081FE034623447A699A422EDD274802F0ADFE0346184606F02FFD1CA30A
S32D0000CA08D3E9002306F0F4FF0346002B1DD1214802F09EFE0346184606F020FD14A3D3E9002306F0E5FF03466C
S32D0000CA30002B0ED11A4802F08FFE0346184606F011FD0DA3D3E9002306F0D6FF0346002B01D0012300E000237C
S32D0000CA58002B00D0C0E7FFF7F7FE00BF2437BD4690BD00BFAFF3008075524D20983E4440CDCCCCCCCCCC084039
S32D0000CA805E3636420000B4430417002008170020F4160020FC160020E8160020EC160020F016002080B582B0E2
S32D0000CAA800AF786039607B68012B2BD13B684FF6FF72934226D10821144802F039FE0021134802F035FE01219F
S32D0000CAD0124802F031FE0221114802F02DFE114A0021114800F084FB0E4A01210F4800F07FFB05210E4802F037
S32D0000CAF84DFB19210D4802F049FB0D4A02210D4800F072FB00BF0837BD4680BDE4160020E8160020EC1600203F
S32D0000CB20F016002000001041F4160020FC16002004170020081700206666E6400C17002080B500AF4FF6FF71CC
S32D0000CB480120FFF7ABFF80BD80B500AF0F4BD3F8A03003F48053002B14BF01230023DBB2002B10D0094BD3F822
S32D0000CB70A030084A23F48053C2F8A030064806F087FA064B1B68054A23F40053136000BF80BD00BF00C004407D
S32D0000CB986C1A0020C0F00F4080B400AF124B4FF480725A63114B5B69104A43F4005353610E4B1B680D4A43F476
S32D0000CBC0005313600A4B0C4A1A630C4BD3F888310A4A43F08063C2F88831084B9B68074A43F08063936000BF32
S32D0000CBE8BD4680BC704700BF00C00440C0F00F4003010A0000E100E080B400AF334B00225A70324B98221A708A
S32D0000CC10304B9B79DBB203F01003002B14BF01230023DBB2002B00D0F2E72A4B9B79DBB29B08DBB203F00303EF
S32D0000CC38022B14BF01230023DBB2002B00D0F0E7224B18221A71214B00225A71204B03F580531A461F4B5364E6
S32D0000CC601C4B54225A711B4B9B79DBB203F02003002B0CBF01230023DBB2002B00D0F2E7144B9B79DBB203F050
S32D0000CC884003002B0CBF01230023DBB2002B00D0F2E70E4B1B78DBB20C4A03F03F03DBB213700A4B9B79DBB293
S32D0000CCB09B08DBB203F00303032B14BF01230023DBB2002B00D0F0E700231846BD4680BC704700BF00400640CA
S32D0000CCD8007004400000130180B500AF314B03F580539B6B2F4A43F4785302F580529363FFF752FFFFF780FF3F
S32D0000CD002B4B58221A602A4B1B684FF47A7202FB03F3284A1360274B1B681A46234B03F580535B6C1B0E03F02B
S32D0000CD280F030133B2FBF3F31A46214B1A601D4B03F58053DB6B1B4A43F0225302F58052D363184B03F580530B
S32D0000CD501B6B164A43F0006302F580521363174B4FF480721A61642002F05AF8134B5B69124A23F010035361C8
S32D0000CD78104B00221A600F4B10225A610E4803F0F9F902F0CDFD02F02BFE0C4802F0A6F80B4806F0CDF94FF407
S32D0000CDA0FA6002F051F900BF80BD00BF00700440401900203C1900204419002000D00340F41900203819002044
S32D0000CDC8DC1A002080B500AFFFF7B9FA00BF80BD80B500AFFFF7B3FA00BF80BD80B500AFFFF7ADFA00BF80BD9E
S32D0000CDF080B500AFFFF7A7FA00BF80BD80B500AFFFF7A1FA00BF80BD80B500AFFFF79BFA00BF80BD80B500AFDE
S32D0000CE18FFF795FA00BF80BD80B500AFFFF78FFA00BF80BD80B500AFFFF789FA00BF80BD80B500AFFFF783FA5C
S32D0000CE4000BF80BD80B500AFFFF77DFA00BF80BD80B500AFFFF777FA00BF80BD80B500AFFFF771FA00BF80BDF3
S32D0000CE6880B500AFFFF76BFA00BF80BD80B500AFFFF765FA00BF80BD80B500AFFFF75FFA00BF80BD80B500AF19
S32D0000CE90FFF759FA00BF80BD80B500AFFFF753FA00BF80BD80B500AFFFF74DFA00BF80BD80B500AFFFF747FAD4
S32D0000CEB800BF80BD80B500AFFFF741FA00BF80BD80B500AFFFF73BFA00BF80BD80B500AFFFF735FA00BF80BD2F
S32D0000CEE080B500AFFFF72FFA00BF80BD80B500AFFFF729FA00BF80BD80B500AFFFF723FA00BF80BD80B500AF55
S32D0000CF08FFF71DFA00BF80BD80B500AFFFF717FA00BF80BD80B500AFFFF711FA00BF80BD80B500AFFFF70BFA4B
S32D0000CF3000BF80BD80B500AFFFF705FA00BF80BD80B500AFFFF7FFF900BF80BD80B500AFFFF7F9F900BF80BD6C
S32D0000CF5880B500AFFFF7F3F900BF80BD80B500AFFFF7EDF900BF80BD80B500AFFFF7E7F900BF80BD80B500AF93
S32D0000CF80FFF7E1F900BF80BD80B500AFFFF7DBF900BF80BD80B500AFFFF7D5F900BF80BD80B500AFFFF7CFF9C7
S32D0000CFA800BF80BD80B500AFFFF7C9F900BF80BD80B500AFFFF7C3F900BF80BD80B500AFFFF7BDF900BF80BDA9
S32D0000CFD080B500AFFFF7B7F900BF80BD80B500AFFFF7B1F900BF80BD80B500AFFFF7ABF900BF80BD80B500AFCF
S32D0000CFF8FFF7A5F900BF80BD80B500AFFFF79FF900BF80BD80B500AFFFF799F900BF80BD80B500AFFFF793F93F
S32D0000D02000BF80BD80B500AFFFF78DF900BF80BD80B500AFFFF787F900BF80BD80B500AFFFF781F900BF80BDE4
S32D0000D04880B500AFFFF77BF900BF80BD80B500AFFFF775F900BF80BD80B500AFFFF76FF900BF80BD80B500AF0A
S32D0000D070FFF769F900BF80BD80B500AFFFF763F900BF80BD80B500AFFFF75DF900BF80BD80B500AFFFF757F9B6
S32D0000D09800BF80BD80B500AFFFF751F900BF80BD80B500AFFFF74BF900BF80BD80B500AFFFF745F900BF80BD20
S32D0000D0C080B500AFFFF73FF900BF80BD80B500AFFFF739F900BF80BD80B500AFFFF733F900BF80BD80B500AF46
S32D0000D0E8FFF72DF900BF80BD80B500AFFFF727F900BF80BD80B500AFFFF721F900BF80BD80B500AFFFF71BF92E
S32D0000D11000BF80BD80B500AFFFF715F900BF80BD80B500AFFFF70FF900BF80BD80B500AFFFF709F900BF80BD5B
S32D0000D13880B500AFFFF703F900BF80BD80B500AFFFF7FDF800BF80BD80B500AFFFF7F7F800BF80BD80B500AF83
S32D0000D160FFF7F1F800BF80BD80B500AFFFF7EBF800BF80BD80B500AFFFF7E5F800BF80BD80B500AFFFF7DFF8A9
S32D0000D18800BF80BD80B500AFFFF7D9F800BF80BD80B500AFFFF7D3F800BF80BD80B500AFFFF7CDF800BF80BD9A
S32D0000D1B080B500AFFFF7C7F800BF80BD80B500AFFFF7C1F800BF80BD80B500AFFFF7BBF800BF80BD80B500AFC0
S32D0000D1D8FFF7B5F800BF80BD80B500AFFFF7AFF800BF80BD0000000080B584B000AFF8600B467A60FB72FB68A2
S32D0000D200FA7A1A71FB6800225A711749786806F093FF0346002B02D0134B7B600AE04FF07E51786806F074FF29
S32D0000D2280346002B02D04FF07E537B60786806F015F909A3D3E9002306F068F902460B461046194606F05AFC47
S32D0000D2500246FB681A60FB6818461037BD4680BDABAAAAAAAAAA20400000404180B582B000AF78607B685B79C0
S32D0000D278002B09D07B6800225A717B6819791E230022034801F064FE00BF0837BD4680BD3819002080B584B026
S32D0000D2A000AF786039603B687F2B02DD7F23FB7308E03B6813F1800F02DA8023FB7301E03B68FB737B685B7950
S32D0000D2C8FA7B9A4209D07B68FA7B5A717B681979FA7B1E23034801F03BFE00BF1037BD4680BD00BF38190020D5
S32D0000D2F0B0B584B000AF786039603749386806F0FDFE0346002B02D0334B3B6008E03349386806F011FF034694
S32D0000D318002B01D02F4B3B60386806F09FF804460D467B681B68184606F098F84FF00002294B06F015FA0246C0
S32D0000D3400B462046294606F0E5F802460B461046194606F0D7FB03463B604FF00001386806F0E0FE0346002BA4
S32D0000D36810D0386806F07AF817A3D3E9002306F0CDF802460B461046194606F077FB0346FB6018E0386806F073
S32D0000D39069F84FF00002134B06F0BCF802460B46104619464FF000020D4B06F0DDF902460B461046194606F0CE
S32D0000D3B85DFB0346FB60F9687868FFF76BFF00BF1037BD46B0BD00BF52B81E85EB51F43F0000C8C20000C842C5
S32D0000D3E0000059400000604080B483B000AF03460A46FB711346BB71BB79002B03D1134B00221A7002E0114BCB
S32D0000D40801221A703823FB710E4B1A78FB791343FB710D4B9B78DBB20B4A43F01003DBB29370094B9B78DBB24A
S32D0000D430074A43F02003DBB29370054AFB79137100BF0C37BD4680BC704700BF141700200060064080B483B041
S32D0000D45800AF01237B607B68312B04DC00BF7B6801337B60F7E700BF0C37BD4680BC704780B582B000AF0346F3
S32D0000D4800A46FB711346BB71134B1B7800211846FFF7AAFF00F024F8104AFB79137100F01FF80E4ABB791371B9
S32D0000D4A800F01AF80B4B9B78DBB20A4A23F02003DBB29370074B9B78DBB2064A23F01003DBB29370FFF7C2FF95
S32D0000D4D000BF0837BD4680BD151700200060064080B483B000AF174B1B78002B24D100237B60154BDB78DBB295
S32D0000D4F803F00203002B0CBF01230023DBB2002B0DD07B6842F21072934203DD0B4B01221A7004E07B680133F0
S32D0000D5207B6000BFE5E7084BDB78DBB2064A43F00203DBB2D37000E000BF0C37BD4680BC704700BF1617002008
S32D0000D5480060064080B582B000AF0346FB71FB79184600F05FF800BF0837BD4680BD80B582B000AF03460A463E
S32D0000D570FB711346BB7100F035F8FB795B00DBB21846FFF7E3FFBB791846FFF7DFFF00F037F800BF0837BD4667
S32D0000D59880BD80B500AFFF2000F03CF80346184680BD80B584B000AF0346FB7100F016F8FB795B005BB243F043
S32D0000D5C001035BB2DBB21846FFF7C0FFFFF7E5FF0346FB7300F014F8FB7B18461037BD4680BD000080B400AFC1
S32D0000D5E8044B9B68034A43F48013936000BFBD4680BC704740F00F4080B400AF044B5B68034A43F480135360C6
S32D0000D61000BFBD4680BC704740F00F4080B485B000AF0346FB710023BB73164BDB6A03F00043012B0CBF0123A3
S32D0000D6380023DBB2002B03D0FB7B0133FB73F0E70E4BDB6A0D4A43F00043D3620B4AFB7953630A4BDB6A03F477
S32D0000D6600033002B0CBF01230023DBB2002B00D0F3E7044B9B6BBB73BB7B18461437BD4680BC704700C00A4068
S32D0000D68880B582B000AF204B03F580531B6B1E4A43F4805302F5805213631C4B4FF480721A651B4B5B691A4A48
S32D0000D6B043F480135361FFF7A3FF164B4FF400725A65144B4FF400729A65124B4FF40072DA65124B124A1A60CA
S32D0000D6D8104B124ADA6000237B607B68092B06DCFF20FFF72FFF7B6801337B60F5E704A1D1E9000101F0DAFC04
S32D0000D70000BF0837BD4680BD9A9999999999B93F0070044000A0044040F00F4000C00A40000C00800500003E3E
S32D0000D72890B486B000AFF860B9607A60FB68534A93420AD1524B03F580535B6B504A43F4806302F5805253634E
S32D0000D75045E0FB684D4A93420AD14B4B03F580535B6B494A43F4006302F58052536336E0FB68474A93420AD14F
S32D0000D778434B03F580535B6B414A43F4805302F58052536327E0FB68404A93420AD13C4B03F580535B6B3A4A10
S32D0000D7A043F4005302F58052536318E0FB683A4A93420AD1344B03F580539B6A324A43F4806302F58052936220
S32D0000D7C809E02F4B03F580539B6A2D4A43F4006302F580529362FB68DB78DBB223F00C03DAB2FB68DA70FB6830
S32D0000D7F000229A70BB684FF47A7203FB02F27B681B0192FBF3F39CB2FB681B78DBB223F01F03FB75230A9BB239
S32D0000D818DBB203F01F03DAB2FB7D1343DAB2FB681A70E2B2FB685A70BB684FF4FA4203FB02F27B681B0192FB8C
S32D0000D840F3F39AB263019BB2D31A9CB2FB689B7ADBB223F01F03FB75E3B203F01F03DAB2FB7D1343DAB2FB68FF
S32D0000D8689A72FB68DB78DBB243F00C03DAB2FB68DA7000BF1837BD4690BC704700A006400070044000B0064024
S32D0000D89000C0064000D0064000A00E4080B483B000AF78607B681B79DBB203F02003002B0CBF01230023DBB28E
S32D0000D8B8002B00D0F2E77B68DB79DBB218460C37BD4680BC704780B483B000AF78600B46FB707B681B79DBB265
S32D0000D8E05BB2DB43DBB2DB09DBB2002B00D0F4E77B68FA78DA7100BF0C37BD4680BC704780B487B000AFF86011
S32D0000D908B9607A60FB687B617B685A1E7A60002B14BF01230023DBB2002B06D07B695A1C7A61BA68D2B21A7052
S32D0000D930EEE700BF1C37BD4680BC704780B584B000AF786039607B681B6BFB60FA683B689A4252D07B681B7925
S32D0000D958002B35D07B6858787B6803F134010123FA6801F0F7F80346002B14BF01230023DBB2002B01D0012311
S32D0000D9803CE07B6800221A717B685A6A7B681B6A1344FA689A4217D27B68DB78FB72FB7A012B11D97B681B6AAA
S32D0000D9A8FA681344FB607B6858787B6803F134010123FA6801F0CEF8FB7A013BFB72EAE73B68002B15D07B68BC
S32D0000D9D058787B6803F1340101233A6800F0DAFF0346002B14BF01230023DBB2002B01D0012303E07B683A681B
S32D0000D9F81A63002318461037BD4680BD80B584B000AF786000217868FFF794FF0346FB73FB7B002B40F0938067
S32D0000DA207B681B78032B7DD17B685B79002B79D07B6800221A637B6834334FF4007200211846FFF75DFF7B6886
S32D0000DA48552283F832227B68AA2283F833227B68522283F834207B68522283F835207B68612283F836207B6884
S32D0000DA70412283F837207B68722283F818227B68722283F819227B68412283F81A227B68612283F81B227B68FC
S32D0000DA981B69DAB27B6883F81C227B681B699BB21B0A9BB2DAB27B6883F81D227B681B691B0CDAB27B6883F8ED
S32D0000DAC01E227B681B691B0EDAB27B6883F81F227B68DB68DAB27B6883F820227B68DB689BB21B0A9BB2DAB27A
S32D0000DAE87B6883F821227B68DB681B0CDAB27B6883F822227B68DB681B0EDAB27B6883F823227B6858787B68E0
S32D0000DB1003F134017B685A69012301F01FF87B6800225A717B685B7800220021184601F0E1F80346002B14BFB4
S32D0000DB3801230023DBB2002B01D00123FB73FB7B18461037BD4680BD80B582B000AF78600B467B807B68002BBA
S32D0000DB6008D07B681B78002B04D07B68DB887A889A4201D0092311E07B685B78184601F03BF9034603F00103BF
S32D0000DB88002B14BF01230023DBB2002B01D0032300E0002318460837BD4680BD80B586B000AF78607B681A6844
S32D0000DBB07B689B8819461046FFF7CAFF0346FB75FB7D002B40F0AC807B689B7903F02003002B00F0A5807B68E5
S32D0000DBD89B7903F04003002B1BD07B681B6858787B6803F128017B689A69012300F0B2FF0346002B14BF012373
S32D0000DC000023DBB2002B01D001238AE07B689B7923F04003DAB27B689A717B681A687B68DB6919461046FFF7BE
S32D0000DC2889FE0346FB75FB7D002B75D17B681B6A3B613B690B331A783B690B3342F02002D2B21A707B68DA68C4
S32D0000DC503B691C33D2B21A707B68DB689BB21B0A9AB23B691D33D2B21A707B68DB681A0C3B691E33D2B21A7070
S32D0000DC787B68DB681A0E3B691F33D2B21A707B681A693B691A33D2B21A707B681B699BB21B0A9AB23B691B33B0
S32D0000DCA0D2B21A707B681B691A0C3B691433D2B21A707B681B691B0C9BB21B0A9AB23B691533D2B21A70002359
S32D0000DCC8FB603B691633FA68D2B21A70FB689BB21B0A9AB23B691733D2B21A70FB681A0C3B691833D2B21A70D3
S32D0000DCF0FB681A0E3B691933D2B21A707B689B7923F02003DAB27B689A717B681B6801221A717B681B681846FE
S32D0000DD18FFF774FE0346FB75FB7D18461837BD4680BD80B584B000AF78607868FFF736FF0346FB73FB7B002B04
S32D0000DD4002D17B6800221A60FB7B18461037BD4680BD000080B588B000AF7860396080233B610F23FB604FF070
S32D0000DD68FF337B610223FB61FB69B3F5807F23D80123BB61BB69102B1AD8FB69BA6902FB03F33A6803FB02F259
S32D0000DD907B68D31ABB60BB68002B09DBBB687A699A4205D9BB687B61FB693B61BB69FB60BB690133BB61E1E7CE
S32D0000DDB8FB695B00FB61D7E71D4BDB6A1C4A23F00803D3621A4BDB6A23F47F2323F47F63BB613B695B081B0262
S32D0000DDE09AB2FB68013B1B01DBB21A43BB691343114A43F46023D3620F4B5B6A03F00803002B0CBF0123002306
S32D0000DE08DBB2002B03D00A2001F01AF9F0E7084BDB6A074A43F00803D362054B1B6B044A43F48013136300BFDD
S32D0000DE302037BD4680BD00BF00100B4080B582B000AF786039607B6800221A60414B424ADA62404BDB6A03F0F6
S32D0000DE588073002B14BF01230023DBB2002B00D0F3E73A4B0022C3F8C020384B4FF481325A60364B28229A62C6
S32D0000DE80344B4FF001125A643B689B6833491846FFF760FF2F4B5B6A03F00303002B14BF01230023DBB2002BDB
S32D0000DEA800D0F3E72C4B40F243421A602A4B40F243425A60284B4FF488629A60264B40F24342DA60244B40F277
S32D0000DED043421A61224B40F243425A61214B03F580531B6B1F4A43F4003302F580521363184B4FF6FF721A63E0
S32D0000DEF8164B1B4A5A63154BDB6A144A43F00063D362124BDB6A03F00063002B14BF01230023DBB2002B00D0E6
S32D0000DF20F3E70C4B5B6A03F48033002B14BF01230023DBB2002B02D07B6801221A60054B1B6B044A43F080030A
S32D0000DF481363002318460837BD4680BD00100B400080000160CC050000D0044000700440B3007F0080B400AF4B
S32D0000DF70064B5A6A40F207331340002B14BF01230023DBB21846BD4680BC704700100B4080B485B000AF78603E
S32D0000DF98074B1B6B7A681340FB60FB68002B00D1F6E7FB6818461437BD4680BC704700BF00100B4080B584B032
S32D0000DFC000AF78607B681B7803F03F03764A52F82330FB60FB68002B05D17B681B78002B01D00123DCE0714BD7
S32D0000DFE81B6B704A43F0800313636E4B5B6A03F00103002B14BF01230023DBB2002B00D0F3E7684A7B685B682B
S32D0000E0109360FB6823F44003FB607B685B789B0503F44003FA681343FB607B685B78022B03D1FB6843F40013D0
S32D0000E038FB607B685B78042B16D1FB6803F44033B3F5003F08D1FB6823F44033FB60FB6843F44033FB6007E06F
S32D0000E060FB6823F44033FB60FB6843F40033FB604E4B5B684D4A9BB253607B68DB68002B2AD0FB6803F4403317
S32D0000E088B3F5403F03D0FB6843F40013FB607B681B7A002B03D0FB6843F01003FB607B68DB68012B03D9FB685D
S32D0000E0B043F02003FB607B68DB68B3F1FF3F0BD03A4B5A687B68DB681B04384913434B60FB6843F00203FB60AA
S32D0000E0D8344B00221A60334AFB68D3603248FFF753FF0346012B14BF01230023DBB2002B09D02C4B1B6B2B4A98
S32D0000E10043F4702343F001031363012348E0274B1B6B03F08003002B14BF01230023DBB2002B07D0214B1B6BFA
S32D0000E128204A43F001131363012335E01D4B1B6B03F48033002B14BF01230023DBB2002B08D0184B1B6B174AB2
S32D0000E15043F0011313634FF0FF3321E0FB6803F44033002B15D0114B1A697B681A61FB6803F44033B3F5803F24
S32D0000E1780BD10C4B5A697B685A610A4B9A697B689A61084BDA697B68DA61064B1B6B054A43F001031363002305
S32D0000E1A018461037BD4680BD3CA8010000100B4001000E0080B592B000AF7860396000237B643B68BB63994BDF
S32D0000E1C87B637B6B002B02D140F601235FE3964B3B633B6B002B02D140F60B2357E33B6B1B68FB62FB6A002BF4
S32D0000E1F002D140F60B234EE37B6841F20932934200F23F837B68B3F5985F08D87B68032B00F01A837B68092BA8
S32D0000E21800F0098331E37B68A3F59853013B082B00F22B8301A252F823F000BF59E2000045E50000A1E7000027
S32D0000E2405BE5000099E50000BFE6000007E7000049E6000063E600007649786BFFF7EEFD78647B6C002B40F046
S32D0000E2681083002387F84330002387F82B30002387F82A30002387F82930002387F84230002387F828300023BB
S32D0000E2903B7200237B720023FB6000233B7400237B6107F108031846FFF788FE0346002B14BF01230023DBB25C
S32D0000E2B8002B02D001237B64E8E240F24C4000F0BFFE08233B7200237B724FF4D573FB6000233B7400237B6164
S32D0000E2E007F108031846FFF769FEF863FB6B002B09D1BA69FB689A4202D001237B64C9E2012387F84230012371
S32D0000E30887F8283097F82830002B00F0A58037233B7200237B720023FB6000233B7400237B6107F10803184622
S32D0000E330FFF744FEF863FB6B002B02D001237B64A8E269233B7200237B720023FB6000233B7400237B6107F1AC
S32D0000E35808031846FFF72EFE0346002B14BF01230023DBB2002B02D001237B648EE2BB6903F44013002B6FD0A9
S32D0000E3800023FB630A2000F05FFEFB6B0133FB6337233B7200237B720023FB6000233B7400237B6107F1080316
S32D0000E3A81846FFF707FE0346002B14BF01230023DBB2002B02D001237B6428E069233B7200237B7297F8423081
S32D0000E3D0002B02D0184BFB6002E04FF44013FB6000233B7400237B6107F108031846FFF7E5FD0346002B14BF40
S32D0000E3F801230023DBB2002B02D001237B6406E0BB69002B03DBFB6B632B00D8B6E77B6C002B40F03882FB6B45
S32D0000E420632B0BD9002387F8423019E02C1700203019002030A8010000003040012387F8433097F84230002BF8
S32D0000E4480AD0002387F84230BB6903F08043002B02D0012387F8423097F82A30002B02D07B6B07221A6097F8CE
S32D0000E4702930002B02D07B6B08221A6097F82B30002B02D07B6B04221A6097F84330002B09D07B6B02221A60A7
S32D0000E49897F84230002B02D07B6B03221A6097F82B30002B0DD097F84330002B09D07B6B05221A6097F8423053
S32D0000E4C0002B02D07B6B06221A60924B00221A60904B00225A608F4B00229A608D4B0022DA608C4B00221A61DB
S32D0000E4E88A4B00225A61FB6A9A68FB6A5B6819461046FFF72BFC854B40F243421A60834B40F243425A60814BE7
S32D0000E5104FF488629A607F4B40F24342DA607D4B40F243421A617B4B40F243425A617A4B03F580531B6B784AF1
S32D0000E53843F4003302F580521363A7E1B86BFFF739FDF863FB6B002B00F09F8102237B649BE1BB6B002B02D195
S32D0000E5600C237B6496E16D4BDB6A1B0A5B0003F4FF73FB63694BDB6A1B0903F00F035A1CFB6B02FB03F3FB6375
S32D0000E588FB6A9A68FB6BB2FBF3F2BB6B1A607DE1BB6B002B02D10C237B6477E1BB6B1B68002B02D10C237B64C9
S32D0000E5B070E1FFF7DBFC0346002B0CBF01230023DBB2002B3CD0534B00221A60514B00225A60504B00229A606C
S32D0000E5D84E4B0022DA604D4B00221A614B4B00225A61FB6A9A68BB6B1B6819461046FFF7ADFB464B40F24342CD
S32D0000E6001A60444B40F243425A60424B4FF488629A60404B40F24342DA603E4B40F243421A613C4B40F2434249
S32D0000E6285A613B4B03F580531B6B394A43F4003302F58052136329E140F60A237B6425E1BB6B002B02D10C2361
S32D0000E6507B641FE1314B5B68C3F30C02BB6B1A6018E1BB6B002B02D10C237B6412E1FFF77DFC0346002B0CBF4E
S32D0000E67801230023DBB2002B19D0BB6B1B68B3F5805F02D30C237B6400E1224B5B68214A23F4FF5323F01F035F
S32D0000E6A053601E4B5A68BB6B1B68C3F30C031B4913434B60EEE040F60A237B64EAE0BB6B002B02D10C237B648F
S32D0000E6C8E4E0144B9B6A5B0803F00303FB63FB6B002B03D1BB6B00221A60D7E0FB6B012B03D1BB6B01221A603B
S32D0000E6F0D0E0FB6B102B03D1BB6B02221A60C9E005237B64C6E0BB6B002B09D10C237B64C0E000BF00D0044011
S32D0000E7180070044000100B40FFF724FC0346002B0CBF01230023DBB2002B31D0BB6B1B68002B0AD1584B9B6A18
S32D0000E740574A23F006039362554B554A9B6A9362A0E0BB6B1B68012B0CD1514B9B6A504A23F0060393624E4BA9
S32D0000E7689B6A4D4A43F0020393628FE0BB6B1B68022B0AD1484B9B6A474A23F006039362454B454A9B6A936247
S32D0000E79080E005237B647DE040F60A237B6479E0BB6B002B02D10C237B6473E03C4BDB6A3B4A43F00063D3625B
S32D0000E7B8394BDB6A03F00063002B14BF01230023DBB2002B00D0F3E7334B1B6B03F08003002B14BF01230023AE
S32D0000E7E0DBB2002B08D02E4B1B6B2D4A43F0800313637B6B00221A60294B5B6A03F48033002B14BF012300232F
S32D0000E808DBB2002B07D07B6B1B68002B06D17B6B01221A6002E07B6B00221A607B6B1A68BB6B1A6032E0BB6BC1
S32D0000E8301C221A60BB6B043304221A60BB6B08334FF41E721A6025E00220FFF7A1FB144B1B6B03F4E003002BB4
S32D0000E85814BF01230023DBB2002B07D00E4B1B6B0D4A43F4E003136304237B640A4B1B6B094A43F03203136311
S32D0000E88008E040F609237B6404E000BF02E000BF00E000BF7B6C18464837BD4680BD00BF00100B4080B489B0D3
S32D0000E8A800AF786039607B687B61364B3B613B69002B01D100235FE03B691B68022B0BD03B691B68032B07D0E8
S32D0000E8D03B691B68072B03D03B691B68082B0BD12B4B5B6A03F00403002B14BF01230023DBB2002B00D0F3E7DC
S32D0000E8F83B68FB61FB69002B3DD0FB69B3F5007F28BF4FF40073FB60FB6803339B08BB61BB69002B2AD01C4BCC
S32D0000E9201B6B03F4E003002B14BF01230023DBB2002B09D0164B1B6B154A43F4E00343F02003136300231BE049
S32D0000E948114B5B6A03F40063002B0CBF01230023DBB2002B00D0F3E70B497B691A1D7A610A6A1A60BB69013BEF
S32D0000E970BB61D1E7FA69FB68D31AFB61BEE7012318462437BD4680BC704700BF2C17002000100B4080B58EB02E
S32D0000E99800AFB9607A601A460346FB731346BB73414B7B63FB7B002B02D1BB7B002B01D1042375E03D4B1B7869
S32D0000E9C0DBB203F00103002B14BF01230023DBB2002B01D0032367E0BB68002B01D1002362E07B6B1B7B002B3E
S32D0000E9E802D17B685B027B60BB7B012B28D111233B7500237B757B68BB6101233B77BB7B3B6207F114031946AB
S32D0000EA1041F20230FFF7CEFB0346002B0CBF01230023DBB2002B38D04FF40071B868FFF739FF0346002B14BF25
S32D0000EA3801230023DBB2002B2BD00023BB7328E012233B7500237B757B68BB6101233B77BB7B3B6207F11403AE
S32D0000EA60194641F20230FFF7A5FB0346002B0CBF01230023DBB2002B0FD0BB7B5B021946B868FFF70FFF0346B2
S32D0000EA88002B14BF01230023DBB2002B01D00023BB73BB7B002B01D0012300E0002300BF18463837BD4680BD1C
S32D0000EAB0181700200000002080B487B000AF786039607B68FB603B687B617B69002B3DD07B69B3F5007F28BF73
S32D0000EAD84FF400733B617A693B69D31A7B613B6903339B083B613B69002BEAD0184B1B6B03F4E003002B14BF0B
S32D0000EB0001230023DBB2002B0AD0134B1B6B124A43F4E00343F0100313634FF0FF3316E00D4B5B6A03F480639A
S32D0000EB28002B0CBF01230023DBB2002B00D0F3E7FB681A1DFA60064A1B6813623B69013B3B61D0E7012318462F
S32D0000EB501C37BD4680BC704700100B4080B58EB000AFB9607A601A460346FB731346BB735D4B7B63FB7B002B19
S32D0000EB7802D1BB7B002B01D10423ADE0594B1B78DBB203F00103002B14BF01230023DBB2002B01D003239FE087
S32D0000EBA0524B1B78DBB203F00403002B14BF01230023DBB2002B01D0022391E0BB68002B01D100238CE07B6B97
S32D0000EBC81B7B002B02D17B685B027B60BB7B012B28D118233B7500237B757B68BB6100233B77BB7B3B6207F178
S32D0000EBF01403194641F20230FFF7DCFA0346002B0CBF01230023DBB2002B38D04FF40071B868FFF751FF0346A7
S32D0000EC18002B14BF01230023DBB2002B2BD00023BB7328E019233B7500237B757B68BB6100233B77BB7B3B62D7
S32D0000EC4007F11403194641F20230FFF7B3FA0346002B0CBF01230023DBB2002B0FD0BB7B5B021946B868FFF70B
S32D0000EC6827FF0346002B14BF01230023DBB2002B01D00023BB730D233B7500237B757B6B1B69BB6100233B77A2
S32D0000EC9000233B6207F11403194641F20230FFF789FA0346002B14BF01230023DBB2002B01D0012314E07A6A37
S32D0000ECB80D4B1340002B01D001230DE07B6A03F4F853B3F5106F00D0D5E7BB7B002B01D0012300E0002300BF84
S32D0000ECE018463837BD4680BD18170020000000200880D9FF80B58CB000AF03463A60FB710B46BB713A4BBB629C
S32D0000ED08FB79002B01D0042369E0012387F82F30364B1B78DBB203F00103002B14BF01230023DBB2002B01D095
S32D0000ED30032358E0BB79032B50D801A252F823F051ED000059ED000069ED000079ED0000002387F82F3044E068
S32D0000ED58BB6A9A683B681A60002387F82F303CE03B684FF400721A80002387F82F3034E009233B7200237B723C
S32D0000ED80BB6A1B69FB6000233B7400237B6107F10803194641F20230FFF70CFA0346002B14BF01230023DBB2B2
S32D0000EDA8002B01D001231AE07B6A03F44003002B0CD13B6A9B0C03F07F035A1C7B6A1B0A03F00303013B9A40AC
S32D0000EDD03B681A60002387F82F3002E0042387F82F3097F82F3018463037BD4680BD00BF1817002000000020EF
S32D0000EDF880B483B000AF0346FB71FB79002B01D0012302E0034B1B78DBB218460C37BD4680BC70470000002087
S32D0000EE2080B483B000AF7860164B03F580539B6B144A43F0010302F580529363124A7B689360114B05225A60E1
S32D0000EE480F4B1B680E4A43F0010313600C4B1B6803F08003002B0CBF01230023DBB2002B00D0F3E7064B1B68FA
S32D0000EE70054A23F00103136000BF0C37BD4680BC704700BF007004400000044080B582B000AF786039607B6882
S32D0000EE98012B07D13B684FF6FF72934202D1034800F00EF800BF0837BD4680BD3819002080B500AF4FF6FF71BE
S32D0000EEC00120FFF7E3FF80BD80B483B000AF78607B6800221A707B6818460C37BD4680BC7047000080B582B090
S32D0000EEE800AF78607B681B7883F00103DBB2002B21D0134B03F580531A464FF400639362104B4FF440721A62EF
S32D0000EF100E4B4FF440725A620D4B1B68DA0F13445B104FF4614219460A48FEF7FDFB642000F08AF87B680122C3
S32D0000EF381A70012300E0002318460837BD4680BD0070044000D004403C19002000B00E4080B582B000AF7860F4
S32D0000EF60084611461A460346FB700B46BB7013467B707F210E48FEF7AAFC08210C48FEF7A6FCFB7819460A4841
S32D0000EF88FEF7A1FCBB7819460748FEF79CFC7B7819460548FEF797FCFF210348FEF793FC00BF0837BD4680BD07
S32D0000EFB000B00E4080B487B000AFF860B9607A60FB681F4AA2FB03239B09BA6813447B61FB681B4AA2FB0312CE
S32D0000EFD892094FF47A7101FB02F29B1AFB60FB68DB03154AA2FB03239B097A6813443B613B69DB0B7A691344A2
S32D0000F0007B613B69C3F30E033B610E4B1B687A699A4209D80B4B1B687A699A4206D1094B5B683A699A4201D9A4
S32D0000F028012300E00023002B00D0EAE700BF1C37BD4680BC704700BFD34D621000D0034080B584B000AF78606B
S32D0000F050074B1B68FB60064B5B68BB607B68BA68F9681846FFF7A6FF00BF1037BD4680BD00D0034080B584B012
S32D0000F07800AF78600B4B1B68FB600A4B5B68BB600949786804F098FE0346184605F080F80346BA68F968184682
S32D0000F0A0FFF788FF00BF1037BD4680BD00D0034000007A4480B584B000AFC7E900010E4B1B68FB600C4B5B6894
S32D0000F0C8BB604FF000020B4BD7E9000104F01EFA02460B461046194604F0F0FC0346BA68F9681846FFF762FFEC
S32D0000F0F000BF1037BD4680BD00D0034000408F4080B584B000AF134B1B68FB60114B5B68BB60F86804F084F92B
S32D0000F11802460B46C7E90023B86804F07DF94FF000020B4B04F01CFB02460B46D7E9000104F036F802460B461C
S32D0000F140C7E90023D7E90023104619461037BD4680BD00BF00D003400000E04080B483B000AF0B4B1B684FF48B
S32D0000F1687A7202FB03F37B60074B5B684FF47A7202FB03F3DB0B7A6813447B607B6818460C37BD4680BC704714
S32D0000F19000D0034080B584B000AF78600B46FB700B23FB73FA7BFB781946786800F094F87B6818461037BD46C8
S32D0000F1B880BD000080B485B000AF78607B68103B002B00DA1F335B11FB60FB68022B53D0FB68022B75DCFB68B9
S32D0000F1E0002B03D0FB68012B25D06EE0394BD3F880217B68103B594203F01F0301F01F0158BF4B42012101FA91
S32D0000F20803F332491343C1F88031304B1A687B68103B594203F01F0301F01F0158BF4B42012101FA03F3294992
S32D0000F23013430B6049E0274BD3F884217B68103B594203F01F0301F01F0158BF4B42012101FA03F31F49134380
S32D0000F258C1F884311D4B5A687B68103B594203F01F0301F01F0158BF4B42012101FA03F3164913434B6024E0E6
S32D0000F280144BD3F888217B68103B594203F01F0301F01F0158BF4B42012101FA03F30D491343C1F888310B4B73
S32D0000F2A89A687B68103B594203F01F0301F01F0158BF4B42012101FA03F3044913438B6000BF00BF1437BD4636
S32D0000F2D080BC704700E100E080B584B000AF78600B46FB701346BB707B68FA781A70BB78FB737B681B781A46D6
S32D0000F2F8574B9B5C042B00F2A68001A252F823F01DF3000069F30000B5F300004DF4000001F40000FB7B1B0429
S32D0000F32003F470234D497A68127810464C4A52F8202043F4897343F0010341F82230494B5A697B681B7819469C
S32D0000F348454B53F8213003F01F03012101FA03F3DB43424913404B616720FFF72BFF72E0FB7B1B0403F4702383
S32D0000F3703D497A6812781046394A52F8202043F4897343F0010341F82230384B5A697B681B781946324B53F842
S32D0000F398213003F01F03012101FA03F3DB43314913404B616820FFF705FF4CE0FB7B1B0403F470232C497A6813
S32D0000F3C012781046264A52F8202043F4897343F0010341F82230274B5A697B681B7819461F4B53F8213003F04D
S32D0000F3E81F03012101FA03F3DB43204913404B616920FFF7DFFE26E0FB7B1B0403F470231B497A681278104695
S32D0000F410134A52F8202043F4897343F0010341F82230164B5A697B681B7819460C4B53F8213003F01F030121CF
S32D0000F43801FA03F3DB430F4913404B616B20FFF7B9FE00E000BF00BF1037BD4680BD00BF3CA9010000900440AA
S32D0000F46080A9010000F00F4000A0044040F00F4000B0044080F00F4000D0044000F10F40B0B48BB000AF224BF0
S32D0000F4883C1D1D460FCD0FC495E80F0084E80F0000237B627B6A072B30DC1C4BD3F8A0207B6A9B0028333B4475
S32D0000F4B053F8243C012101FA03F31340002B14BF01230023DBB2002B18D0134A7B6A52F823305A1C10497B6AA5
S32D0000F4D841F823200D4BD3F8A0207B6A9B0028333B4453F8243C012101FA03F307491340C1F8A0307B6A01334A
S32D0000F5007B62CBE700BF2C37BD46B0BC704700BF84AA010000A0044068190020B0B489B000AF224B3C1D1D461E
S32D0000F5280FCD0FC495E8030084E803000023FB61FB69052B30DC1C4BD3F8A020FB699B0020333B4453F81C3C92
S32D0000F550012101FA03F31340002B14BF01230023DBB2002B18D0FB690833124A52F823200132104941F82320B2
S32D0000F5780D4BD3F8A020FB699B0020333B4453F81C3C012101FA03F307491340C1F8A030FB690133FB61CBE729
S32D0000F5A000BF2437BD46B0BC704700BFA4AA010000B0044068190020B0B48DB000AF234B3C461D460FCD0FC408
S32D0000F5C80FCD0FC495E8070084E807000023FB62FB6A0A2B30DC1C4BD3F8A020FB6A9B0030333B4453F8303CBE
S32D0000F5F0012101FA03F31340002B14BF01230023DBB2002B18D0FB6A0E33124A52F823200132104941F823200B
S32D0000F6180D4BD3F8A020FB6A9B0030333B4453F8303C012101FA03F307491340C1F8A030FB6A0133FB62CBE761
S32D0000F64000BF3437BD46B0BC704700BFBCAA01000090044068190020B0B487B000AF214B3C461D460FCD0FC467
S32D0000F6682B68236000237B617B69042B30DC1C4BD3F8A0207B699B0018333B4453F8183C012101FA03F3134000
S32D0000F690002B14BF01230023DBB2002B18D07B691933124A52F823200132104941F823200D4BD3F8A0207B697F
S32D0000F6B89B0018333B4453F8183C012101FA03F307491340C1F8A0307B6901337B61CBE700BF1C37BD46B0BCBA
S32D0000F6E0704700BFE8AA010000D004406819002080B483B000AF78607B681B781A46044B53F8223018460C37ED
S32D0000F708BD4680BC704700BF6819002080B483B000AF78607B681B781946044B002243F8212000BF0C37BD46C8
S32D0000F73080BC70476819002080B483B000AF78600B46FB707B68FA781A707B6818460C37BD4680BC7047000014
S32D0000F75880B586B000AF78607B681B781A463E4B53F822303B617B681B781A463B4B9B5CFB733B69DBB203F014
S32D0000F7801F03DAB2384B1A723B69DBB203F01F03DAB2354B5A72354B1022C3F88820FB7B002B13D130493248F3
S32D0000F7A800F05AFA304B1B6803F08003802B14BF01230023DBB2002B00D0F3E72A4B1B697B6112E026492948AD
S32D0000F7D000F046FA274B1B6803F08003802B14BF01230023DBB2002B00D0F3E7214B1B697B611E4BD3F8883190
S32D0000F7F81C4A43F01003C2F888311A4B9B68194A43F0100393607B699BB2184603F004FE0DA3D3E9002303F0BA
S32D0000F82079FE02460B46104619460BA3D3E9002303F09AFF02460B461046194604F062F90346BB60BB6818465A
S32D0000F8481837BD4680BD00BFA4703D0AD7A30A4000000000E0FFEF4000AA01005CA901004819002000E100E024
S32D0000F87000B0034000B00B4080B586B000AF78607B681B781A46234B53F822303B617B681B781A46204B9B5CD5
S32D0000F898FB733B69DBB203F01F03DAB21D4B1A723B69DBB203F01F03DAB21A4B5A72FB7B002B13D117491848C6
S32D0000F8C000F0CEF9164B1B6803F08003802B14BF01230023DBB2002B00D0F3E7104B1B697B6112E00D490F4888
S32D0000F8E800F0BAF90D4B1B6803F08003802B14BF01230023DBB2002B00D0F3E7074B1B697B617B691846183794
S32D0000F910BD4680BD00AA01005CA901005819002000B0034000B00B4098B500AF204B5C221A701F4B10225A7084
S32D0000F9381D4B41F234225A801B4B45F278629A80194B10229A71184B0722DA71164B4FF4C022DA60144B1F226D
S32D0000F9601A72134B1F225A721149124800F078F90F49114800F074F90F4800F0D2F80D4800F0CFF80A490C489B
S32D0000F98800F06AF90849094800F066F9094A064B14460FCB84E80F00064B5C221A70054B0422DA7100BF98BD8C
S32D0000F9B04819002000B0034000B00B405819002080B500AF064B1B680133054A136000F03DF8044B0122C3F829
S32D0000F9D80C2100BF80BD00BFEC1900200070034080B500AF0C4B01221A600C4800F01AF8094B0322C3F80821B6
S32D0000FA00094BD3F88831084A43F01003C2F88831054B9B68044A43F01003936000BF80BD00700340A086010045
S32D0000FA2800E100E080B483B000AF7860044A7B68C2F8003100BF0C37BD4680BC704700BF0070034080B584B012
S32D0000FA5000AF174B1B68FB60FB68002B24D0FB685B78FB71FB689B68184600F023F80346BB71BB79002B13D0EF
S32D0000FA78FB685B68012B0FDDFB689B681B69BB60BB68002B08D0BB685B685A1CBB685A60BB681B69BB60F3E722
S32D0000FAA0FB68DB68FB60D7E700BF1037BD4680BDE819002080B584B000AF78607868FFF7DBFEF8607B689B6934
S32D0000FAC85B78FB72FB7A002B0FD17B68DB68FA689A420ADD7B689B6901225A707B685B685A1C7B685A60012354
S32D0000FAF013E0FB7A012B0FD17B689B68FA689A420ADA7B689B6900225A707B685B685A1C7B685A60012300E0DC
S32D0000FB18002318461037BD4680BD80B485B000AF78607B681B6A23F040027B681A627B685B6A23F00B027B6800
S32D0000FB405A627B685B6A43F007027B685A627B685B6A43F080027B685A627B681B6803F08003002B0CBF012366
S32D0000FB680023DBB2002B00D0F3E77B685B6A03F04003402B0CBF01230023DBB2002B01D0012364E00023FB81FF
S32D0000FB907B68DB6CFB817B689B6C9AB2FB891344FB817B685B6C9AB2FB891344FB817B681B6C9AB2FB89134436
S32D0000FBB8FB817B68DB6B9AB2FB891344FB817B689B6B9AB2FB891344FB81FB895B08FB81FB896FEA43436FEA2C
S32D0000FBE05343FB81FA897B68DA620023FB817B68DB6EFB817B689B6E9AB2FB891344FB817B685B6E9AB2FB89F1
S32D0000FC081344FB817B681B6E9AB2FB891344FB817B68DB6D9AB2FB891344FB817B689B6D9AB2FB891344FB8190
S32D0000FC30FB895B08FB81FB896FEA43436FEA5343FB81FA897B681A637B685B6A23F080027B685A620023184635
S32D0000FC581437BD4680BC704780B483B000AF786039603B681B781A467B689A603B685B781A467B68DA603B68AD
S32D0000FC805B881A467B689A613B689B881A467B68DA613B689B791A467B681A623B68DB791A467B685A623B68E2
S32D0000FCA8DA687B681A653B681B7A1A467B681A603B685B7A1A467B685A6000BF0C37BD4680BC704780B483B0C1
S32D0000FCD000AF78607B6818460C37BD4680BC704780B582B000AF786039607B68012B07D13B684FF6FF72934269
S32D0000FCF802D10348FFF7E6FF00BF0837BD4680BDF019002080B500AF4FF6FF710120FFF7E3FF80BD80B582B048
S32D0000FD2000AF7860B84B4FF48072DA60B74B4FF480729A64B54B4FF480721A64B34B4FF480725A64B14B4FF4A4
S32D0000FD488072DA60B04B5B69AF4A43F008035361AE4B5B69AD4A43F480235361AB4B5B69AA4A43F48033536129
S32D0000FD70A84B5B69A74A43F400335361A54B1B68A44A43F008031360A24B5B69A14A43F0080353619E4B1B6893
S32D0000FD989D4A43F0080313609A4B4FF480725A62984B4FF480721A62954B4FF480721A61934B4FF480725A61DD
S32D0000FDC0914B4FF480729A618F4B4FF48072DA618D4B4FF480721A638B4B4FF480725A63894B4FF480729A6367
S32D0000FDE8874B4FF48072DA63854B4FF480721A64834B4FF480725A64814B4FF480729A647F4B4FF48072DA6429
S32D0000FE10814B4FF480721A607F4B4FF480729A607D4B4FF48072DA607B4B4FF480721A61784B5B69774A43F424
S32D0000FE3840735361744B5B69734A43F47F2343F0F0035361734B5B69724A43F01D035361E221786800F0CEFD5F
S32D0000FE601D21786800F070FE0221786800F06CFE0421786800F068FEE021786800F0BEFD0121786800F060FE64
S32D0000FE886420FFF7DDF8E021786800F0B3FD0321786800F055FE0121786800F0ABFD0120FFF7CEF8E6217868D7
S32D0000FEB000F0A4FD0121786800F046FEA021786800F042FEFF21786800F03EFEB021786800F094FD1C21786811
S32D0000FED800F036FE0F21786800F032FE0121786800F02EFE3F21786800F02AFE0021786800F026FEEF2178682D
S32D0000FF0000F022FE0021786800F01EFEB421786800F074FD0121786800F016FE9921786800F012FE00217868FF
S32D0000FF2800F00EFE4521786800F00AFE0221786800F006FE0021786800F002FE0021786800F0FEFD002178689C
S32D0000FF5000F0FAFDB621786800F050FD0121786800F0F2FD0921786800F0EEFD0021786800F0EAFD0E217868FB
S32D0000FF7800F0E6FD0221786800F0E2FD0021786800F0DEFD0021786800F0DAFDBA21786800F030FD0F2178683A
S32D0000FFA000F0D2FD6420FFF74FF83A21786800F025FD6021786800F0C7FD2A21786800F01DFD0021786800F02B
S32D0000FFC8BFFD0021786800F0BBFD0121786800F0B7FD3F21786800F0B3FD2B21786800F009FD0021786800F00D
S32D0000FFF0ABFD0021786800F0A7FD0021786800F0A3FDEF2178680BE000B0044000A0044080F00F4040F00F4024
S32D0001001800C00440C0F00F4000F092FD3621786800F0E8FC0021786800F08AFDF021786800F0E0FC04217868F2
S32D0001004000F082FDB821786800F0D8FC0F21786800F07AFD0121786800F076FD314B1B68304A43F0080313609F
S32D000100686420FEF7EDFF3621786800F0C3FC0021786800F065FDF021786800F0BBFC0421786800F05DFD0121C2
S32D00010090786800F0BCF91E226F21786800F082F8AF225621786800F0DBF80021786800F00AFA012301221C4916
S32D000100B8786800F02BFA2921786800F09BFC6420FEF7BEFFBE21786800F094FC0E21786800F036FDF0217868DB
S32D000100E000F032FD0121786800F02EFD0021786800F02AFD0021786800F026FD0F21786800F022FD786800F09A
S32D0001010828FA0121786800F0DAF90021786800F0AFF900BF0837BD4680BD00BF40F00F40FCAA010080B582B0BE
S32D0001013000AF78607B680022DA617B6801221A627B680E225A607B681A229A607B6800225A617B6800229A61B1
S32D000101587B684FF4A072DA607B68F0221A617B6800221A70786801F01FFA7B6818460837BD4680BD80B582B0F6
S32D0001018000AF7860064B1B78002B05D1044B01221A707868FFF7C2FD00BF0837BD4680BD381A002080B58AB034
S32D000101A802AFF860B9607A607E23009362237A68B968F86800F0B3FE40F24E733B610023FB61FA693B699A427E
S32D000101D040DA0023BB61214AFB6913441B781A46BB69934232DAFB6901331C4AD35C002B06D1FF23FB75FF23A6
S32D000101F8BB75FF237B7512E0FB690133154AD35C012B06D1D423FB750023BB7526237B7505E0B523FB75BA237E
S32D00010220BB75B0237B757B7DBA7DF97DF86800F0C9F80246FB68DA61F86801F0B9F9F86801F0F2F8BB6901338A
S32D00010248BB61C4E7FB690233FB61BAE700BF2037BD4680BD0400002080B58AB002AFF860B9607A602723009368
S32D0001027095237A68B968F86800F055FE40F2E6333B610023FB61FA693B699A4240DA0023BB61214AFB69134439
S32D000102981B781A46BB69934232DAFB6901331C4AD35C002B06D1FF23FB75FF23BB75FF237B7512E0FB69013390
S32D000102C0154AD35C012B06D10023FB750023BB7500237B7505E0D423FB750023BB7526237B757B7DBA7DF97D08
S32D000102E8F86800F06BF80246FB68DA61F86801F05BF9F86801F094F8BB690133BB61C4E7FB690233FB61BAE717
S32D0001031000BF2037BD4680BD5407002080B485B000AF78600B46FB70FB78062B29D801A252F823F0590301003F
S32D00010338510301005F030100670301006F030100750301007D0301006FF07F43FB6014E00023FB6011E04FF4E4
S32D000103607F03FB600DE04FF47F43FB6009E0FF23FB6006E04FF41903FB6002E0044BFB6000BFFB6818461437E7
S32D00010388BD4680BC704700BF9999990080B584B000AF786039603B681B0CFB733B681B0ABB733B687B737B7B88
S32D000103B0BA7BF97B786800F005F8034618461037BD4680BD80B487B000AF7860084611461A460346FB700B467E
S32D000103D8BB7013467B70FB789B08DBB27B61BB789B08DBB23B617B789B08DBB2FB607B691A033B699B011A43ED
S32D00010400FB68134318461C37BD4680BC704780B582B000AF78600B46FB70FB7819467868FFF77CFF03461946F8
S32D00010428786800F004F800BF0837BD4680BD80B582B000AF7860396039687868FFF7A6FF02467B681A62786871
S32D0001045001F0AEF8786800F00FFC00BF0837BD4680BD80B582B000AF7860786800F004FC00BF0837BD4680BDD1
S32D0001047880B582B000AF78600B46FB70FB7819467868FFF747FF03461946786800F004F800BF0837BD4680BD0B
S32D000104A080B582B000AF7860396039687868FFF771FF02467B681A62786801F079F800BF0837BD4680BD80B563
S32D000104C882B000AF78600B46FB70FB7819467868FFF720FF03461946786800F004F800BF0837BD4680BD80B5E2
S32D000104F082B000AF7860396039687868FFF74AFF02467B68DA61786801F052F800BF0837BD4680BD80B586B0A1
S32D0001051800AFF860B9607A603B6000237B617B69BA6813441B78002B0FD07B69BA6813441B783A687968F86853
S32D0001054000F030FE7B680C337B607B6901337B61E9E700BF1837BD4680BD80B582B000AF7860FDF791F867216C
S32D000105680120FCF7FCFF00210220FCF7F8FFA0210320FCF7F4FF50210420FCF7F0FF20210520FCF7ECFF202162
S32D000105900620FCF7E8FF77210720FCF7E4FF00210820FCF7E0FF00210920FCF7DCFF00210A20FCF7D8FF04213A
S32D000105B80B20FCF7D4FF7B684FF0FF32DA637B684FF0FF321A6400BF0837BD4680BD000080B586B000AFF86012
S32D000105E0B9607A600020FCF7E0FF0346FB75FB7D03F00203002B00F0CE80FCF7F3FFE020FCF7A4FF0220FEF7E3
S32D000106081FFDFCF7F9FF0120FEF71AFDFCF7E6FFA520FCF797FF0120FEF712FDFCF7B9FF03469BB21B02BB82A9
S32D00010630FCF7B3FF03469AB2BB8A1343BB82FCF7ACFF03469BB21B027B82FCF7A6FF03469AB27B8A13437B82B6
S32D00010658BB8A1B09BB827B8A1B097B82FCF7CCFFFB68DB6BB3F1FF3F34D1FB681B6CB3F1FF3F2FD1BA8AFB68E6
S32D00010680DA637A8AFB681A647B8AC3F57F630F337B82BB8A184602F0D3FE49A3D3E9002302F038FF02460B4658
S32D000106A81046194603F02AFA0246BB681A607B8A184602F0C1FE42A3D3E9002302F026FF02460B461046194635
S32D000106D003F018FA02467B681A605AE0FB68DA6BBB8AD31A1946F86800F074F80346632B0CDCFB681A6C7B8A75
S32D000106F8D31A1946F86800F069F80346632B01DC012300E00023002B2FD0BA8AFB68DA637A8AFB681A647B8A03
S32D00010720C3F57F630F337B82BB8A184602F088FE23A3D3E9002302F0EDFE02460B461046194603F0DFF90246D3
S32D00010748BB681A607B8A184602F076FE1CA3D3E9002302F0DBFE02460B461046194603F0CDF902467B681A6007
S32D000107700FE0BB68164A1A607B68154A1A60FB684FF0FF32DA63FB684FF0FF321A64002310E001230EE0BB6809
S32D000107980D4A1A607B680C4A1A60FB684FF0FF32DA63FB684FF0FF321A64002318461837BD4680BDAFF300801B
S32D000107C0144001144001B43F1EE0011EE001AE3F000080BF80B483B000AF786039603B68002B02DA3B685B42D2
S32D000107E83B603B6818460C37BD4680BC704780B584B000AF786039600023FB60786800F0FAFAFB683A681344E6
S32D000108101B78002B12D07B6859697B689869FB683A6813441B780246786800F0A1FC786800F0F9FAFB68013392
S32D00010838FB60E6E700BF1037BD4680BD80B592B000AF786039604FF00001386803F066FC0346002B1FD0386854
S32D0001086003F074FC03467B64786C03F055FA03461946386803F09AF903461F49184603F09FFA0346184603F0B5
S32D0001088861FC03463B6407F10C003B6C7A6C194904F012FD22E03B6883F000433B60386803F050FC03467B6409
S32D000108B0786C03F031FA03461946386803F076F903460D49184603F07BFA0346184603F03DFC03463B6407F155
S32D000108D80C003B6C7A6C084904F0EEFC07F10C0319467868FFF783FF00BF4837BD4680BD00007A4418AB01006B
S32D000109000CAB010080B584B000AFF860C7E90023D7E9000103F0F6F803461946F868FFF791FF00BF1037BD4694
S32D0001092880BD80B582B000AF78600B46FB70786800F061FA7B6859697B689A69FB78786800F012FC786800F0E2
S32D000109506AFA00BF0837BD4680BD80B582B000AF78603960786800F04AFA39687868FFF742FF786800F02EFA8B
S32D0001097800BF0837BD4680BD80B582B000AF78603960786800F037FA39687868FFF756FF786800F01BFA00BF1A
S32D000109A00837BD4680BD80B584B000AFF860C7E90023F86800F023FAD7E90023F868FFF7A1FFF86800F006FAD0
S32D000109C800BF1037BD4680BD80B582B000AF78600B46FB70786800F00EFAFB7819467868FFF79FFF786800F022
S32D000109F0F1F900BF0837BD4680BD000080B483B000AF78600B46FB704D4B1B684C4A23F0080313604B4B1B68AB
S32D00010A184A4A23F480231360484B1B68474A43F480331360454B1B68444A23F440731360414B1B68404A23F45C
S32D00010A40435323F0300313603E4B1A68FB785B0203F400733B4913430B603A4B1A68FB785B101B0203F48073C2
S32D00010A68364913430B60344B1A68FB789B101B0103F01003304913430B602F4B1A68FB78DB105B0103F02003D8
S32D00010A902B4913430B602A4B1A68FB781B119B0103F04003264913430B60254B1A68FB785B11DB01DBB22249C5
S32D00010AB813430B60204B1A68FB789B111B0303F480531D4913430B601B4B1A6897F90330DB115BB25B0303F43A
S32D00010AE00053174913430B60164B1B68154A23F400331360134B1B68124A43F4003313600F4B1B680E4A43F0F1
S32D00010B08080313600D4B1B680C4A43F440731360094B1B68084A43F4435343F030031360064B1B68054A43F489
S32D00010B308023136000BF0C37BD4680BC704700BF80F00F4040F00F4080B483B000AF78600B46FB70464B1B68CD
S32D00010B58454A23F008031360444B1B68434A43F480331360414B1B68404A43F4802313603E4B1B683D4A23F4C2
S32D00010B80407313603A4B1B68394A23F4435323F030031360374B1A68FB785B0203F40073344913430B60334B35
S32D00010BA81A68FB785B101B0203F480732F4913430B602D4B1A68FB789B101B0103F01003294913430B60284B9E
S32D00010BD01A68FB78DB105B0103F02003244913430B60234B1A68FB781B119B0103F040031F4913430B601E4B83
S32D00010BF81A68FB785B11DB01DBB21B4913430B60194B1A68FB789B111B0303F48053164913430B60144B1A68F1
S32D00010C2097F90330DB115BB25B0303F40053104913430B600F4B1B680E4A23F4003313600C4B1B680B4A43F4CF
S32D00010C4800331360084B1B68074A43F008031360064B1B68054A23F48023136000BF0C37BD4680BC704700BFF8
S32D00010C7080F00F4040F00F4080B586B000AF78607B6800225A617B6800229A617B681B6AFB60FB68FB72FB686F
S32D00010C981B0ABB72FB681B0CDBB203F003037B722A217868FFF7A6FE00217868FFF748FF00217868FFF744FFA1
S32D00010CC001217868FFF740FF3F217868FFF73CFF2B217868FFF792FE00217868FFF734FF00217868FFF730FF5B
S32D00010CE800217868FFF72CFFEF217868FFF728FF2C217868FFF77EFE314B1B68304A23F4407313602F4B1B685C
S32D00010D102E4A23F47F2323F0F00313602C4B1B682B4A23F01D031360274B1A687B681B6B254913430B60254BF9
S32D00010D381A687B685B6B234913430B60224B1A687B689B6B204913430B601E4B1B681D4A23F0080313601A4BE9
S32D00010D601B68194A43F48023136000237B617B69EF2B19D800233B613B69B3F5A07F0FD2114B1B68104A23F4E8
S32D00010D88003313600E4B1B680D4A43F4003313603B6901333B61EBE77B6901337B61E2E7084B1B68074A43F029
S32D00010DB008031360044B1B68034A23F48023136000BF1837BD4680BD40F00F4080F00F40C0F00F4080B483B058
S32D00010DD800AF78607B689B69002B07DD7B685B695A1C7B685A617B6800229A6100BF0C37BD4680BC704780B587
S32D00010E0082B000AF78607B685A697B685B689A4205DB7B6800225A617868FFF72DFF00BF0837BD4680BD80B5CD
S32D00010E2882B000AF78607B689B695A1C7B689A617B689A697B689B689A4205D17868FFF7C5FF7868FFF7D7FFE3
S32D00010E5000BF0837BD4680BD80B586B002AFF860B9607A600123009301237A68B968F86800F059F8F86800F0FF
S32D00010E78D7FA00BF1037BD4680BD80B485B000AF786039607B681B68FB603B681A687B681A603B68FA681A60E9
S32D00010EA000BF1437BD4680BC704780B586B002AFF860B9607A603B60BA683B681A447B68009313467A68B9682C
S32D00010EC8F86800F0ABF8BA683B68D118BA683B68D0187A68BB691344009303467A68F86800F09CF8BA683B68E9
S32D00010EF0D1187A68BB69D0187A68BB6913440093BB680246F86800F08DF87A68BB691A447B680093BB68B968AE
S32D00010F18F86800F083F800BF1037BD4680BD80B588B000AFF860B9607A603B60FB681B78022B03D0FB681B78AB
S32D00010F40032B11D17B68FB61BA6AFB691344013BBB61FB68DA68BB68D31A3B613B683A69D31A01337B610DE07B
S32D00010F68BB68FB613A68FB691344013BBB617B687B61BA6A7B691344013B3B612A21F868FFF738FDFB691B0AD1
S32D00010F90DBB203F00F03DBB21946F868FFF7D4FDFB69DBB21946F868FFF7CEFDBB691B0ADBB203F00F03DBB2B4
S32D00010FB81946F868FFF7C4FDBB69DBB21946F868FFF7BEFD2B21F868FFF714FD7B691B0ADBB203F00F03DBB298
S32D00010FE01946F868FFF7B0FD7B69DBB21946F868FFF7AAFD3B691B0ADBB203F00F03DBB21946F868FFF7A0FD79
S32D000110083B69DBB21946F868FFF79AFD2C21F868FFF7F0FC00BF2037BD4680BD90B58BB000AFF860B9607A60DD
S32D000110303B603A68BB68D31A1946F868FFF7CAFBF861BA6B7B68D31A1946F868FFF7C2FBB861BA69FB699A428E
S32D00011058CCBF01230023FB75FB7D002B0CD03A1D07F1080311461846FFF707FF3B4607F138011846FFF701FF97
S32D00011080BA683B689A420CDD3A4607F1080311461846FFF7F6FE3B1D07F138011846FFF7F0FE3A68BB689A4229
S32D000110A806D1BB687A681946F868FFF7D1FE55E0BA6B7B68D31A184602F02AFE04463A68BB68D31A184602F0CB
S32D000110D023FE03461946204602F026FF03463B617B68184602F018FE03467B62BB683B623B683A6A9A4235DC63
S32D000110F8FB7D002B14D0786A02F0B0F94FF00002184B02F04DF802460B461046194602F0ADFC03463A6A1946B5
S32D00011120F868FFF799FE13E0786A02F09BF94FF000020E4B02F038F802460B461046194602F098FC03461A461F
S32D00011148396AF868FFF784FE3969786A02F02CFD03467B623B6A01333B62C5E72C37BD4690BD00BF0000E03F85
S32D0001117080B584B000AFF860B9607A60FB707A6813465B0013449B00991CBA6813461B011344DA1CFB78F8688E
S32D0001119800F004F800BF1037BD4680BD80B58EB002AFF860B9607A60FB70FB780A2B06D1F868FFF720FEF868C9
S32D000111C0FFF708FEF2E0FB787D2B02D8FB781F2B01D82023FB70FB78203BFB70112300930C237A68B968F86867
S32D000111E8FFF79DFEFA7813469B0013446F4AD35C3B75FA7813469B00134401336B4AD35C7B75FA7813469B00C7
S32D0001121013440233674AD35CBB75FA7813469B0013440333634AD35CFB75FA7813469B00134404335F4AD35C08
S32D000112383B760023BB62BB6A062B00F3A180F86800F050F9F86800F0B3F8002387F82F3000237B627B6A042B83
S32D0001126035DC07F114027B6A13441B7803F00103002B14BF01230023FB76FB7E002B11D097F82F3083F00103DA
S32D00011288DBB2002B03D0F86800F0CAF802E0F86800F08EF8F86800F08BF80DE097F82F30002B03D0F86800F0E6
S32D000112B01DF902E0F86800F07FF8F86800F07CF8FB7E87F82F307B6A01337B62C6E797F82F30002B03D0F86846
S32D000112D800F008F902E0F86800F06AF8F86800F067F8002387F82F3000233B623B6A042B42DC07F114023B6A4D
S32D0001130013441B7803F00103002B14BF01230023BB76BB7E002B11D097F82F3083F00103DBB2002B03D0F868D2
S32D0001132800F07EF802E0F86800F042F8F86800F03FF80DE097F82F30002B03D0F86800F0D1F802E0F86800F019
S32D0001135033F8F86800F030F8BB7E87F82F3007F114023B6A13441B785B08D9B207F114023B6A13440A461A7045
S32D000113783B6A01333B62B9E7BB6A0133BB625AE7F86800F0AFF8002387F82F300123FB61FB69232B06DCF8680D
S32D000113A000F00AF8FB690133FB61F5E73037BD4680BD00BF3C0B002080B483B000AF7860174B1B68164A43F425
S32D000113C880331360154B1B68144A23F008031360114B1B68104A43F4802313600E4B1B680D4A23F40033136088
S32D000113F00B4B1B680A4A43F400331360094B1B68084A43F008031360054B1B68044A23F48023136000BF0C379A
S32D00011418BD4680BC704700BF40F00F4080F00F4080B483B000AF78602B4B1B682A4A43F480331360294B1B6803
S32D00011440284A23F008031360254B1B68244A43F480231360224B1B68214A23F440731360204B1B681F4A23F4C6
S32D000114687F2323F0F00313601D4B1B681C4A23F01D031360184B1A687B685B6A164913430B60164B1A687B68D0
S32D000114909B6A144913430B60134B1A687B68DB6A114913430B600E4B1B680D4A23F4003313600B4B1B680A4ACA
S32D000114B843F400331360094B1B68084A43F008031360054B1B68044A23F48023136000BF0C37BD4680BC704708
S32D000114E040F00F4080F00F40C0F00F4080B483B000AF78602B4B1B682A4A43F480331360294B1B68284A23F06C
S32D0001150808031360254B1B68244A43F480231360224B1B68214A23F440731360204B1B681F4A23F47F2323F0CD
S32D00011530F00313601D4B1B681C4A23F01D031360184B1A687B681B6B164913430B60164B1A687B685B6B1449D8
S32D0001155813430B60134B1A687B689B6B114913430B600E4B1B680D4A23F4003313600B4B1B680A4A43F4003338
S32D000115801360094B1B68084A43F008031360054B1B68044A23F48023136000BF0C37BD4680BC704740F00F402A
S32D000115A880F00F40C0F00F4080B485B000AF78607B681B6AFB60FB68FB72FB681B0ABB72FB681B0CDBB203F014
S32D000115D003037B727B6800225A627B6800229A627B680022DA627B6800221A637B6800225A637B6800229A63B0
S32D000115F87B681A6BFB7A5B0203F400731A437B681A637B681A6BFB7A5B101B0203F480731A437B681A637B6874
S32D000116205A6BFB7A9B101B0103F010031A437B685A637B685A6BFB7ADB105B0103F020031A437B685A637B683D
S32D000116485A6BFB7A1B119B0103F040031A437B685A637B685A6BFB7A5B11DB01DBB21A437B685A637B685A6BA7
S32D00011670FB7A9B111B0303F480531A437B685A637B685A6B97F90B30DB115BB25B0303F400531A437B685A6334
S32D000116987B685A6BBB7A9B0303F480431A437B685A637B685A6BBB7A5B10DB039BB21A437B685A637B685A6BD9
S32D000116C0BB7A9B101B0403F480331A437B685A637B685A6BBB7ADB105B0403F400331A437B685A637B685A6B5F
S32D000116E8BB7A1B119B0403F480231A437B685A637B685A6BBB7A5B11DB0403F400231A437B685A637B689A6B15
S32D00011710BB7A9B1103F001031A437B689A637B689A6B97F90A30DB115BB29B0003F004031A437B689A637B6835
S32D000117389A6B7B7ADB0003F008031A437B689A637B689A6B7B7A5B101B0103F010031A437B689A637B68DB69A4
S32D00011760FB60FB68FB72FB681B0ABB72FB681B0CDBB203F003037B727B685A6AFB7A5B0203F400731A437B685A
S32D000117885A627B685A6AFB7A5B101B0203F480731A437B685A627B689A6AFB7A9B101B0103F010031A437B6883
S32D000117B09A627B689A6AFB7ADB105B0103F020031A437B689A627B689A6AFB7A1B119B0103F040031A437B687F
S32D000117D89A627B689A6AFB7A5B11DB01DBB21A437B689A627B689A6AFB7A9B111B0303F480531A437B689A624D
S32D000118007B689A6A97F90B30DB115BB25B0303F400531A437B689A627B689A6ABB7A9B0303F480431A437B6876
S32D000118289A627B689A6ABB7A5B10DB039BB21A437B689A627B689A6ABB7A9B101B0403F480331A437B689A62DB
S32D000118507B689A6ABB7ADB105B0403F400331A437B689A627B689A6ABB7A1B119B0403F480231A437B689A62E0
S32D000118787B689A6ABB7A5B11DB0403F400231A437B689A627B68DA6ABB7A9B1103F001031A437B68DA627B6826
S32D000118A0DA6A97F90A30DB115BB29B0003F004031A437B68DA627B68DA6A7B7ADB0003F008031A437B68DA6290
S32D000118C87B68DA6A7B7A5B101B0103F010031A437B68DA6200BF1437BD4680BC704780B483B000AF78607B68FB
S32D000118F018460C37BD4680BC704780B584B000AFF860B9607A603B60FB682033B968184603F0F6FCFB687A68D5
S32D000119181A60FB683A689A60FB68BA691A61FB68FA695A61FB681A68FB681B691A44FB685A60FB689A68FB6896
S32D000119405B691A44FB68DA60FB683A6A9A61FB687A6ADA61FB680022C3F8E82000BF1037BD4680BDF0B585B0CD
S32D0001196802AF78607B689B6919461F48FEF7BBFD7B6819687B689A687B6818697B685B69009303461848FFF7E7
S32D000119908CFA7B68DB6919461548FEF7A8FD7B6803F120047B681B681D467B681B691E467B682033184603F00F
S32D000119B803FD024613465B0013449B00F31A5B082B4418467B689A687B685B69113BD90F0B445B1013440246BC
S32D000119E021460348FEF796FD00BF0C37BD46F0BDF419002080B584B002AF78607B689B6919461F48FEF773FDBB
S32D00011A087B681B68591C7B689B685A1C7B681B69981E7B685B69023B009303461648FFF740FA7B681B68991CF2
S32D00011A307B689B689A1C7B681B69181F7B685B69043B009303460E48FFF72FFA7B681B68D91C7B689B68DA1CDF
S32D00011A587B681B69981F7B685B69063B009303460548FFF71EFA7B680122C3F8E82000BF0837BD4680BD00BF5C
S32D00011A80F419002080B584B002AF786000211F48FEF72DFD7B681B68D91C7B689B68DA1C7B681B69981F7B6839
S32D00011AA85B69063B009303461648FFF7FAF97B681B68991C7B689B689A1C7B681B69181F7B685B69043B009319
S32D00011AD003460E48FFF7E9F97B681B68591C7B689B685A1C7B681B69981E7B685B69023B009303460548FFF719
S32D00011AF8D8F97B680022C3F8E82000BF0837BD4680BD00BFF419002080B584B000AFF860B9607A603B60FB689B
S32D00011B201B68184602F0F8F80246BB681946104602F0EEFA0346002B00F08180FB685B68184602F0E9F80246D5
S32D00011B48BB681946104602F0E9FA0346002B72D0FB689B68184602F0DBF802467B681946104602F0D1FA03469C
S32D00011B70002B64D0FB68DB68184602F0CDF802467B681946104602F0CDFA0346002B56D03A1D07F10803194640
S32D00011B982B48FEF71DFDFB681B68184602F0B8F80246BB681946104602F0AEFA0346002B3FD0FB685B681846F5
S32D00011BC002F0AAF80246BB681946104602F0AAFA0346002B31D0FB689B68184602F09CF802467B68194610460D
S32D00011BE802F092FA0346002B23D0FB68DB68184602F08EF802467B681946104602F08EFA0346002B15D03B6817
S32D00011C10002B10D1FB68D3F8E830002B03D1F868FFF7E8FE07E0FB68D3F8E830002B02D0F868FFF727FF01234E
S32D00011C3802E0002300E0002318461037BD4680BDF419002080B586B000AFF860B9607A60BB687B617B683B6180
S32D00011C6079693A690123F868FFF752FF0346002B14BF01230023DBB2002B08D007F1100207F114031946044823
S32D00011C88FEF7A6FCE8E700BF1837BD4680BD00BFF4190020B0B592B004AFF860B9607A603B60FB6C7B633B6865
S32D00011CB03B63F86C01F0C4FB02460B464FF000004E4901F06FFA02460B4614461D46386D01F0B6FB02460B4654
S32D00011CD82046294601F062FA02460B461046194601F00CFF03463B62386801F0A5FB02460B464FF000004049F9
S32D00011D0001F050FA02460B4614461D46B86C01F097FB02460B462046294601F043FA02460B461046194601F0A1
S32D00011D28EDFE0346FB61786801F0F2FF03461946386A02F0F5F80346184602F003FA0346BB61B86801F0E4FF22
S32D00011D5003461946F86902F0E7F80346184602F0F5F903467B6100237B620123BB62BA6ABB689A423DDC01233D
S32D00011D78FB62FA6A7B689A422DDC7B6AEC2202FB03F3FA68D0187A6A13469B0013449B001A467B6D9918FB6D58
S32D00011DA00393BB6D02937B690193BB6900933B6B7A6BFFF7A2FD7B6AEC2202FB03F3FA6813441846FFF7CEFDB4
S32D00011DC87B6A01337B627A6BBB6913447B63FB6A0133FB62CDE73A6B7B6913443B63FB6C7B63BB6A0133BB62D5
S32D00011DF0BDE700BF3837BD46B0BD00BF0000744000006E4080B582B000AF786039607B68012B07D13B684FF60B
S32D00011E18FF72934202D10348FEF784F900BF0837BD4680BDF419002080B500AF4FF6FF710120FFF7E3FF80BD8B
S32D00011E4080B582B000AF7860164B03F580535B6B144A43F0400302F580525363124B4FF400725A62104B4FF4D4
S32D00011E6800721A620F4B14225A700E4B1B7ADBB20C4A43F00103DBB213720A4B80229A7002212B20FBF7F4FA9A
S32D00011E903D212A20FBF7F0FA7B6818460837BD4680BD00BF0070044000C004400060064080B582B000AF7860D4
S32D00011EB839607B68012B07D13B684FF6FF72934202D10348FFF7B8FF00BF0837BD4680BD3C1A002080B500AFEA
S32D00011EE04FF6FF710120FFF7E3FF80BD0000000080B582B000AF78607B681846FDF72CFC03460F49184601F0AD
S32D00011F085BFF0346184601F0A9FA09A3D3E9002301F026FC02460B461046194601F0EEFD034618460837BD4664
S32D00011F3080BD00BFAFF300800000000000A0694000404A4480B582B000AF78600B46FB707B68FA781146184699
S32D00011F58FDF7EEFB7B6818460837BD4680BD000080B582B000AF786039607B68012B08D13B684FF6FF72934220
S32D00011F8003D120210348FFF7DDFF00BF0837BD4680BD00BF401A002080B500AF4FF6FF710120FFF7E1FF80BDBC
S32D00011FA880B483B000AF78607B6800221A707B6818460C37BD4680BC7047000080B582B000AF78607B681B78AF
S32D00011FD083F00103DBB2002B52D07B6801221A702A4B03F580535B6B284A43F4806302F580525363264B4FF43C
S32D00011FF800725A60244B4FF400729A60234B1B684FF4165219462248FBF78AFB204BDB78DBB21F4A23F00C03BE
S32D00012020DBB2D3701C4BDB78DBB21B4A43F02003DBB2D370184BDB7ADBB2174A23F02003DBB2D372154BD3F816
S32D000120488431144A43F40053C2F88431114B5B68104A43F4005353600D4BDB78DBB20C4A43F00C03DBB2D37007
S32D000120706420FCF7E9FF7B6801221A70012300E0002318460837BD4680BD00BF00700440009004403C19002092
S32D0001209800A0064000E100E080B483B000AF78607B681B7818460C37BD4680BC7047000080B487B000AFF86005
S32D000120C0B9607A60FB700023FB7400237B617A697B689A422BD2194B1B78002B00D1FAE7BA687B691344164AD2
S32D000120E812781A70134B00221A70BA687B6913441B780D2B16D0FB7C83F00103DBB2002B0CD0BA687B691344BE
S32D000121101B78FA789A4202D10123FB7402E07B69013B7B617B6901337B61D0E700BF7B6918461C37BD4680BC3D
S32D00012138704700BF5A1A00205B1A002080B586B000AFF860B9607A6000237B617A697B689A420BD2BA687B69F0
S32D0001216013441B7819460648FBF7B1FB7B6901337B61EFE77B6918461837BD4680BD00BF00A0064080B483B074
S32D0001218800AF78603960044A3B68136000BF0C37BD4680BC704700BF441A002080B582B000AF3248FBF776FB7C
S32D000121B00346FB71304AFB791370304B01221A702F4B1B78022B33D0022B4FDC002B02D0012B14D04AE0FB7972
S32D000121D8FF2B44D1284B01221A70284B00221A70264B1B785A1CD1B2244A11701946244AFB79535433E0214B07
S32D000122001B785A1CD1B21F4A117019461E4AFB7953541C4B1B780D2B27D11C4B1B68194A1278114618489847C0
S32D00012228154B02221A701CE0FB79FF2B10D1124B01221A70114B00221A70104B1B785A1CD1B20E4A11701946CD
S32D000122500D4AFB79535409E00A4B00221A70084B00221A7002E000BF00E000BF00BF0837BD4680BD00A00640A0
S32D000122785B1A00205A1A0020591A0020581A0020481A0020441A002080B582B000AF78607B681846FFF784FE42
S32D000122A07B680E491846FFF76DFF0D4B4FF0FF321A600C4B00221A700B4B00221A700B4B00221A700A4B002255
S32D000122C81A700A4B00221A707B6818460837BD4680BD00BF9D2F0100601A0020681A0020691A0020641A002093
S32D000122F0651A0020661A002080B59AB000AFF860B9607A60FB681846FFF7CAFE034683F00103DBB2002B03D03D
S32D00012318FB681846FFF752FEAD4B1B7883F00103DBB2002B00F09F83FB681846FFF746FEA74B1B7883F00103CC
S32D00012340DBB2002B00F09383BB68002B02DA0023BB6004E0BB680B2B01DD0B23BB609F4ABB6813609E48FEF78A
S32D000123687CF800237B6300237B66002387F8633097F86330002B69D198499748FEF737FA2B2387F820302B23C0
S32D0001239087F821302B2387F82230FB6807F1200103221846FFF7CEFE7863F86807F114014F230A22FFF780FE14
S32D000123B878667B6E012B02D93B7D4F2B42D088498548FEF7C6FA87498348FEF7C2FA40F6C410FCF735FEF868B5
S32D000123E007F1140130230A22FFF766FE78667B6E012B02D93B7D4F2B24D07D497848FEF7ACFA7C497648FEF75B
S32D00012408F6F90023FB65FB6D7A6E9A420CD907F11402FB6D13441B7819466F48FEF781FAFB6D0133FB65EEE76B
S32D000124306D496B48FEF791FA6F496948FEF78DFA00BF06E0012387F8633002E0012387F8633091E769496248E8
S32D00012458FEF7CDF90023BB65BB6D7A6E9A420CD907F11402BB6D13441B7819465A48FEF758FABB6D0133BB65A2
S32D00012480EEE759495648FEF768FA5D495448FEF7B2F9412387F82030542387F821304D2387F82230592387F829
S32D000124A823304C4B1B68002B00DA03339B10DBB23133DBB287F82430312387F82530302387F82630434B1B6800
S32D000124D05A4203F0030302F0030258BF5342DBB23033DBB287F827300D2387F82830FB6807F120010922184646
S32D000124F8FFF724FE7863F86807F114014F230A22FFF7D6FD78667B6E012B02D93B7D4F2B04D03A493048FEF72A
S32D000125201CFAA4E200237B657B6D7A6E9A420CD907F114027B6D13441B7819462848FEF7F4F97B6D01337B65CF
S32D00012548EEE727492448FEF704FA2D492248FEF74EF9412387F82030542387F82130492387F82230442387F807
S32D0001257023301A4B1B68002B00DA03339B10DBB23133DBB287F82430302387F82530302387F82630302387F8A9
S32D0001259827300D2387F82830FB6807F1200109221846FFF7CBFD7863F86807F114014F230A22FFF77DFD7866BF
S32D000125C07B6E012B02D93B7D4F2B1FD00D490448FEF7C3F94BE200BF5D1A0020601A0020F419002030AB010062
S32D000125E844AB010048AB010060AB010078AB010084AB010094AB01009CAB0100B0AB0100D0AB010000233B655D
S32D000126103B6D7A6E9A420CD907F114023B6D13441B781946A848FEF780F93B6D01333B65EEE7A649A448FEF7CC
S32D0001263890F9A549A248FEF7DAF8412387F82030542387F82130442387F822304C2387F823309E4B1B68002BC1
S32D0001266000DA03339B10DBB23133DBB287F82430302387F82530302387F82630954B1B685A4203F0030302F006
S32D00012688030258BF5342DBB23033DBB287F827300D2387F82830FB6807F1200109221846FFF74CFD7863F86899
S32D000126B007F114014F230A22FFF7FEFC78667B6E012B02D93B7D4F2B04D083497E48FEF744F9CCE10023FB6499
S32D000126D8FB6C7A6E9A420CD907F11402FB6C13441B7819467648FEF71CF9FB6C0133FB64EEE774497248FEF702
S32D000127002CF976497048FEF776F8412387F82030542387F82130442387F82230482387F82330302387F8243096
S32D00012728302387F82530302387F82630302387F827300D2387F82830FB6807F1200109221846FFF7FBFC786336
S32D00012750F86807F114014F230A22FFF7ADFC78667B6E012B02D93B7D4F2B04D05A495648FEF7F3F87BE100233C
S32D00012778BB64BB6C7A6E9A420CD907F11402BB6C13441B7819464E48FEF7CBF8BB6C0133BB64EEE74B494A4802
S32D000127A0FEF7DBF84E494848FEF725F8412387F82030542387F82130432387F82230482387F82330302387F849
S32D000127C82430302387F82530312387F82630412387F827300D2387F82830FB6807F1200109221846FFF7AAFC5C
S32D000127F07863F86807F114014F230A22FFF75CFC78667B6E012B02D93B7D4F2B04D032492D48FEF7A2F82AE128
S32D0001281800237B647B6C7A6E9A420CD907F114027B6C13441B7819462548FEF77AF87B6C01337B64EEE72349B2
S32D000128402148FEF78AF827491F48FDF7D4FF412387F82030542387F82130572387F82230522387F823300D23AF
S32D0001286887F82430FB6807F1200105221846FFF765FC7863F86807F114014F230A22FFF717FC78667B6E012B34
S32D0001289002D93B7D4F2B04D00F490B48FEF75DF8E5E000233B643B6C7A6E9A421CD907F114023B6C13441B78BD
S32D000128B819460348FEF735F83B6C01333B64EEE7F419002044AB0100E4AB0100601A0020B0AB0100FCAB01008B
S32D000128E014AC01002CAC010062496348FEF735F862496148FDF77FFF412387F82030542387F82130432387F892
S32D0001290822304E2387F823300D2387F82430FB6807F1200105221846FFF710FC7863F86807F114014F230A221F
S32D00012930FFF7C2FB78667B6E012B02D93B7D4F2B04D04F494C48FEF708F890E00023FB63FB6B7A6E9A420CD9D0
S32D0001295807F11402FB6B13441B7819464448FDF7E0FFFB6B0133FB63EEE740494048FDF7F0FF42493E48FDF76E
S32D00012980ECFF0023BB63BB6B082B15DCBB6B7A681344197807F12002BB6B13440A461A70BB6B7A6813441B785F
S32D000129A819463348FDF7BDFFBB6B0133BB63E6E72E492F48FDF7CDFF0D2387F82930FB6807F120010A22184675
S32D000129D0FFF7B8FB78632C492748FDF70CFFF86800F0A0FA034619462348FDF7F1FF274B01221A7005233B63AB
S32D000129F80023FB62F86800F0A1FA0346002B0CBF01230023DBB2002B22D0FA6A3B6B9A4215DD1748FDF721FDCC
S32D00012A201B491548FDF7E7FEBB68DBB219461248FDF7CEFF17491048FDF78FFF16490E48FDF78BFFFEE7FB680E
S32D00012A4807F120010A221846FFF778FB7863D1E710490748FDF77DFF40F6B830FCF7F0FA0348FDF7FAFC6837D9
S32D00012A70BD4680BD44AB0100F419002040AC0100B0AB010058AC010068AC01005D1A002080AC0100A4AC010062
S32D00012A98DCAC010018AD010080B584B000AFF8600B467A60FB72FB7A402B0AD9FB7A4C2B07D8FB7A413B7A6857
S32D00012AC01946F868FFF718FC0CE0FB7A602B09D9FB7A6C2B06D8FB7A613B7A681946F868FFF70AFC00BF1037B2
S32D00012AE8BD4680BDB0B5ADF5496D06AF07F67843A3F67443186007F67843A3F6784319600123C7F8743C002352
S32D00012B10C7F8703C0023C7F86C3C07F66C3300241D46002C05DB2846FEF7DDFEEC35013CF7E707F67843A3F5A8
S32D00012B3890739A4A1C4615460FCD0FC42B68236007F57E7307241D46002C05DB2846FEF7C6FEEC35013CF7E71B
S32D00012B6007F67843A3F517638F4A18461146F0231A4601F0EDFF07F5077300241D46002C05DB2846FEF7AFFE85
S32D00012B88EC35013CF7E707F67843A3F5276300221A60043300221A605A609A60DA6007F1300301241D46002CCC
S32D00012BB005DB2846FEF797FEEC35013CF7E707F67843A3F54763794A1C4615460FCD0FC40FCD0FC495E803008A
S32D00012BD884E80300D7F8743C002B00F087810023C7F8703C0023C7F86C3C00216E48FDF71EFC0223C7F8603C40
S32D00012C0007F66C306FF07F4305930023049307F6583303930123029301230193C9230093012301220121FFF72C
S32D00012C2839F807F57E706FF07F4305936FF07F43049307F5427303930123029301230193022300932823042210
S32D00012C50D7F8601CFFF722F8D7F8703C002B42D107F6584207F65C4319465148FDF7B4FC0346002BF0D000231B
S32D00012C78C7F8683CD7F8683C072BE9DC07F57E72D7F8683CEC2101FB03F3D018D7F85C1CD7F8582C0023FEF768
S32D00012CA037FF0346002B14BF01230023DBB2002B13D007F57E72D7F8683CEC2101FB03F31344D7F85C1CD7F8DB
S32D00012CC8582C1846FEF7BEFFD7F8683C0133C7F8703CD7F8683C0133C7F8683CCAE7D7F8703C013B072B79D842
S32D00012CF001A252F823F000BF192D01002D2D0100412D0100552D0100692D01007D2D0100912D0100D12D010062
S32D00012D18412387F8673C07F50273244A07CA03C31A805BE0422387F8673C07F50273204A07CA03C31A8051E0F7
S32D00012D40432387F8673C07F502731C4A07CA03C31A8047E0442387F8673C07F50273184A07CA03C31A803DE003
S32D00012D68452387F8673C07F50273144A07CA03C31A8033E0462387F8673C07F50273104A07CA03C31A8029E00F
S32D00012D90472387F8673C07F502730C4A07CA03C31A801FE0B0AD0100C4AD0100B4AE0100F419002050AD010033
S32D00012DB85CAD010068AD010074AD010080AD01008CAD010098AD0100482387F8673C07F50273504A07CA03C3CD
S32D00012DE01A8000BF00214E48FDF725FB07F507706FF07F4305930023049307F502730393012302930123019342
S32D00012E08C92300933C2301220121FEF743FF07F130006FF07F4305936FF07F43049307F1080303930123029356
S32D00012E30012301933C2300933C2302220121FEF72DFFD7F86C3C002B42D107F6584207F65C4319463248FDF74E
S32D00012E58BFFB0346002BF0D00023C7F8683CD7F8683C012BE9DC07F13002D7F8683CEC2101FB03F3D018D7F820
S32D00012E805C1CD7F8582C0023FEF742FE0346002B14BF01230023DBB2002B13D007F13002D7F8683CEC2101FB31
S32D00012EA803F31344D7F85C1CD7F8582C1846FEF7C9FED7F8683C0133C7F86C3CD7F8683C0133C7F8683CCAE731
S32D00012ED0D7F86C3C012B04D0D7F86C3C022B04D007E00023C7F8743C03E00123C7F8743C00BF73E607F6784325
S32D00012EF8A3F6784297F8671C07F67843A3F6744312681868FFF7C8FD00BF07F67847BD46B0BD00BFA4AD01008D
S32D00012F20F419002080B483B000AF7860044B1B68DBB24133DBB218460C37BD4680BC7047601A002080B584B06D
S32D00012F4800AF7860FCF706F9F860114B1B7883F00103DBB2002B09D0FCF7FCF80246FB68D31AB3F57A7F01D29F
S32D00012F70012300E00023002B00D0EAE7064B1B78002B04D0044B00221A70FF2300E0002318461037BD4680BD57
S32D00012F98671A002080B582B000AF78600B46FB70184B1B78002B29D07B685A78164B1A707B689A78154B1A7026
S32D00012FC07B68DA78144B1A707B681A79134B1A707B6805331B78AA2B0CBF01230023DAB20F4B1A700F4B0122E4
S32D00012FE81A700D4B1B78002B08D00D4800F04CF80C4B1B680B4A23F40053136000BF0837BD4680BD5D1A0020D8
S32D00013010641A0020681A0020691A0020651A0020661A0020671A00206C1A0020C0F00F4080B582B000AF78603B
S32D0001303839607B68012B07D13B684FF6FF72934202D10348FFF720F900BF0837BD4680BD5C1A002080B500AFD6
S32D000130604FF6FF710120FFF7E3FF80BD80B483B000AF7860054B00221A60044B00225A607B6818460C37BD46CA
S32D0001308880BC70476C1A002080B584B000AF7860154B1B68002B21D00023FB60124B5B68FA689A4214DA114A6C
S32D000130B0FB6852F82330002B0AD00E4AFB6852F823301846FAF731FE03461A460A4B1A70FB680133FB60E5E7D0
S32D000130D8054B00225A60044B00221A60044B1B7818461037BD4680BD6C1A0020781A0020741A002080B582B07E
S32D0001310000AF786039607B68012B07D13B684FF6FF72934202D10348FFF7A8FF00BF0837BD4680BD6C1A0020CC
S32D0001312880B500AF4FF6FF710120FFF7E3FF80BD80B483B000AF78600A4B03F580531B6B084A43F0010302F595
S32D0001315080521363064B5B68054A43F03203536000BF0C37BD4680BC704700BF0070044000000A4038B5084C94
S32D000131784FF41E652846E56001F0D8F9A06020B10023C0E90053606038BDE060606038BDE01A002081F0004187
S32D000131A002E000BF83F0004330B54FEA41044FEA430594EA050F08BF90EA020F1FBF54EA000C55EA020C7FEA03
S32D000131C8645C7FEA655C00F0E2804FEA5454D4EB5555B8BF6D420CDD2C4480EA020281EA030382EA000083EA1B
S32D000131F0010180EA020281EA0303362D88BF30BD11F0004F4FEA01314FF4801C4CEA113102D0404261EB410144
S32D0001321813F0004F4FEA03334CEA133302D0524263EB430394EA050F00F0A780A4F10104D5F1200E0DDB02FA35
S32D000132400EFC22FA05F2801841F1000103FA0EF2801843FA05F359410EE0A5F120050EF1200E012A03FA0EFC0B
S32D0001326828BF4CF0020C43FA05F3C01851EBE37101F0004507D54FF0000EDCF1000C7EEB00006EEB0101B1F5C7
S32D00013290801F1BD3B1F5001F0CD349085FEA30004FEA3C0C04F101044FEA445212F5800F80F09A80BCF1004FAE
S32D000132B808BF5FEA500C50F1000041EB045141EA050130BD5FEA4C0C404141EB0101013C28BFB1F5801FE9D227
S32D000132E091F0000F04BF01460020B1FA81F308BF2033A3F10B03B3F120020CDA0C3208DD02F1140CC2F10C0287
S32D0001330801FA0CF021FA02F10CE002F11402D8BFC2F1200C01FA02F120FA0CFCDCBF41EA0C019040E41AA2BF14
S32D0001333001EB0451294330BD6FEA04041F3C1CDA0C340EDC04F11404C4F1200220FA04F001FA02F340EA0300E9
S32D0001335821FA04F345EA030130BDC4F10C04C4F1200220FA02F001FA04F340EA0300294630BD21FA04F0294673
S32D0001338030BD94F0000F83F4801306BF81F480110134013D4EE77FEA645C18BF7FEA655C29D094EA050F08BFA5
S32D000133A890EA020F05D054EA000C04BF1946104630BD91EA030F1EBF0021002030BD5FEA545C05D140004941B6
S32D000133D028BF41F0004130BD14F580043CBF01F5801130BD01F0004545F0FE4141F470014FF0000030BD7FEAA7
S32D000133F8645C1ABF194610467FEA655C1CBF0B46024650EA013406BF52EA033591EA030F41F4002130BD00BF83
S32D0001342090F0000F04BF0021704730B54FF4806404F132044FF000054FF0000150E700BF90F0000F04BF00212F
S32D00013448704730B54FF4806404F1320410F0004548BF40424FF000013EE700BF42004FEAE2014FEA31014FEA73
S32D0001347002701FBF12F07F4393F07F4F81F06051704732F07F4208BF704793F07F4F04BF41F40021704730B588
S32D000134984FF4607401F0004521F000411CE700BF50EA010208BF704730B54FF000050AE050EA010208BF70471B
S32D000134C030B511F0004502D5404261EB41014FF4806404F132045FEA915C3FF4D8AE4FF003025FEADC0C18BF3E
S32D000134E803325FEADC0C18BF033202EBDC02C2F1200300FA03FC20FA02F001FA03FE40EA0E0021FA02F1144403
S32D00013510BDE600BF70B54FF0FF0C4CF4E06C1CEA11541DBF1CEA135594EA0C0F95EA0C0F00F0DEF82C4481EAA6
S32D00013538030621EA4C5123EA4C5350EA013518BF52EA033541F4801143F4801338D0A0FB02CE4FF00005E1FB29
S32D0001356002E506F00042E0FB03E54FF00006E1FB03569CF0000F18BF4EF0010EA4F1FF04B6F5007F64F5407452
S32D0001358804D25FEA4E0E6D4146EB060642EAC62141EA55514FEAC52040EA5E504FEACE2EB4F1FD0C88BFBCF5F9
S32D000135B0E06F1ED8BEF1004F08BF5FEA500E50F1000041EB045170BD06F0004646EA010140EA020081EA030143
S32D000135D8B4EB5C04C2BFD4EB0C0541EA045170BD41F480114FF0000E013C00F3AB8014F1360FDEBF002001F061
S32D00013600004170BDC4F10004203C35DA0C341BDC04F11404C4F1200500FA05F320FA04F001FA05F240EA0200CD
S32D0001362801F0004221F0004110EBD37021FA04F642EB06015EEA430E08BF20EAD37070BDC4F10C04C4F12005EE
S32D0001365000FA04F320FA05F001FA04F240EA020001F0004110EBD37041F100015EEA430E08BF20EAD37070BDB1
S32D00013678C4F1200500FA05F24EEA020E20FA04F301FA05F243EA020321FA04F001F0004121FA04F220EA02007D
S32D000136A000EBD3705EEA430E08BF20EAD37070BD94F0000F0FD101F00046400041EB010111F4801F08BF013C33
S32D000136C8F7D041EA060195F0000F18BF704703F00046520043EB030313F4801F08BF013DF7D043EA060370479A
S32D000136F094EA0C0F0CEA135518BF95EA0C0F0CD050EA410618BF52EA4306D1D181EA030101F000414FF0000008
S32D0001371870BD50EA410606BF1046194652EA430619D094EA0C0F02D150EA013613D195EA0C0F05D152EA033646
S32D000137401CBF104619460AD181EA030101F0004141F0FE4141F470014FF0000070BD41F0FE4141F4780170BD81
S32D0001376870B54FF0FF0C4CF4E06C1CEA11541DBF1CEA135594EA0C0F95EA0C0F00F0A7F8A4EB050481EA030EAC
S32D0001379052EA03354FEA013100F088804FEA03334FF0805545EA131343EA12634FEA022245EA111545EA106563
S32D000137B84FEA00260EF000419D4208BF964244F1FD0404F5407402D25B084FEA3202B61A65EB03055B084FEA7B
S32D000137E032024FF480104FF4002CB6EB020E75EB030E22BFB61A754640EA0C005B084FEA3202B6EB020E75EB9F
S32D00013808030E22BFB61A754640EA5C005B084FEA3202B6EB020E75EB030E22BFB61A754640EA9C005B084FEACE
S32D000138303202B6EB020E75EB030E22BFB61A754640EADC0055EA060E18D04FEA051545EA16754FEA06164FEACB
S32D00013858C30343EA52734FEAC2025FEA1C1CC0D111F4801F0BD141EA00014FF000004FF0004CB6E711F4801FC3
S32D0001388004BF01430020B4F1FD0C88BFBCF5E06F3FF6AFAEB5EB030C04BFB6EB020C5FEA500C50F1000041EB38
S32D000138A8045170BD0EF0004E4EEA113114EB5C04C2BFD4EB0C0541EA045170BD41F480114FF0000E013C90E686
S32D000138D045EA060E8DE60CEA135594EA0C0F08BF95EA0C0F3FF43BAF94EA0C0F0AD150EA01347FF434AF95EAE6
S32D000138F80C0F7FF425AF104619462CE795EA0C0F06D152EA03353FF4FDAE1046194622E750EA410618BF52EA62
S32D0001392043067FF4C5AE50EA41047FF40DAF52EA43057FF4EBAE12E74FF0FF3C06E000BF4FF0010C02E000BF06
S32D000139484FF0010C4DF804CD4FEA410C7FEA6C5C4FEA430C18BF7FEA6C5C1BD001B050EA410C0CBF52EA430C2E
S32D0001397091EA030F02BF90EA020F0020704710F1000F91EA030F58BF994208BF90422CBFD8176FEAE37040F09A
S32D00013998010070474FEA410C7FEA6C5C02D150EA013C07D14FEA430C7FEA6C5CD6D152EA033CD3D05DF8040B8D
S32D000139C0704700BF8446104662468C461946634600E000BF01B5FFF7B7FF002848BF10F1000F01BD4DF808ED88
S32D000139E8FFF7F4FF0CBF012000205DF808FB00BF4DF808EDFFF7EAFF34BF012000205DF808FB00BF4DF808ED06
S32D00013A10FFF7E0FF94BF012000205DF808FB00BF4DF808EDFFF7CEFF94BF012000205DF808FB00BF4DF808ED25
S32D00013A38FFF7C4FF34BF012000205DF808FB00BF4FEA410C7FEA6C5C02D150EA013C0AD14FEA430C7FEA6C5CC6
S32D00013A6002D152EA033C02D14FF0000070474FF0010070474FEA410212F5001215D211D56FF47873B3EB625227
S32D00013A8812D94FEAC12343F0004343EA505311F0004F23FA02F018BF404270474FF00000704750EA013005D11B
S32D00013AB011F0004008BF6FF0004070474FF00000704700BF4A0011D212F5001211D20DD56FF47873B3EB625229
S32D00013AD80ED44FEAC12343F0004343EA505323FA02F070474FF00000704750EA013002D14FF0FF3070474FF01C
S32D00013B00000070474FEA4102B2F1E04324BFB3F5001CDCF1FE5C0DD901F0004C4FEAC0024CEA5070B2F1004FC9
S32D00013B2840EB830008BF20F00100704711F0804F21D113F13872BCBF01F00040704741F480114FEA5252C2F108
S32D00013B501802C2F1200C10FA0CF320FA02F018BF40F001004FEAC1234FEAD32303FA0CFC40EA0C0023FA02F397
S32D00013B784FEA4303CCE77FEA625307D150EA01331EBF4FF0FE4040F44000704701F0004040F0FE4040F4000030
S32D00013BA0704700BF80F0004002E000BF81F0004142001FBF5FEA410392EA030F7FEA226C7FEA236C6AD04FEAE0
S32D00013BC81262D2EB1363C1BFD218414048404140B8BF5B42192B88BF704710F0004F40F4000020F07F4018BFB4
S32D00013BF0404211F0004F41F4000121F07F4118BF494292EA030F3FD0A2F1010241FA03FC10EB0C00C3F1200320
S32D00013C1801FA03F100F0004302D5494260EB4000B0F5000F13D3B0F1807F06D340084FEA310102F10102FE2A8A
S32D00013C4051D2B1F1004F40EBC25008BF20F0010040EA03007047490040EB0000013A28BFB0F5000FEDD2B0FA95
S32D00013C6880FCACF1080CB2EB0C0200FA0CF0AABF00EBC25052421843BCBFD0401843704792F0000F81F4000166
S32D00013C9006BF80F400000132013BB5E74FEA41037FEA226C18BF7FEA236C21D092EA030F04D092F0000F08BFD3
S32D00013CB80846704790EA010F1CBF0020704712F07F4F04D1400028BF40F00040704712F100723CBF00F5000044
S32D00013CE0704700F0004343F0FE4040F4000070477FEA226216BF08467FEA23630146420206BF5FEA412390EAF9
S32D00013D08010F40F4800070474FF0000304E000BF10F0004348BF40425FEA000C08BF704743F0964301464FF0FB
S32D00013D3000001CE050EA010208BF70474FF000030AE000BF50EA010208BF704711F0004302D5404261EB4101DC
S32D00013D585FEA010C02BF84460146002043F0B64308BFA3F18053A3F50003BCFA8CF2083AA3EBC25310DB01FA00
S32D00013D8002FC634400FA02FCC2F12002BCF1004F20FA02F243EB020008BF20F00100704702F1200201FA02FCCB
S32D00013DA8C2F1200250EA4C0021FA02F243EB020008BF20EADC7070474FF0FF0C1CEAD0521EBF1CEAD15392EA89
S32D00013DD00C0F93EA0C0F6FD01A4480EA010C400218BF5FEA41211ED04FF0006343EA501043EA5111A0FB0131C0
S32D00013DF80CF00040B1F5000F3EBF490041EAD3715B0040EA010062F17F02FD2A1DD8B3F1004F40EBC25008BF89
S32D00013E2020F00100704790F0000F0CF0004C08BF49024CEA502040EA51207F3AC2BFD2F1FF0340EAC25070478F
S32D00013E4840F400004FF00003013A5DDC12F1190FDCBF00F000407047C2F10002410021FA02F1C2F1200200FAE1
S32D00013E7002FC5FEA310040F1000053EA4C0308BF20EADC70704792F0000F00F0004C02BF400010F4000F013AFE
S32D00013E98F9D040EA0C0093F0000F01F0004C02BF490011F4000F013BF9D041EA0C018FE70CEAD15392EA0C0FAB
S32D00013EC018BF93EA0C0F0AD030F0004C18BF31F0004CD8D180EA010000F00040704790F0000F17BF90F0004FAB
S32D00013EE8084691F0000F91F0004F14D092EA0C0F01D142020FD193EA0C0F03D14B0218BF084608D180EA01006A
S32D00013F1000F0004040F0FE4040F40000704740F0FE4040F4400070474FF0FF0C1CEAD0521EBF1CEAD15392EA6B
S32D00013F380C0F93EA0C0F69D0A2EB030280EA010C49024FEA402037D04FF0805343EA111143EA10130CF000408D
S32D00013F608B4238BF5B0042F17D024FF4000C8B4224BF5B1A40EA0C00B3EB510F24BFA3EB510340EA5C00B3EBD0
S32D00013F88910F24BFA3EB910340EA9C00B3EBD10F24BFA3EBD10340EADC001B0118BF5FEA1C1CE0D1FD2A3FF655
S32D00013FB050AF8B4240EBC25008BF20F0010070470CF0004C4CEA50207F32C2BFD2F1FF0340EAC250704740F43E
S32D00013FD800004FF00003013A37E792F0000F00F0004C02BF400010F4000F013AF9D040EA0C0093F0000F01F081
S32D00014000004C02BF490011F4000F013BF9D041EA0C0195E70CEAD15392EA0C0F08D142027FF47DAF93EA0C0F69
S32D000140287FF470AF084676E793EA0C0F04D14B023FF44CAF08466EE730F0004C18BF31F0004CCAD130F00042F4
S32D000140507FF45CAF31F000437FF43CAF5FE700BF4FF0FF3C06E000BF4FF0010C02E000BF4FF0010C4DF804CD8E
S32D000140784FEA40024FEA41037FEA226C18BF7FEA236C11D001B052EA530C18BF90EA010F58BFB2EB030088BFCF
S32D000140A0C81738BF6FEAE17018BF40F0010070477FEA226C02D15FEA402C05D17FEA236CE4D15FEA412CE1D049
S32D000140C85DF8040B704700BF844608466146FFE70FB5FFF7C9FF002848BF10F1000F0FBD4DF808EDFFF7F4FF9A
S32D000140F00CBF012000205DF808FB00BF4DF808EDFFF7EAFF34BF012000205DF808FB00BF4DF808EDFFF7E0FF0B
S32D0001411894BF012000205DF808FB00BF4DF808EDFFF7D2FF94BF012000205DF808FB00BF4DF808EDFFF7C8FF2A
S32D0001414034BF012000205DF808FB00BF4FEA4002B2F1FE4F0FD34FF09E03B3EB12620DD94FEA002343F000430E
S32D0001416810F0004F23FA02F018BF404270474FF00000704712F1610F01D1420205D110F0004008BF6FF00040BF
S32D0001419070474FF00000704742000ED2B2F1FE4F0BD34FF09E03B3EB126209D44FEA002343F0004323FA02F0B3
S32D000141B870474FF00000704712F1610F01D1420202D14FF0FF3070474FF00000704700BF08B5062001F02AF8FF
S32D000141E0012006F0F5FA00BF014B1868704700BF1C0D00209368002B00F081802DE9F04FB1F90C300C4619079C
S32D00014208804683B0174698B223D523690BB310F002033D682BD04FF0000ADFF8B4B256465E453346524628BF43
S32D000142305B464046002E4FD0E169D4F824C0E047002852DDBB681B1A8244361ABB60002BEAD1002003B0BDE88C
S32D00014258F08F2146404602F0A9FE002840F03481B4F90C303D6898B210F00203D3D110F0010942D14E463EB302
S32D000142808205D4F808B040F18180B3455A4600F2B18010F4906F40F0BE8020680192494600F0F0FCA36821688C
S32D000142A8019AA3EB0B030A44B246A36022600026B868A0EB0A00D144B8600028C5D0B4F90C0080B2002ED7D15F
S32D000142D0D5E900960835D2E7D5E900A60835A3E72146404603F066FF80B3B4F90C3043F040034FF0FF30A381E1
S32D000142F803B0BDE8F08F002070471E46AA46994618461D4656B388B34A46D4E904132068B24228BF32468842A8
S32D0001432005D9A16803EB010B5A4500F3A780934264DCE169D4F824C02A464046E047B0F1000BD2DDB9EB0B0995
S32D00014348CAD00120BB68A3EB0B035D44A6EB0B06BB60002B3FF479AF002ED4D10AF1080353E902569A46083360
S32D00014370002EF9D032460A21284600F099FB002800F09D800130A0EB0509C1E720682369984217D86369B3424D
S32D0001439814D86FF00042B24228BF3246E16992FBF3F2D4F824C002FB03F340464A46E047B0F1000A95DDA6EBCC
S32D000143C00A0679E7B345DA4628BFB2465246494600F058FCA3682268A3EB0A035244A3602260002BEBD1214663
S32D000143E8404603F0E3FE0028E5D07AE72068B34632464FE72946019200F040FC019AA3689B1AA3602368134471
S32D000144102360934696E723682169A3EB010B636903EB430A0AEBDA7A0BF101034FEA6A0A33445345524684BF0E
S32D000144389A46524643052CD51146404600F07EF800283BD05A462169019000F07DFBA289019B22F4906242F0FA
S32D000144608002A28103EB0B002361AAEB0B03C4F814A0A3602060B34632460FE729465A4600F000FC23685B44E9
S32D0001448823602146404603F091FE00283FF456AF27E7404600F0CCFC03460028DED12169404603F0AFFFB4F9E9
S32D000144B00C300C2223F08003C8F8002017E7721C914626E70C22B4F90C30C8F800200EE74FF0FF30BEE600BFD0
S32D000144D800FCFF7F70B50D4E0D4D761BB61006D0002455F8043B01349847A642F9D1094E094D761B06F0C8FEC4
S32D00014500B61006D0002455F8043B01349847A642F9D170BD9CB201009CB20100C8B201009CB20100704700BF6F
S32D00014528704700BF704700BF704700BF024B0146186800F003B800BF1C0D00202DE9F04F01F10B06162E83B06C
S32D00014550044624D8102900F2BA8000F061FC102618220220B54F3A44A2F1080153688B4200F0BA805A68D968DF
S32D0001457822F003021A449D68E9608D60516841F001012046516003F1080500F04BFC284603B0BDE8F08F36F0BE
S32D000145A0070600F19480B14200F2918000F038FCB6F5FC7FC0F09A81730A00F08F80042B00F26F81B30903F192
S32D000145C8390003F1380CC3009A4F3B44A3F108055B689D4206D10CE0002980F22781DB689D4206D05A6822F013
S32D000145F00302911B0F29F3DD60463D69DFF840C265457CD06A6822F00302931B0F2B00F37B81002BC7E904CC5D
S32D0001461880F26C81B2F5007F80F01A81D308796801334FEA521E012202FA0EF20A4357F833E0C5F808E007EBE5
S32D00014640C3010839E9607A6047F83350CEF80C50831001219940914257D8114206D120F003004900114200F1E5
S32D000146680400FAD007EBC0094D468646D5F80C80454508D11DE1002B80F22481D8F80C80454500F01681D8F802
S32D00014690042022F00302931B0F2BF0DD2046D8E9025408EB060146F00106C8F80460EC60A56043F00104C7E9FA
S32D000146B80411C1E902CC4C6048F8023000F0B2FB08F1080502E00C2323600025284603B0BDE8F08F4FF40073D1
S32D000146E040204FF03F0C73E7D3689A4208BF02307FF440AF3D69DFF848C1654582D17A6883100121994091422F
S32D00014708A7D9BD686B6823F003094E4503D8A9EB06030F2B7ADCDFF824B1494BDBF800201B680132334405EB00
S32D00014730090A00F0338103F580530F3323F47F6828F00F084146204600F062FD411C024600F0F380824500F26C
S32D00014758EE803C4B196841441960084600F04E81DBF80010019301311BBFA2EB0A0A5044CBF80020186012F09C
S32D00014780070B00F01781CBF108010A44CBF5805190440831A1EB0801C1F30B0A51462046009200F035FD421C52
S32D000147A8DDE9002300F04F81801A00EB0A081968BA6048F001005144BD425060196000F02981B9F10F0F40F27D
S32D000147D027816868A9F10C0C2CF0070C00F0010040EA0C0068604FF0050E05EB0C00BCF10F0FC0E901EE00F2CF
S32D000147F8328150681546144B1A688A4238BF1960124B1A688A4238BF196094E0AA1943F0010346F001066E601B
S32D000148202046BA60536000F001FB0835284603B0BDE8F08FD9681A44A1E600BF48110020501100205015002064
S32D00014848301B0020001B0020281B00202C1B0020B2F5206F4FEA522363D3142B00F2B78003F15C01C9005B33A7
S32D0001487007EB010E7958AEF1080E8E4500F091804B6823F00303934202D989688E45F7D1D1F80CE07A68C5E971
S32D00014898021ECEF80850CD60D6E6142B59D9542B00F29D80330B03F16F0003F16E0CC3008AE60EF1010E1EF06D
S32D000148C0030F05F108057FF4D5AE51E0424445465368D8F80C1043F00103536055F8083F2046D9608B6000F0DD
S32D000148E8A1FAF3E6F00806F1080237E62A442046536843F001035360083500F093FAE5E6A919204646F00106B4
S32D0001491043F001046E60C7E90411C1E902CC4C60AB5000F083FA0835D4E6930903F13901C90038339CE7BD42AA
S32D000149385FD0BD68686820F003084645A8EB060302D80F2B3FF762AF204600F06BFA0025BCE603F15C0003F1C9
S32D000149605B0CC30034E659F808394B4540F0968010F0030F00F1FF30F5D17B6823EA01037B60490099423FF65C
S32D00014988C0AE19B9BDE649000EF1040E1942FAD0704667E603F11008D0E69A104FF001087B6808FA02F21A43B1
S32D000149B07A6070E702EB08014942C1F30B0A51462046009200F024FC431CDDE900237FF4EFAEDA46EFE6542BF2
S32D000149D825D8130B03F16F01C9006E3344E7B3F5AA7F25D8F30B03F1780003F1770CC300EAE5294B18684044E3
S32D00014A001860B1E6CAF30B0CBCF1000F7FF4ACAEBD68C84448F001006860F0E61546EEE60123536094E7B3F5EA
S32D00014A28AA7F23D8D30B03F17801C90077331BE740F25452934223D8B30C03F17D0003F17C0CC300C0E5ABF123
S32D00014A50080BD844A8EB02084FF0000AABE605F108012046009303F0D1FCBD68009B68681968C4E640F2545147
S32D00014A788B420BD8930C03F17D01C9007C33F3E64FF47E737F204FF07E0C9DE54FF47E717E23E9E67B6870E703
S32D00014AA0001B002000000000000000000000000001F0FF01102A2BDB10F0070F08D010F8013B013A8B422DD044
S32D00014AC810F0070F42B3F6D1F0B441EA012141EA014122F007047FF000070023F0E80256083C85EA010586EA80
S32D00014AF0010685FA47F5A3FA87F586FA47F6A5FA87F68EB9EED1F0BC01F0FF0102F0070232B110F8013B013AE3
S32D00014B1883EA010313B1F8D10020704701387047002D06BF35460338073815F0010F07D1013015F4807F02BFDB
S32D00014B40013015F4C03F0130F0BC0138704700BF844641EA000313F003036DD1403A41D351F8043B40F8043BB5
S32D00014B6851F8043B40F8043B51F8043B40F8043B51F8043B40F8043B51F8043B40F8043B51F8043B40F8043B23
S32D00014B9051F8043B40F8043B51F8043B40F8043B51F8043B40F8043B51F8043B40F8043B51F8043B40F8043BFB
S32D00014BB851F8043B40F8043B51F8043B40F8043B51F8043B40F8043B51F8043B40F8043B51F8043B40F8043BD3
S32D00014BE0403ABDD2303211D351F8043B40F8043B51F8043B40F8043B51F8043B40F8043B51F8043B40F8043B5B
S32D00014C08103AEDD20C3205D351F8043B40F8043B043AF9D2043208D0D2071CBF11F8013B00F8013B01D30B88B4
S32D00014C3003806046704700BF082A13D38B078DD010F003038AD0C3F10403D21ADB071CBF11F8013B00F8013B72
S32D00014C5880D331F8023B20F8023B7BE7043AD9D3013A11F8013B00F8013BF9D20B7803704B7843708B788370F2
S32D00014C806046704788420DD98B1883420AD900EB020CBAB1624613F801CD02F801CD9942F9D170470F2A0ED885
S32D00014CA8034602F1FF3C4AB10CF1010C013B8C4411F8012B03F8012F6145F9D1704740EA01039B0750D1A2F14A
S32D00014CD0100370B501F1200C23F00F0501F1100E00F11004AC441B095EF8105C44F8105C5EF80C5C44F80C5C43
S32D00014CF85EF8085C44F8085C5EF8045C44F8045C0EF1100EE64504F11004E9D1013312F00C0F01EB031102F093
S32D00014D200F0400EB031327D0043C24F003064FEA940C1E441C1F8E465EF8045B44F8045FB442F9D10CF101049C
S32D00014D4802F0030203EB840301EB840102F1FF3C4AB10CF1010C013B8C4411F8012B03F8012F6145F9D170BD23
S32D00014D7002F1FF3C03469BE72246EBE7830730B548D0541E002A3FD0CAB2034601E0013C3AD303F8012B9D07F4
S32D00014D98F9D1032C2DD9CDB245EA05250F2C45EA054536D9A4F1100222F00F0C03F1200EE6444FEA121C03F1D7
S32D00014DC0100242E9045542E9025510327245F8D10CF1010214F00C0F03EB021204F00F0C13D0ACF1040323F020
S32D00014DE803030433134442F8045B9342FBD10CF003042CB1CAB21C4403F8012B9C42FBD130BD64461346002C25
S32D00014E10F4D1F9E703461446BFE71A46A446E0E70148FFF783BB00BFF41A00200148FFF77FBB00BFF41A0020A4
S32D00014E382DE9F84F1746002900F0988007F10B0580460C46FFF7E8FF162D5DD810252A46AF425ED854F8041CB3
S32D00014E6021F003069642A4F1080962DABC4BD3F808C009EB0600844500F09780D0F804C02CF0010303445B6835
S32D00014E88DB0768D42CF0030C06EB0C03934247DACB0710D454F8083CA9EB030ADAF8043023F003018C44B444F0
S32D00014EB0944580F211817318934280F2E88039464046FFF73FFB0746E0B154F8043C23F001034B44A0F10802DC
S32D00014ED8934200F0D280321F242A00F2F580132A00F2AC8003462246116819605168596092689A60214640463D
S32D00014F0003F084FA4046FFF791FF3846BDE8F88F25F00705002D2A469EDA0C23C8F8003000273846BDE8F88F35
S32D00014F281E46D0E90223D3609A60731B0F2B22D8D9F8043003F0010333434E44C9F80430736843F0010373604B
S32D00014F5040462746FFF76AFF3846BDE8F88FC907ADD454F8083CA9EB030ADAF8041021F00301A0E7BDE8F84F46
S32D00014F781146FFF7E3BAD9F8041001F001012943C9F8041009EB05014E4443F001034B60736843F0010308314E
S32D00014FA07360404603F032FAD2E7DCF8040020F0030B06EB0B0C05F1100084454DDAC9073FF57DAF54F8081C1D
S32D00014FC8A9EB010ADAF8041021F003018B44B34458453FF76CAF5746DAF80C1057F8080F321F242AC1608860D3
S32D00014FF000F2DB80132A40F2D6802168CAF808106168CAF80C101B2A00F2DF8008340AF11002216811606168D4
S32D000150185160A16891600AEB0501ABEB050242F0010299604A60DAF8043003F001031D434046CAF80450FFF75F
S32D00015040F5FE6EE723680360636843601B2A68D804F1080200F108034AE709EB05029A60ACEB050343F0010321
S32D00015068536054F8043C03F001031D43404644F8045CFFF7D7FE27464FE750F8043C23F003031E4451E757461B
S32D00015090DAF80C1057F8080F321F242AC16088604CD8132A48D92168CAF808106168CAF80C101B2A56D80834BA
S32D000150B80AF110021E462368136063685360A3689360D1463C4630E72146FFF7D7FD11E7D0E902135746CB606F
S32D000150E0996057F8081FDAF80C30CB60321F242A99602DD8132A29D92368CAF808306368CAF80C301B2A42D870
S32D0001510808340AF1100322681A6062685A60A2689A606646D1463C4607E7A3688360E368C360242A26D004F1DA
S32D00015130100200F11003DBE63A46BFE7214638461E46D146FFF79EFD3C46F2E63B46DEE7214638466646D1461A
S32D00015158FFF794FD3C46E8E648110020A168CAF81010E168CAF81410242A20D010340AF118029FE723690361B1
S32D000151806169416104F1180200F11803B0E6A368CAF81030E368CAF81430242A21D010340AF11803B3E73A46D2
S32D000151A833E721463846FFF769FD164B33E72269CAF818206269CAF81C2018340AF1200278E7A168CAF8101001
S32D000151D0E168CAF81410242A0DD010340AF1180217E72369CAF818306369CAF81C3018340AF120038BE7226928
S32D000151F8CAF818206269CAF81C2018340AF1200203E700BF4811002038B5074D0022044608462A6005F0C2FA04
S32D00015220431C00D038BD2B68002BFBD0236038BD341B002038B5154B1F281D6820D8D5F8DC22044662B152F848
S32D0001524820304BB1012B15D0591C0FD0002542F820509847284638BD284600F02BF8224601462846BDE83840BA
S32D0001527000F00EB816232B60012038BD002038BD16232B604FF0FF3038BD00BF1C0D002070B50C46084D034626
S32D000152980026204611461C462E6005F067FA431C00D070BD2B68002BFBD0236070BD00BF341B002005F04ABA02
S32D000152C00EB410B59DB06FF000411FABCDE906010491094953F8042B0290084C0868019302A9059400F0DAF873
S32D000152E8029B00221A701DB0BDE8104003B070471C0D00200802FFFF80EA0102844612F0030F4FD111F0030F53
S32D0001531032D14DF8044D11F0040F51F8043B0BD0A3F101329A4312F0803F04BF4CF8043B51F8043B16D100BF85
S32D0001533851F8044BA3F101329A4312F0803FA4F101320BD14CF8043BA24312F0803F04BF51F8043B4CF8044B9E
S32D00015360EAD023460CF8013B13F0FF0F4FEA3323F8D15DF8044B704711F0010F06D011F8012B0CF8012B002A81
S32D0001538808BF704711F0020FBFD031F8022B12F0FF0F16BF2CF8022B8CF8002012F47F4FB3D1704711F8012B63
S32D000153B00CF8012B002AF9D1704700BF0000000090F800F06DE9024520F007016FF0000C10F0070491F820F0F8
S32D000153D840F049804FF000046FF00700D1E9002391F840F000F1080082FA4CF2A4FA8CF283FA4CF3A2FA8CF3C8
S32D000154004BBBD1E9022382FA4CF200F10800A4FA8CF283FA4CF3A2FA8CF3E3B9D1E9042382FA4CF200F10800C2
S32D00015428A4FA8CF283FA4CF3A2FA8CF37BB9D1E9062301F1200182FA4CF200F10800A4FA8CF283FA4CF3A2FA11
S32D000154508CF3002BC6D0002A04BF04301A4612BAB2FA82F2FDE8024500EBD2007047D1E9002304F00305C4F152
S32D0001547800004FEAC50514F0040F91F840F00CFA05F562EA05021CBF63EA050362464FF00004A9E72DE9F04FDF
S32D000154A0D5B00C460C9191460E930A9003F0D8F8036817931846FFF783FFA3891690190603D52369002B00F039
S32D000154C88B8700242BAB4D46CDE92944CDE91944CDE91B441294289398461894002308940024CDE914342B785C
S32D000154F0002B00F0DD81AA4604E01AF8013F002B00F01681252BF8D1BAEB050640F014819AF80030002B00F0D1
S32D00015518CB8100234FF0FF329AF801608DF8833009930AF1010A07921F462B244FF020090AF1010AA6F1200343
S32D000155405A2B00F22D81DFE813F0BA022B012B01B5022B012B012B016A002B012B014F02E3022B015A02C902B3
S32D000155682B01C4025B005B005B005B005B005B005B005B005B002B012B012B012B012B012B012B01BF012B01CF
S32D000155901A028600BF01BF01BF012B012B012B012B01B0022B012B01C3002B012B012B0124022B015F022B012A
S32D000155B82B013C072B012B012B012B012B012B012B012B01BF012B011A028800BF01BF01BF01A3028800810077
S32D000155E02B0196022B018202C500700281002B0124027E0039072B012B0119072B017E00A6F1300300221AF840
S32D00015608016B02EB820203EB4202A6F13003092BF5D909928EE7DDF828B0584603F01CF843681B931846FFF789
S32D00015630C7FE1C900646584603F012F883681993002E40F07A869AF8006075E79AF8006047F0200770E747F0D2
S32D000156581007BA060E9B40F18081073323F007031A465B6852F8084B0E929946002BC0F25F85079B013301F053
S32D000156801F8054EA090327F0800B00F0E3840A2C79F1000380F08187303401238DF84F415F460B930DF24F15BB
S32D000156A807990B989DF8832081424FF00003B8BF01460D9306910F9313931093002A7CD0069B0133069378E037
S32D000156D047F0100717F0200900F034810E9B073323F00703D3F8049053F8084B0E9327F4806B002300228DF81A
S32D000156F88320079A511C00F00D8254EA09012BF0800740F00682002A41F01080002B40F0A2841BF001030B9398
S32D0001572000F0378530238DF84F310DF24F15BBE7BAEB050600F0BC802A9B33442A93299B0133072BC8E900564B
S32D00015748299305DC08F10808089B33440893DBE60C990A9828AA03F04DFC80B90DF1AC08F2E70C990A9828AAE4
S32D0001577003F044FC002800F08C800D9B1BB10D990A9802F043FE0C9B9B8913F0400F089B18BF4FF0FF33089321
S32D00015798089855B0BDE8F08F002E00F0858000228DF8EC608DF88320012306930D920B9307920F921392109260
S32D000157C03BAD17F0020302D006990231069117F0840B07D109990698A1EB0009B9F1000F00F315832A9C8AB103
S32D000157E8299A0DF1830101320134C8F80010072A4FF001012A942992C8F8041000F3468308F1080883B1299B99
S32D0001581021AA01330234C8F80020072B4FF002022A942993C8F8042000F3488308F10808BBF1800F00F00E82FF
S32D00015838079B0B9AA3EB020BBBF1000F00F34F82FB0500F1A5810B9BC8F804301C44299BC8F800500133072B95
S32D000158602A94299300F3C78208F108087B0705D5099B069A9D1A002D00F32C83DDE9083206998A42ACBF9B18AB
S32D000158885B180893002C7FF46CAF002329930D9B1BB10D990A9802F0B5FD0DF1AC0855462B78002B7FF423AE8B
S32D000158B02A9B002B3FF467AF0C9C0A9828AA214603F09CFBA38960E70E9B073323F00702F2E80234CDE9143403
S32D000158D8DDE9143424F000440E92994618462146A74B4FF0FF32FEF7ABF8002840F06284A34B484621464FF09D
S32D00015900FF32FEF783F8002840F05884DDE9140100220023FEF770F8002840F0AD879DF883209A4D9A4B27F07F
S32D0001592880070321472EC8BF1D4600230D9306910B9107930F9313931093BFE617F0100340F02E8417F04002E1
S32D0001595000F054870E9A52F8044B0E929946A4B2C5E653F8044B0E93FB0600F118847D0640F1128444F3C03959
S32D000159784B4624B27AE60E9B002253F8041B8DF883208DF8EC100E930EE70E9C079B54F8045B4FF000098DF801
S32D000159A08390002D00F0D5865A1C00F052851A4649462846FFF77CF80D90002801F057800D9BCDF81C905B1B2D
S32D000159C80B930E9423EAE3739DF883200693CDF83490CDF83C90CDF84C90CDF840906DE60E9B53F8042B0992DB
S32D000159F0002A80F2C983099A0E93524209929AF8006047F0040797E547F0100B1BF0200900F081830E9B073320
S32D00015A1823F00703D3F8049053F8084B0E93012364E60E9B53F8044B0E93302378268DF88430564B189347F0A5
S32D00015A40020B8DF885604FF00009022352E6BD0600F18284FC0600F17386780600F13C87B90540F16D860E9BB8
S32D00015A68089953F8042B0E931170554618E79AF800606C2E03BF9AF8016047F020070AF1010A47F0100753E50D
S32D00015A909AF80060682E03BF9AF8016047F400770AF1010A47F0400746E59AF8006047F0080741E59AF80060F9
S32D00015AB847F001073CE59DF88330002B7FF4BFAD9AF800608DF8839032E59AF8006047F080072DE5524612F808
S32D00015AE0016B2A2E01F0CD81A6F13003092B924698BF002201F288801AF8016B02EB820203EB4202A6F130035F
S32D00015B08092BF5D9079215E59AF800608DF883400EE5BB46012B3FF4B6AD022B54AD12D1189A04F00F032409F3
S32D00015B30D35C05F8013D44EA09744FEA191954EA0903F2D154AB5B1B5F460B93ACE504F00703E40844EA49749B
S32D00015B584FEAD909303354EA09012A4605F8013DF1D11BF0010FE9D0302BE7D03023023A05F8013C54AB9B1A88
S32D00015B805F460B9315468FE5FFFFEF7FE0AE0100E4AE0100F0AE0100652E40F3E680DDE9140100220023FDF777
S32D00015BA81DFF002800F0CD81299BBF4AC8F80020013301340122072B2A942993C8F8042000F37D8508F1080885
S32D00015BD0229B129A934280F2D382169B179A1C44C8E90023299B2A940133072B299300F3EB8308F10808129B50
S32D00015BF85D1E002D7FF736AE102D299BDFF8AC9240F36E8549462246B946DDF828B00C9C10260F4605E008F18C
S32D00015C200808103D102D40F35B8501331032072BC8E90076CDE92932F1DD28AA2146584603F0DCF900287FF4C0
S32D00015C4898ADDDE929320DF1AC08E6E7099B069AA3EB020BBBF1000F7FF7EAADBBF1100F299ADFF848922CDD59
S32D00015C701D9621464E460C9CDDF82890102306E0ABF1100BBBF1100F08F108081ADD01321031072AC8E90063CE
S32D00015C98CDE92921F0DD28AA214648460DF1AC0803F0A8F900287FF464ADABF1100BBBF1100FDDE929214FF086
S32D00015CC01003E4DCB1461D9E0C4601325C44072ACDE92924C8F80090C8F804B000F31D8508F10808A8E5BBF13C
S32D00015CE8100F299ADFF8C4912DDD41462046A8464C460C9DDDF82890102306E0ABF1100BBBF1100F01F108013C
S32D00015D1019DD01321030072AC1E90043CDE92920F0DD28AA2946484603F068F900287FF424ADABF1100BBBF11F
S32D00015D38100FDDE929202BA94FF01003E5DC4546A1468846044601325C44072ACDE92924C8F80090C8F804B0D2
S32D00015D6000F3CC8108F108086EE5129B012B40F37C81299EC8F80050013601340123072E2A942996C8F8043062
S32D00015D8800F3E08108F10808169B179A01361C44072EC8E90023CDE9296400F3E08108F10808DDE914010022F0
S32D00015DB00023FDF717FE002840F07481129B0136013B01351C44072EC8F800502996C8F804302A9400F3598112
S32D00015DD808F108081A9BC8F8043001361C44072E24ABCDE92964C8F800307FF739AD0C990A9828AA03F0FEF8BE
S32D00015E0000287FF4BAAC2A9C0DF1AC082EE5B9F1100FDDE929212BDDCDE91D3B1F96DDF828B04E461024A946DF
S32D00015E280C9D04E0103E102E08F1080817DD01321F4B1031072AC8E90034CDE92921F1DD28AA294658460DF196
S32D00015E50AC0803F0D3F800287FF48FAC103E102EDDE92921E7DCDDE91D3B4D46B1461F9EC8F80490013209EB9C
S32D00015E780104072A0E49C8F80010CDE9292400F3FF839DF8832008F10808A8E40C990A981D9328AA03F0AEF8F7
S32D00015EA000287FF46AAC2A9C1D9B0DF1AC08ADE420AF010034AF010024AF01000C990A9828AA03F09BF8002812
S32D00015EC87FF457AC2A9C0DF1AC08ADE4102D299B21DD0A9FDDF83090102604E0103D102D08F1080817DD01331A
S32D00015EF0B04A1034072BC8E90026CDE92934F1DD28AA494638460DF1AC0803F077F800287FF433AC103D102D64
S32D00015F18DDE92934E7DC0133A44AC8F804502C44072BCDE92934C8F800207FF7A3AC0C990A9828AA03F05EF882
S32D00015F4000287FF41AAC2A9C98E42299002940F36683DDF84090129B9945A8BF9946B9F1000F0BDD299B013380
S32D00015F684C44072BC8E900592A94299300F32F8508F10808109EB9F1000FA8BFA6EB0906002E00F33882DDF8F6
S32D00015F9040B07805AB4400F16682229B129A934202DBF90740F18E84169A17991444C8E90012299A2A94013220
S32D00015FB8072A299200F3188508F10808129AAE18A6EB0B06D51AAE42A8BF2E46002E0DDD299BC8F800B00133E7
S32D00015FE03444072BC8F804602A94299300F31A8608F10808002EA8BFAD1B002D7FF736AC102D299BDFF8B091B3
S32D0001600840F36E8349462246B946DDF828B00C9C10260F4605E008F10808103D102D40F35B8301331032072B3E
S32D00016030C8E90076CDE92932F1DD28AA2146584602F0DCFF00287FF498ABDDE929320DF1AC08E6E7079B002B4C
S32D000160587FF41EAB5F46002307930B9354ADFFF71FBBFA073FF581AE299EC8F80050013601340123072E2A944E
S32D000160802996C8F804307FF7A7AE0C990A9828AA02F0B4FF00287FF470ABDDE929640DF1AC089BE6129B5D1E51
S32D000160A8002D7FF797AE102DDFF8049140F39683224607970A9C0C9F4FF0100B05E008F10808103D102D40F390
S32D000160D0878301361032072EC8E9009BCDE92962F1DD28AA3946204602F088FF00287FF444ABDDE929620DF185
S32D000160F8AC08E6E70C990A9828AA02F07BFF00287FF437AB2A9C0DF1AC08FFF799BB1BF0100340F028811BF032
S32D00016120400200F079830E9A52F8044B0E929946A4B20123FFF7DEBA2D2364428DF8833069EB4909BB46012361
S32D00016148FFF7D7BA0C990A9828AA02F053FF00287FF40FABDDE929640DF1AC0814E60C990A9828AA02F046FFA0
S32D0001617000287FF402ABDDE929640DF1AC0814E6FD077FF573AB28E59AF800600E93FFF7D3B954ADFFF788BAC8
S32D00016198B80500F1A6834FEAE4794B46FFF766BA0E9B53F8044B0E93FFF79DBA24AF010034AF0100DDE9140100
S32D000161C002460B46FDF740FC002840F00F86612E00F04585412E00F06D84079B013326F02003069300F0A9839D
S32D000161E8472B00F08885DDE9141247F480730F931346002BC0F292850B9300231D938B460D93069B462B00F02C
S32D00016210FD83452B00F044850799019126A9049123A9039122A9029102210B9B0A9800915A4600F0CDFF069B69
S32D00016238472B054640F0318617F0010FB9460F9F40F0FC84269B5B1B1293069B472B00F08283069B462B00F039
S32D000162601284229B1093109B069A013B412A229300F0AD85F2B20021002BB8BF109B8DF89020BABFC3F10103D8
S32D000162882D222B22092B8DF8912040F38D850DF19F04B64F2246104687FB0321DA17C2EBA10202EB8201A3EB53
S32D000162B04101303100F8011C19466329134600F1FF32ECDC3033D9B2831E9C4202F8011C40F2F18513460DF156
S32D000162D8920201E013F8011B02F8011B9C42F9D10DF1A1030DF192021B1A134424AA9B1A1A93129B1A9A012BC0
S32D000163001A440B9240F39E850B9B169A13440B930B9A002329F4806722EAE27247F480770F93069213931093F1
S32D000163281D9B002B40F03F839DF883200793FFF7C5B9199B002B3FF482A9199B1B78002B3FF47DA99AF8006031
S32D0001635047F48067FFF7F0B80E9B089853F8041B0E93C217C1E900025546FFF79DBA0E9B53F8044B0E93012395
S32D00016378FFF7BCB97E4B189317F0200900F0EC800E9B073323F00703D3F8049053F8084B0E93F80709D554EAD2
S32D000163A0090306D030238DF8856047F002078DF8843027F4806B0223FFF79CB9BB46FFF725BB6E4B1893DBE743
S32D000163C80C990A9828AA02F015FE00287FF4D1A92A9C0DF1AC080AE40A984021FEF7AEF80C9B186018610028AF
S32D000163F000F065850C9A40235361FFF766B8102E299BDFF87C9140F32982484642462146A846B9460A9C0C9D56
S32D000164184FF0100B074604E00832103E102E40F3138201331031072BC2E9007BCDE92931F2DD28AA29462046E9
S32D0001644002F0DCFD00287FF498A9DDE929312BAAE7E72846CDF81C900E94FEF7B1FF03460B90FFF7B3BA129BA9
S32D00016468CDF82CA04246DDF84C801097EB1807935E46199FDDF87090DDF828A0DDF830B00F9B13952146B8F122
S32D00016490000F2FD0002B30D1013F08F1FF381B9BC2E90039299B01334944072B2A91299368DC0832079B38789B
S32D000164B89B1B8342A8BF0346002B1C460BDD2998013019440728C2E900632A91299000F3148138780832002C77
S32D000164E0ACBF051B0546002D0BDC06440F9BB8F1000FCFD1002B00F023820F9B013B0F93CDE7102D29981DDD63
S32D00016508102404E0103D102D02F1080216DD0130194B10310728C2E90034CDE92901F1DD28AA5946504602F047
S32D0001653065FD00287FF421A9103D102DDDE929012BAAE8DC01300E4B556029440728CDE92901136000F332828D
S32D00016558387808320644C5E717F0100300F0A1800E9B53F8044B0E9313E700BF67666666F0AE010004AF010080
S32D0001658034AF010028AA5946504602F037FD00287FF4F3A82A992BAA8CE70BF4806300220696CDF82CA0CDF8A4
S32D000165A8348054AFDDF864809A4616460CE00023204649460A2203F037FF0A2C79F100031BD3044689462F46A0
S32D000165D020460A220023494603F02AFF30327D1E013607F8012CBAF1000FE4D098F800309E42E0D1FF2EDED042
S32D000165F80A2C79F1000380F0408154AB5B1BDDF82CA0CDF864801296DDF83480069E0B935F46FFF745B8299B12
S32D00016620BC4AC8F80020013301340122072B2A942993C8F8042000F3388108F10808002940F09780129A07F081
S32D00016648010313433FF40EA9169B17991A19C8E90013299B2A920133072B299300F3478108F108081299C8F8B6
S32D00016670005001338C18072BCDE92934C8F804107FF7F2A8FFF7B7BB0C990A981D9328AA02F0B4FC00287FF43C
S32D0001669870A89DF883202A9C1D9B0DF1AC08FFF79EB817F0400200F0C2800E9A52F8044B0E929946A4B26CE624
S32D000166C0BB46FEF7E4BF0C990A9828AA02F096FC00287FF452A82A9C0DF1AC08FFF778BA14463A464F469146FA
S32D000166E801332C44072BC8F80090C8F80450CDE929347FF7B5A8FFF77ABB28AA5946504602F078FC00287FF430
S32D0001671034A838782A992BAAE1E60C990A9828AA02F06CFC00287FF428A82A9C0DF1AC08FFF782B8012BBB46BC
S32D000167387FF4F3A9FEF7ACBF0E9B089953F8042B554611600E93FFF7ABB8062B294628BF062307950D952A469B
S32D0001676006936D4D0E940B930F9113911091FEF7A9BF169B17981A19C8E90003299B2A920133072B299300F359
S32D00016788B68008F108080029BFF66CAF4E421031DFF8809180F297824146DDF828B0A84610240C9D04E008314A
S32D000167B0103E102E40F3898201331032072BC1E90094CDE92932F2DD28AA2946584602F015FC00287EF4D1AF2E
S32D000167D8DDE929322BA9E7E7079F144601362C44072ECDE92964C8F80090C8F804507FF7EFAA46E40E9B17F45F
S32D00016800007914BF53F8044B53F8044B0E931CBF9146E4B2FEF76BBF0E9B1BF4007914BF53F8044B53F8044BA9
S32D000168280E931CBF9146E4B20123FEF75FBF0E9B17F4007914BF53F8044B53F8044B0E931CBF9146E4B2A4E57B
S32D00016850454690463A460C464F46914601333444072BCDE92934C8F80090C8F8046057DC08F10808FFF78BBB9D
S32D000168782D228DF88320FFF750B81C9B1B99ED1A1A46284602F084FB98F801300BB108F10108204649460A222B
S32D000168A00023002603F0C4FD8FE60C990A9828AA02F0A4FB00287EF460AF22992A9C0DF1AC08BCE6129AAE18BD
S32D000168C8A6EB0B06D51AAE42A8BF2E46FFF78EBB0E9B089953F8042B0E9311805546FEF7DFBF44F3C0194B4641
S32D000168F064B2FEF7BFBE0C990A9828AA02F07EFB00287EF43AAFDDE9293222990DF1AC083DE700BF20AF0100A9
S32D0001691818AF010034AF01000C990A9828AA02F069FB00287EF425AF2A9C0DF1AC08FFF72ABB0623079356E477
S32D00016940DDE91235EB189E421997B346DDF82CA0109F90460C4628BF9B46FFF71EBB229B1093DA1C02DB079AAC
S32D00016968934204DD023E26F02003069377E4109B129A9342C0F2488119F0010F00F01182169A13440B9319F4E8
S32D00016990806F03D0109B002B00F3C7810B9B23EAE3730693672600230F931393BCE42D2200238DF88320079397
S32D000169B8FEF786BE28AA5946504602F01BFB00287EF4D7AE38782A992BAA06448AE50C990A9828AA02F00EFB34
S32D000169E000287EF4CAAE2A9C0DF1AC08FFF7C6BA0C990A9828AA02F001FB00287EF4BDAE229B2A9C0DF1AC0847
S32D00016A08FFF7DCBA0799019126A9049123A9039122A9029103210B9B0A9800915A4600F0D3FB0378302B054603
S32D00016A3000F0F181229B079AB94613440F9FEC180B99584600220023FCF7CCFF10B12346FFF7FDBB269BA342AC
S32D00016A58BFF4F9AB30215A1C26921970269B9C42F9D8FFF7F0BB079B9DF883200E9406930B9307900F90139013
S32D00016A801090FEF71FBE229A1092002A40F3E081079909F001030B4340F0B781109B0B93662619F4806F40F005
S32D00016AA841810B9B23EAE373069378E730238DF8843058238DF88530079B632B47F0020400F3BF8000230D9359
S32D00016AD03BADDDE9141247F481730F931346002B2746C0F285800B9326F02003069300238B461D93612E00F0B7
S32D00016AF84081412E7FF485AB22AA0B99584602F0C9F900224FF07F53FCF700FD02460B46CDE9102300220023F0
S32D00016B20FCF760FF08B101232293AC4B0B93079BCDE912A6CDE91E78DDF82CA0DDE9106703F1FF39AB461095D1
S32D00016B4806E00022002309F1FF39FCF747FFE8B9A14B002230463946FCF7D8FC0F460646FCF784FF0446FCF7C9
S32D00016B7067FC0B46024639463046FCF713FB1AF80430B9F1FF3FD8464D460BF8013B06460F46DAD130463946A5
S32D00016B98924BDDF848A0139ECDF848800022A946DDF87C80109D1E9FCDE91001FCF73EFF002855D1DDE910018E
S32D00016BC0884B0022FCF70EFF08B1E1074CD44B46002B06DB01335B4430220BF8012B5B45FBD1ABEB0503B946F6
S32D00016BE812930F9FFFF731BB26F020030693DDE914349B4604F100430B932D231D9375E700230793FEF796BC52
S32D00016C10129B169A9A18109B0B92002B40F3098167263EE70C990A9828AA02F0E7F900287EF4A3AD229D129B23
S32D00016C382A9C5D1B0DF1AC08FFF7D8B9079BEC18FAE60A98591CFDF779FC0546002800F026810D9039E7302396
S32D00016C608DF88430782329E7129B26930B9B1BF8012CD97B8A425B4609D1302003F8010C269B5A1E269213F8E6
S32D00016C88012C9142F6D0392A0BBF0B9A0132927AD2B203F8012CA0E707990B9B0A984C1C26A9049123A90391BF
S32D00016CB022A9029102215A460194009100F088FA0546B9462C440F9FBAE64546884601333244072BCDE92932AE
S32D00016CD8C8F80090C8F804607FF7C2AC0C990A9828AA02F087F900287EF443ADDDE929320DF1AC08B6E4079B11
S32D00016D00002B08BF0123079347F480730F93159B002BC0F2B180DDF850B00D900B931D90FFF77ABA00230D937C
S32D00016D2865E7672619990B78FF2B00F0B2800024109A204603E001300131FF2B08D0934206DAD21A4B78002BD7
S32D00016D50F5D10B780134F4E71991109213900F940F9A139B1C9913440B9A01FB03230B9323EAE3730693FFF76F
S32D00016D78D7BA22AA0B99584602F08CF800224FF07F53FCF7C3FB02460B46CDE9102300220023FCF723FE08B15F
S32D00016DA001232293104B0B93C1E6109B0B93EEE5002963D130228DF892200DF19302303302F8013B24ABD31A61
S32D00016DC81A93FFF796BA06F10F02D2B20121FFF74FBA00BF04AF0100000030400000E03FF0AE0100159B384D26
S32D00016DF0002BB4BF2D229DF88320364BB8BF8DF8832027F08007FEF790BD169BD31819440B91662645E60B995F
S32D00016E18584600220023FCF7E1FD00287FF406AE079BC3F10103229301E6C3F101031A4422EAE2730B920693A5
S32D00016E406726B0E519F0010F3FF462AAFFF75CBA079A09F0010959EA020304D10123069366260B939FE5169BC0
S32D00016E6801331A4422EAE2730B920693662696E50D90BCE60DF192029DE70E9B9AF80160924653F8042B0E93E7
S32D00016E9042EAE2720792FEF74FBB00230F9313935EE7079C0DE70C998B8943F0400213468A81FEF76ABC0223A2
S32D00016EB81A93FFF71EBA0A9A0C2313604FF0FF330893FEF765BC00BFE8AE0100ECAE0100F8B50D461446064631
S32D00016EE010B1836B002B43D0B4F90C20A369A360170790B21BD52369CBB1EDB281042F4622D522686169D31A85
S32D00016F08994229DD0133A1680139A160511C2160157062699A422AD0A389DB0701D50A2D25D03846F8BD214643
S32D00016F30304600F03FF820BBB4F90C20236990B2EDB281042F46DCD442F40052A281626E616922F40052626655
S32D00016F582268D31A9942D5DC2146304601F026F958B922680123CEE701F054F9B8E72146304601F01BF90028BF
S32D00016F80D3D04FF0FF37D0E738B50C46084D8446114620461A4600232B60644603F010FC431C00D038BD2B688A
S32D00016FA8002BFBD0236038BD341B002038B5334B1B6805460C460BB19A6B12B3B4F90C3018079AB225D52169F4
S32D00016FD000292DD012F0010007D00020A06060694042A06139B1002038BD950758BF6069A0600029F7D11206A2
S32D00016FF858BF0846F4D543F04003A3814FF0FF3038BD184601F006F9B4F90C3018079AB2D9D4D1062AD55207C1
S32D0001702014D4216943F00803A3819AB20029D1D102F42070B0F5007FCCD02146284601F013FBB4F90C302169C9
S32D000170489AB2C3E7216B51B104F14002914204D0284601F0D7F9B4F90C300022226321690022C4E9001223F07A
S32D000170702403D7E7092243F040032A604FF0FF30A38138BD1C0D0020024B13B1024800F005B870470000000052
S32D0001709841830100002301461A46184602F026B82DE9F04F03690C69A34283B0C0F28680013C01F11405A3001B
S32D000170C000F11408009355F8243058F8242001338A469A4208EB8401814605EB84070191B2FBF3F638D30023DC
S32D000170E8AE4640469B465EF8041B02681FFA81FC06FB0C33090C4FEA134C06FB01CC99B2ABEB01011FFA8CF373
S32D0001711011FA82F1C3EB124202EB214289B241EA0241774540F8041B4FEA1C434FEA224BDDD2009B58F80330B9
S32D0001713873B9019B043B984504D307E0984504F1FF3403D253F80429002AF7D0C9F810405146484601F076FDA9
S32D0001716000282BDB01364046002355F8041BD0F800C08AB29A1A0B0C12FA8CF2C3EB1C4303EB224392B242EA9D
S32D000171880342AF4240F8042B4FEA2343E9D258F8242008EB84036AB9043B984504D307E0984504F1FF3403D2FC
S32D000171B053F80429002AF7D0C9F81040304603B0BDE8F08F002003B0BDE8F08F000000002DE9F04F016C99B0E7
S32D000171D890469946CDE90489259D044641B1426C4A60012393408B6001F0D0FA00232364B9F1000AB4BF0123A8
S32D0001720000232B60764BBCBF2AF0004ACDF814A033EA0A0300F0AA80DDE904231046194600220023CDE90A01AC
S32D00017228FCF7DCFB074670B1249A01231360269B002B00F0E48269481860431E0393039819B0BDE8F08F16ABFF
S32D00017250019317AB00932046DDE90A2301F0BCFD5FEA1A56054640F09780DDE916763E4406F23240202840F31F
S32D00017278B583C0F140000AFA00FA06F2124028FA00F04AEA0000FCF7C7F80123013EA1F1F8710F93524B0022BF
S32D000172A0FBF780FF48A3D3E90023FCF733F948A3D3E90023FBF778FF804630468946FCF7BFF845A3D3E90023B6
S32D000172C8FCF724F902460B4640464946FBF768FF80468946FCF7CAFB00228346002340464946FCF785FB002875
S32D000172F040F07C82BBF1160F00F26B823B4B03EBCB03D3E90023DDE90A01FCF775FB002872D00023BE1B0E9335
S32D00017318731E0BF1FF3B069300F15E8200230993BBF1000F6BDA099BCDF81CB0A3EB0B030993CBF100030D938A
S32D00017340229B092B4FF0000B66D8052B40F34883043B22930026229B023B032B00F26886DFE813F05C045904CE
S32D0001736850043304249A42F20F73CAF3130A13605AEA08031AD1269B002B00F064861A4B03930833269A039819
S32D00017390136019B0BDE8F08FDDE90A12C2F31303084643F07F510F97A6F2FF36169F41F4401173E7269B002B7C
S32D000173B840F0EA830D4B039341E700BFAFF3008061436F63A787D23FB3C8608B288AC63FFB799F501344D33F74
S32D000173E00000F07F21AF01000000F83F48B0010048AF010044AF0100BE1B731E069300F185840E900990069B4D
S32D000174085B44CDE9063B00230D93229B092B98D90023CDE9223301264FF0FF330C960893089B12930021616469
S32D00017430204601F089F90390002800F00186039B2364089B0E2B00F21381002E00F010810799002940F35C8410
S32D00017458AE4B01F00F0203EBC2034FEA2118C905D3E9006740F11484A94BDDE90A01D3E90823FCF775F9CDE968
S32D00017480100108F00F084FF0030AB8F1000F13D0DFF8849218F0010F09D030463946D9E90023FCF737F80AF101
S32D000174A8010A06460F465FEA680809F10809EDD1DDE9100132463B46FCF752F9804689460E9B43B1934B002247
S32D000174D040464946FCF790FA002840F030855046FBF7AEFF42464B46FCF714F88C4B0022FBF75AFEA1F1507309
S32D000174F8CDE910011193089B002B00F09780079B1493089B13930C9B002B00F0A584139A7E4B8249039E03EBD8
S32D00017520C20353E902230020FCF71EF9DDE91023FBF738FECDE9100149464046FCF79AFA0746FBF77DFF024665
S32D000175480B4640464946FBF729FE3037DDE9102306F8017B80468946FCF74AFA002840F02985CDF854B00027F9
S32D00017570DDE910AB1095139D13942AE00137AF4280F22C85684B504659460022FBF7C2FF654B002282468B46F1
S32D0001759840464946FBF7BAFF89468046FCF766FA0446FBF749FF02460B4640464946FBF7F5FD303406F8014B58
S32D000175C052465B4680468946FCF716FA002840F0F38442464B4651490020FBF7E3FD52465B46FCF709FA002800
S32D000175E8C8D0DDE91343109D039A079302E0964200F0C884B24616F8013D392BF7D00133DBB23370079B01333D
S32D000176100793C8E15046FBF713FF42464B46FBF779FF3F4B0022FBF7BFFDA1F15073CDE9100111933D4B4046C3
S32D0001763849460022FBF7B2FDDDE910894B46424606460F46FCF7F2F98146002840F0AA84DDE91001024601F17C
S32D00017660004330463946FCF7C7F9002840F04583179B002BC0F28C80079A0E2A00F38880244B03EBC203D3E9A3
S32D0001768800AB239B002B1BDA089B002B18DC40F02E83244B002250465946FBF737FF02460B46DDE90A01FCF75C
S32D000176B0ADF9DDF820904E46002800F0C782239BDDF80C80DF43C9E2DDE90A7852465B4638464146FCF748F8E6
S32D000176D8FCF7CCF981460990FBF7AEFE52465B46FBF714FF039E0B46024641463846FBF755FD09F1300306F8E1
S32D00017700013B089B012B00F05C830694012704951C462AE048B0010020B001000000F03F00001C400000E03F45
S32D00017728000024400000144052465B4640464946FCF716F8FCF79AF90546FBF77DFE52465B46FBF7E3FE0137A9
S32D000177500B46024649464046FBF724FD05F13003A74206F8013B00F02983AC4B0022FBF7D1FE0022002380467C
S32D000177788946FCF733F90028D6D0049D069C079B01330793B2460AE10C9A002A3DD0229A012A40F39C82089BD8
S32D000177A003F1FF380D9B4345C0F26D82A3EB0808089B002BC0F23C83069A1A440692099A17461A440992012130
S32D000177C8204601F08BF8064623E00123BE1B0E93731E06937FF5A2ADC6F101030993002306939DE55846FBF7B9
S32D000177F027FE42464B46FCF7F5F800287FF47AAD0BF1FF3B76E5864B0393039819B0BDE8F08FDDF83480099FD9
S32D000178180C9E002F0CDD069900290B4608DD099AB942A8BF3B46D21AFF1ACB1A099206930D9BDBB10C9B002BD7
S32D0001784000F05D82B8F1000F0FDD31464246204601F024F92A4601460646204601F070F829460546204600F061
S32D0001786895FF0D9BB3EB080240F0D8820121204601F034F8BBF1000F814600F3B480229B012B40F386814FF0D3
S32D00017890000A0120BBF1000F40F0B580069A104410F01F0000F09380C0F12003042B40F3D283099BC0F11C006C
S32D000178B803440244099307440692099B002B05DD29461A46204601F045F90546069B002B05DD49461A46204632
S32D000178E001F03CF981460E9B002B40F03681089B002B40F31D810C9B002B40F0A080079B01330793DDF80C803F
S32D00017908DDF820A0012707E0294600230A22204600F046FF0137054649462846FFF7C0FB574500F1300308F862
S32D00017930013BEDDB089A002AC8BF9346039AD8BF4FF0010B93440027294601222046049301F004F94946054624
S32D0001795801F078F9002840F3A8811BF8013C039A0BF1FF3B04E05A4500F0AA811BF8013D392B0BF1010AF6D0D7
S32D0001798001338BF800304946204600F003FF56B12FB1B74203D03946204600F0FBFE3146204600F0F7FE294658
S32D000179A8204600F0F3FE00238AF80030249B079A1A60269B002B3FF442AC0398C3F800A019B0BDE8F08F1C208E
S32D000179D0099B03440993069B03440744069370E70126B8E4C0F1200008FA00F04FE401465A46204601F052F89D
S32D000179F8229B012B814640F3B3814FF0000AD9F8103009EB8303186900F01AFFC0F1200040E700BF00002440D0
S32D00017A2020AF0100314600230A22204600F0BCFE129B002B064640F3E782CDE90783002F00F31A81BAF1000F1A
S32D00017A4840F0D581B046049B039F089903F001027B1E1944229B0C92134309910A9349462846FFF71DFB31465B
S32D00017A708346284601F0EAF8424649468246204601F004F9C26801460BF13003002A42D106902846089301F03D
S32D00017A98D9F806990490204600F078FE049A089B1AB90A99002900F09B82BAF1000FC0F2638122994AEA010AB8
S32D00017AC00C9951EA0A0100F05B81002A00F3B481099A3B7007F1010A9742D34600F0B281294600230A22204604
S32D00017AE800F05EFE4645054631464FF000034FF00A02204612D000F053FE4146064600230A22204600F04CFEFE
S32D00017B1057468046A7E72046049300F03BFE049B0122C6E700F040FE5746064680469AE7229B022B79DC0C9B7C
S32D00017B38002B80D1079B4946013328460793FFF7AFFADDF80CB000F130030BF8013B0027F6E64946284601F0B1
S32D00017B6075F80028BFF6C3AE294600230A22204600F01AFE079B03F1FF380C9B0546002B7FF450AF129B002BDB
S32D00017B8840F335820893B9E6AF4B03930333FFF7F9BBDDE9041200297FF475AEC2F31303002B7FF470AEA94B24
S32D00017BB01340002B00F0FE81099B01330993069B013306934FF0010A63E601230C93239B079A134412930133F2
S32D00017BD8012B1F460893B8BF01270021172F61647FF722AC012204235B0003F11400B842114602F10102F7D97F
S32D00017C00616415E401230C93239B002B4CDD129308931F46E5E700230C93D8E700230C93F2E7129BCDF81C8027
S32D00017C280893089B002B7FF446AD49460522204600F0B6FD01468146284601F003F800287FF739AD0398079F72
S32D00017C503123804600F8013B013703904946204600F098FD7B1CDDF80CA00793CDF80C80002E7FF494AE96E610
S32D00017C7831463A46204600F06DFF0646DEE60D9BCDF83480A8EB03039B444FF000088BE5DDE90A234FF0020A86
S32D00017CA0CDE91023FFF7F1BB012323930893FFF7BBBB03D1049BDB073FF553AEDA461BF8013D302BFAD05EE6E5
S32D00017CC8079B039A013307933123137057E60F9A002A00F0268103F23343069ADDF834801A440692099A174678
S32D00017CF01A44099267E54FF000094E46DFE429460D9A204600F0CAFE0546B3E50E9067E500F00F81079A504BC4
S32D00017D18564206F00F0203EBC203D3E90023DDE90A01FBF7F3FB36118046894600F07181484F00234FF0020A97
S32D00017D40F20706D5D7E90023FBF7E4FB0AF1010A0123761007F10807F2D1002B3FF4B4AB80468946FFF7B0BB5F
S32D00017D68049B002B7FF449AEDDE90412C2F31303002B3FF418AF40E6002A12DD294601222046049300F0E6FE4A
S32D00017D904946054600F05AFF0028049B40F31881392B00F0F9800BF13103BA460AF8013B079B013337460793E6
S32D00017DB84646E4E50995069C049D02460B46FBF7EFF952465B4680468946FBF72FFE60B952465B46404649469F
S32D00017DE0FBF700FE00283FF4CEAC099BD9077FF5CAAC039A02E47168204600F0A5FC0746002800F00E8133695E
S32D00017E0802339A0006F10C010C30FCF79DFE39460122204600F09EFE804614E62946204600F038FE054621E50E
S32D00017E30DDE908239F1AC6E4392B00F0AD80BA460133B3E7079A01323746079246467BE544AF01000000F07F47
S32D00017E5848B0010020B00100DDF84CA0844901EBCA01DDE9102351E90201FBF74FFBCDE9100149464046FBF7AC
S32D00017E80F9FD0646FBF7DCFA0B46024649464046FBF788F9039F53463036012B07F8016B8046894600F0AE80BD
S32D00017EA8139E039B1E44734B002240464946FBF72DFB89468046FBF7D9FD8246FBF7BCFA0AF1300A02460B4650
S32D00017ED040464946FBF766F907F801ABB74280468946E4D1664B0022DDE91001FBF75CF942464B46FBF780FDB6
S32D00017EF8002864D1DDE910235F490020FBF74EF942464B46FBF792FD00283FF4ADABB246013E1AF8013C302BD6
S32D00017F20F9D0149B013307933DE5169BC3F13603D7E6DDE90A894FF0020AFFF7C5BA089B002B3FF467AB129B96
S32D00017F48002B7FF791AB079A013ACDE913324046484B00224946FBF7D9FA804689460AF10100FBF769FA424659
S32D00017F704B46FBF7CFFA434B0022FBF715F9A1F15073CDE910011193FFF7C1BA079B013307933123FFF739BB07
S32D00017F98079BBB4601330793392337460BF8013B4646DCE44FF000094E464BE69A466CE4109D139C149B013369
S32D00017FC00793B246EFE4149B039A0793FFF716BB7FF4EBAEDA077FF5E8AEE1E6DDF854B0109D139CFFF744BB98
S32D00017FE8392BD5D0BAF1000F3FF7D9AED9E6229B022B3FF712AECDF81C809BE53E466DE7229B022B3FF709AEBB
S32D00018010129BCDF81C80089311E54FF0020AFFF753BA194B19483A4640F2EA2101F0A8F8002666643146204674
S32D0001803800F086FB039078B9114B124800224FF4D57101F099F8104B0393FFF7F8B83FF434ACC0F13C00B7E4CF
S32D00018060039B236401224FF0FF33239612930C920893FFF7FDBA00BF48B00100000024400000E03F00001C405D
S32D0001808854AF010068AF010048AF0100B1F90C20F8B50C461107074642D4636842F40062002BA28159DDA56A6F
S32D000180B0002D54D000233E683B6093B212F4805253D1E16901233846A847421C63D0A389A56A5B0705D56368FD
S32D000180D8C01A236B0BB1E36BC01AE169024600233846A847411C3ED13B68002B3BD01D2B01D0162B52D1A3891D
S32D000181002269226023F4006300216160A381216B3E6021B304F14003994202D0384600F075F900202063F8BDAC
S32D000181282669C6B193B2256826609A070CBF63690023AD1BA3600CE0D4F824C0E1692B4632463846E047B0F18F
S32D00018150000CA5EB0C05664416DD002DF0DC0020F8BDE36B002BA2DCF9E7206DB1E7B4F90C302269226023F4DF
S32D000181780063A3810022DB046260C4D52065C2E7A38943F040034FF0FF30A381F8BD3B68002B98D01D2B06D08A
S32D000181A0162B04D0A38943F04003A381F8BD3E60D5E700BF38B50C46054608B1836BA3B1B4F90C00B8B1636E8F
S32D000181C8DB0701D4810515D528462146FFF75EFF636EDA07054602D4A3899B050ED5284638BD00F017F8B4F9A8
S32D000181F00C000028E7D10546284638BDA06DFCF795F9E5E7A06DFCF793F9284638BD00BF014900F001BA00BF0A
S32D000182185D9201002DE9F04782463948FCF782F9DAF83840002C66D1DAF80450354ACAF83C200323CAE9B843FF
S32D00018240DFF8CC90DFF8CC80334F344E04230AF53B72CAF8E8222146C5E90243C5E90044C5E904446C660822D8
S32D00018268AC6105F15C00FCF785FDC5E90759C5E90987EE6205F15800FCF750F9DAF80850254BEB602146C5E9F3
S32D000182900044C5E904446C66AC60AC61082205F15C00FCF76BFDC5E90759C5E90987EE6205F15800FCF736F9B7
S32D000182B8DAF80C50194BEB602146C5E90044C5E904446C66AC60AC61082205F15C00FCF751FD05F15800C5E9C7
S32D000182E00759C5E90A76C5F82480FCF71BF90123CAF838300448BDE8F047FCF719B9BDE8F0470148FCF714B959
S32D00018308FC1A0020118201000D8F0100318F0100718F0100918F010009000100120002000148FCF7FFB800BF2C
S32D00018330F81A00200148FCF7FBB800BFF81A002038B5084B084D5B1B9C1007D0043B1D44013C55F80439984738
S32D00018358002CF9D1BDE8384002F0B2BF0000000000000000F8B5244F0C460646FCF754FDBA685568C4F57E6305
S32D000183800F3325F003052B4423F47F6323F00F03A3F58054B4F5805F07DB00213046FCF737FFBB682B449842E0
S32D000183A804D03046FCF73EFD0020F8BD61423046FCF72AFF01300DD0104ABB682D1B45F001055D601368304668
S32D000183D01B1B1360FCF72AFD0120F8BD00213046FCF716FFBA68831A0F2BDEDD43F001035360054B03491B6889
S32D000183F8C01A0860D5E700BF48110020001B002050150020002961D0F8B50C460646FCF703FD54F8042C7B4F82
S32D00018420A4F1080522F0010105EB010CB868DCF80430604523F0030300F08B80D207CCF8043032D454F8082C42
S32D00018448AD1A1144AA6807F1080082426AD00CEB0304D4F804E0EC68D4601EF0010FA26000F0978041F0010347
S32D000184706B60CCF80010B1F5007F35D27A68CB0848090121013381401143796007EBC30257F83310083AC5E98F
S32D00018498021247F83350CD603046BDE8F840FCF7C1BC0CEB03025268D00710D4194407F10800DCF80830834250
S32D000184C073D0DCF80C20DA60936041F001036B606950D0E7704741F00103B1F5007F44F8043CCCF80010C9D3B0
S32D000184E8B1F5206F4FEA512348D28B0903F1390003F13802C300F818FB580838984259D05A6822F003028A426C
S32D0001851002D99B689842F7D1D868C5E902308560DD603046BDE8F840FCF780BC0CEB03025268D20763D40B44E3
S32D00018538DCE90212CA60916043F001026A603046EB50BDE8F840FCF76DBC0B44D10707D454F8082CAD1A1344D6
S32D00018560D5E90212CA60916043F001026A60284ABD6012689A4293D8264B30461968FFF7F5FE8DE7142B0AD9C8
S32D00018588542B1FD80B0B03F16F0003F16E02C300B1E719448DE703F15C0003F15B02C300A9E741F00103C7E96C
S32D000185B00455C5E902006B60695071E779689210012404FA02F20A437A60A6E7B3F5AA7F06D8CB0B03F1780078
S32D000185D803F17702C3008EE740F25452934206D88B0C03F17D0003F17C02C30083E74FF47E737E227FE741F032
S32D0001860001036B60CCF800104AE700BF4811002054150020301B00202DE9F8430746884600F538764FF00009F4
S32D00018628D6E90154013D11D4A389012B05F1FF3508D9B4F90E300133214603D03846C04749EA00096B1C04F1F3
S32D000186506804EDD13668002EE6D14846BDE8F883004870474C1600202DE9F0418B890C46990796B008D504F1BA
S32D0001867843030122C4E90432236016B0BDE8F081B4F90E100029064627DB6A4600F05CFE002821DB019D05F431
S32D000186A07045A5F50055B5FA85F54FF480686D094FF4006741463046FBF744FFB4F90C30F0B1204AF26343F0E5
S32D000186C88003C4F81480A3812060206135BB3B43A38116B0BDE8F081A38913F0800519D04FF0400841463046FC
S32D000186F0FBF728FF0025B4F90C302F460028E0D19A05BED423F0030304F1430243F002030121C4E90421A38112
S32D000187182260B2E74FF480682F46C7E7B4F90E10304600F027FE10B9B4F90C30CFE7A38923F0030343F001038F
S32D000187401BB2C8E711820100C36C70B505460C464BB153F8240080B1026843F824200023C0E9033370BD212212
S32D00018768042100F029FD0346E8640028EDD1002070BD012101FA04F6721D9200284600F01BFD0028F3D0C0E99D
S32D000187900146E4E731B1C36C4A6853F82200086043F82210704700BF2DE9F0410D6907460E461C4601F1140E59
S32D000187B80020DEF800108BB202FB03434FEA134C090C02FB01CC01309BB203EB0C4385424EF8043B4FEA1C44F5
S32D000187E0EBDC3CB1B368AB4207DD06EB850301355C6135613046BDE8F081716838460131FFF7A2FF8046A8B1FD
S32D000188083269023206F10C0192000C30FCF79CF9FB6C726853F82210316043F82260464606EB850301355C6114
S32D000188303561DFE7024B03484246B52100F0A0FC54AF0100C4AF0100020C12040346CAB90304102013F07F4FCB
S32D0001885804BF1B02083013F0704F04BF1B01043013F0404F04BF9B000230002B05DB13F0804F00F1010008BF4C
S32D00018880202070470020E5E70368024613F0070007D0D9071DD498071FD55B0813600120704799B209B91B0C0C
S32D000188A81020D9B209B908301B0A190704BF1B090430990704BF9B080230D90703D45B0800F1010003D0136002
S32D000188D0704700207047202070479B0813600220704700BF38B5C36C04460D464BB15868B0B102685A6000222A
S32D000188F80123C0E90435C26038BD2122042100F05BFC0346E0640028EDD1094B094800224FF4A07100F030FCDB
S32D000189201C220121204600F04BFC0028F1D001220223C0E90123DEE754AF0100C4AF01002DE9F04F0E691569A6
S32D00018948AE4285B08846144605DB2A46234635460C4616469846A3686168AF19BB42B8BF0131FFF7EDFE01903F
S32D00018970002800F08780019B03F1140909EB870AD14505D24B46002243F8042B9A45FBD808F1140808EB860B32
S32D0001899804F11403D8451A4603EB85055FD22B1B153B23F0030304331534A54238BF0423CDE902A7AC461F4694
S32D000189C0924605E0000C29D1C34509F1040948D958F8040B85B2002DF4D056464C46002356F8040B216882B2A3
S32D000189E81FFA81FE05FB02EE000C0A0C734405FB002202EB13429BB243EA0243B44544F8043B4FEA1243E7D81B
S32D00018A1049F8073058F8040C000CD5D0D9F80030544619464D4600222688090C00FB06110A449BB243EA02431D
S32D00018A3845F8043B54F8046B2968360C8BB200FB063303EB1243A4454FEA1342E8D8C34549F8073009F1040993
S32D00018A60B6D8DDE902A7002F02DC05E0013F03D05AF8043D002BF9D0019B18461F6105B0BDE8F08F034B044871
S32D00018A88019A40F25D1100F077FB00BF54AF0100C4AF010012F003032DE9F0411446064632D10D46A41020D0FC
S32D00018AB0D6F84880B8F1000F33D0E3074FF0000707D4641015D0D8F80000A8B18046E307F7D5424629463046D0
S32D00018AD8FFF732FFB5B16968F36C641053F821202A6043F821500546E9D12846BDE8F081424641463046FFF778
S32D00018B001FFFC8F8000007608046E0E70546D8E7013B0F4A52F823200023FFF745FE0546C4E701213046FFF768
S32D00018B280FFE804640B1012340F27122C0E904320023B0640360BCE7044B054842464FF4A07100F019FB00BF1A
S32D00018B5010B1010054AF0100C4AF01002DE9F0470C4690462669A368496806EB6216751C9D4207464FEA621922
S32D00018B7804DD5B009D4201F10101FADC3846FFF7DFFD8446002851D0B9F1000F00F114000EDD09F105024FEAA3
S32D00018BA0820E03460CEB8202002143F8041B9342FBD1AEF114031844216904F1140318F01F0803EB81012DD0F2
S32D00018BC8C8F1200986464FF0000A1A6802FA08F242EA0A024EF8042B53F8042B994222FA09FAF2D80B1B153BAE
S32D00018BF023F00303043304F11502914238BF0423BAF1000F18BF2E4640F803A0FB6C6268CCF8106053F8221047
S32D00018C182160604643F82240BDE8F087043853F8042B40F8042F9942F9D8EBE7034B0448624640F2D91100F060
S32D00018C409FFA00BF54AF0100C4AF01000B6984460069C01A15D10CF1140C14310CEB830210B401EB830301E0D9
S32D00018C68944508D252F8044D53F8041D8C42F7D004D24FF0FF3010BC70477047012010BC704700BF2DE9F84F50
S32D00018C900F691369FF1A002F0E4690467AD101F11405143202EB830205EB830301E09D4273D253F8041D52F810
S32D00018CB8044DA142F7D064D37168FFF741FD8146002872D03569D8F81020C76008F1140E06F1140009F1140A1A
S32D00018CE006F1100C0EEB820200EB8507564600215EF8044B5CF804BFA3B211FA8BF1CB1A210CC1EB1B4101EB03
S32D00018D0823419BB243EA0143724546F8043B4FEA2141E9D8A2EB0804153C08F11508424524F0030606F10406E5
S32D00018D3038BF0426304424F0030238BF002287425244B24416D95646044654F8043B11FA83F10A1402EB1342B9
S32D00018D5889B241EA0243A74246F8043B4FEA2241EFD87A1E101A20F00302524423B952F8043D013D002BFAD071
S32D00018D80C9F810504846BDE8F88F334601274646984695E7F9DB002792E70021FFF7D4FC814668B101220023E1
S32D00018DA8C9E904234846BDE8F88F074B07484A464FF4107100F0E0F9034B04484A4640F2322100F0D9F900BF1B
S32D00018DD054AF0100C4AF010070B5012182B016461D46FFF7B1FC044600284BD02B46C5F30A55C3F313030DB182
S32D00018DF843F48013002E019322D068460096FFF73FFD002836D0019B0099C0F1200203FA02F20A43C34001934D
S32D00018E206261002B14BF02210121A3612161ADB1069AA5F2334303441360079BC0F135001860204602B070BD8D
S32D00018E4801A8FFF71DFD019B0121C4E904132030002DE9D104EB8102A0F232431069069A1360FFF7EDFC079B03
S32D00018E70C0EB41112046196002B070BDDDE900236261CEE7034B0448224640F20A3100F077F900BF54AF010025
S32D00018E98C4AF0100DFF860C0F8B521F000430027634504460D461646176022DC844653EA0C0C1ED0DFF844C01A
S32D00018EC001EA0C0C0A46BCF1000F09D10E4B0022FAF720FB6FF0350704460A4621F0004322F0FF421B1522F4F1
S32D00018EE8E002A3F2FE3342F07F553B4445F40015336020462946F8BDFFFFEF7F0000F07F0000504310B50C463E
S32D00018F10B1F90E1000F076FA002803DB236D0344236510BDA38923F48053A38110BD00BF2DE9F0410C46B1F9CF
S32D00018F380C101F46CB05054616460BD421F48051A1813B46B4F90E1032462846BDE8F041FEF716B8B4F90E1095
S32D00018F600223002200F022FAB4F90C10EAE700BF10B50C46B1F90E1000F018FAA389421C0EBF23F4805343F4DD
S32D00018F8880532065A38110BDB1F90E1000F050B930B540EA0104A30701D1032A0FD8844601F1FF3E07E01EF816
S32D00018FB0011F03F8011B541EC1B19C4622466346002AF4D130BD0B468446194653F8045BA5F1013424EA0504A2
S32D00018FD814F0803FE4D1043A032A4CF8045B1946EFD8DDE76244002CE8D003F8011B9342FBD130BD2DE9F04F76
S32D00019000936883B09146002B6DD017688D6880460C460868083743E0A38913F4906F2ED0D4E90415A0EB010ADA
S32D0001902805EB450505EBD5750AEB06006D100130A8422A4684BF05462A465B0536D511464046FBF77BFA0028CD
S32D000190503AD0524621690190FBF77AFDA289019B22F4906242F08002A281A5EB0A0203EB0A006561A260236145
S32D0001907820603546B24659465246FBF7FFFDD9F80830A16820684D1B50449E1BA5602060C9F808601EB30837A4
S32D000190A057E902B6002EFAD0B542AA46B4D93546B246E4E74046FBF7BFFE03460028D4D121694046FFF7A2F913
S32D000190C80C23C8F80030A389002243F040034FF0FF30A381C9E9012203B0BDE8F08F0020C9F8040003B0BDE81B
S32D000190F0F08F00BF2DE9F047DFF87CA00646DAF8000098460F469146FBF710FA1B4B1B68D3F8484124B36568CE
S32D000191181F2D26DC5EB96B1C0235DAF80000636044F82570FBF700FA0020BDE8F08704EB85010123C1F888900D
S32D00019140D4F88821AB401A43022EC4F88821C1F80881E4D1D4F88C211343C4F88C31DEE703F5A674C3F8484154
S32D00019168D5E7DAF80000FBF7DFF94FF0FF30DCE758150020DCAE010000B50B4C25681446EE681A4685B0034610
S32D000191900D464CB107490095CDE901143046064900F0C2F8FBF718F804490C46F3E700BF1C0D00201CB10100F0
S32D000191B82CB1010028B1010038B5A1FB02148CBBFBF7BCF90546E0B150F8042C22F00302043A242A17D8132A20
S32D000191E01AD91B2AC0E900441DD9242A14BF00F1100200F118024FF00003C0E9024404BF04614461C2E900333A
S32D000192089360284638BD2146FBF7B4FD284638BD02460023C2E900339360284638BD00F10802F6E7FAF7DCFF31
S32D000192300C2300250360E8E738B5074D0022044608462A6001F076FA431C00D038BD2B68002BFBD0236038BD7E
S32D00019258341B002070B500294BD006460C4610B1836B002B48D0636ED80734D5B4F90C30002B3ED021463046C7
S32D00019280FEF708FFE36A054633B1E169304698470028B8BF4FF0FF35A3891A063BD4216B41B104F140039942AA
S32D000192A802D03046FFF7AEF800232363616C21B13046FFF7A7F800236364FFF731F8636E0022DB07A28127D563
S32D000192D0A06DFBF729F9FFF72DF8284670BDA3899905CBD4A06DFBF721F9B4F90C30002BC4D1656E15F001058F
S32D000192F808D00025284670BDFEF78CFF636ED807B4D4E8E7A06DFBF70FF9284670BD21693046FFF777F8BEE77C
S32D00019320A06DFBF705F9D3E70EB410B583B005AB064C53F8042B01930146206800F0B4F803B0BDE8104003B0D7
S32D00019348704700BF1C0D002070B50C46084D03460026204611461C462E6001F0EFF9431C00D070BD2B68002B5C
S32D00019370FBD0236070BD00BF341B002038B5074D0022044608462A6001F0ECF9431C00D038BD2B68002BFBD01D
S32D00019398236038BD341B0020014B93F8280170475C15002038B50C46084D8446114620461A4600232B606446A4
S32D000193C001F0E0F9431C00D038BD2B68002BFBD0236038BD341B002082B049B15AB16BB113780B601278101E1F
S32D000193E818BF012002B0704701A9002AF3D1104602B070476FF00100F4E700BF38B50C46084D84461146204689
S32D000194101A4600232B60644601F0BCF9431C00D038BD2B68002BFBD0236038BD341B00202DE9F84F4B6E9C0485
S32D0001943890462DD59368126843B38B46064602F1080959E9025A5FEA9A0715D0043D002401E0A7420ED055F8DA
S32D00019460041F5A46304600F091FF431C04F10104F3D10023C8E90133BDE8F88FD8F808302AF0030AA3EB0A0309
S32D00019488C8F8083009F10809002BDAD10020ECE7FAF7ACFE0023C8E90133BDE8F88F00BF2DE9F04FBDB0CDE9E3
S32D000194B004301C460191174618B1836B002B00F08682019A536EDE0740F18F81B2F90C108AB2900408D441F404
S32D000194D8005201994B6E8A8123F4005392B24B66110740F1F780019B1B69002B00F0F28002F01A030A2B00F0B5
S32D00019500FB8013AB10930023CDE91133CDE90A3308930DF14C09099303933B78002B00F051813C4604E014F81E
S32D00019528013F002B00F02C81252BF8D1E51B40F029812378002B00F041814FF0000300258DF83B30671C6378EC
S32D0001955002954FF0FF3B2B240137A3F120025A2A00F25281DFE812F098025001500194025001500150016A005E
S32D000195785001500136026B0250014102A6025001A2025B005B005B005B005B005B005B005B005B005001500177
S32D000195A05001500150015001500150015001230284005001500150015001500150015001500150015001DD00B5
S32D000195C8500150015001070250015902500150011E0550015001500150015001500150015001500150012302B8
S32D000195F086005001500150014F02860080005001450250018102DF006F028000500107027E003E055001500183
S32D00019618400550017E00A3F13002002117F8013B01EB810102EB4101A3F13002092AF5D902918EE7DDF8148008
S32D000196404046FFF70DF843680A931846FBF7B8FE0B9006464046FFF703F883680993002E40F07B843B7877E7D9
S32D000196683B7845F0200573E745F01005AC06049E40F16F81073626F007063246736852F8086B04929846002B9E
S32D00019690C0F22D84BBF1FF3F00F0108556EA080325F0800A00F008840A2E78F1000380F0BD84303601238DF80F
S32D000196B8EF60554600930DF1EF04DDF800809DF83B30D845B8BFD846002B00F0A88008F10108A4E0019D05980A
S32D000196E02946FDF767FC002840F08885AA8902F01A030A2B7FF405AF0199B1F90E30002BFFF6FFAE4B6EDE07A5
S32D0001970802D4950540F156850199059823463A463DB0BDE8F04F00F093BD45F0100515F0200800F00781049EF4
S32D00019730073626F007063346D6F8048053F8086B049325F4806A00234FF000028DF83B20BBF1FF3F00F0C88120
S32D0001975856EA08022AF0800540F0C181BBF1000F40F0AB84002B40F0A8831AF00103009300F0D68330238DF825
S32D00019780EF300DF1EF049CE7E51B1BD0119B129A01332A44072BC9E900751292119305DC09F10809039B2B44A8
S32D000197A80393C6E6002A00F07F830199059810AAFFF73AFE40B90DF14C09EFE7129B002B40F009850023119396
S32D000197D0019A536ED90740F1A68093895B0600F1198503983DB0BDE8F08F019BB3F90C108D058AB23FF56DAE9E
S32D000197F81D46986DFAF796FEB5F90C108AB264E6002BDBD08DF88C304FF001084FF000038DF83B30CDF800802F
S32D0001982023AC4FF0000B15F00203069318BF08F1020815F08403079305D1029BA3EB0806002E00F36C82DDE979
S32D000198481121501C9DF83B608EB10DF13B020131C9F8002007284FF00102CDE91101C9F8042000F33B82024680
S32D0001987009F108090130069BDBB10FAB0231C9F8003007284FF00203CDE91101C9F8043040F34082002900F044
S32D0001989806830199059810AAFFF7C6FD002893D1DDE911210DF14C09501C079B802B00F05881009BABEB0306DB
S32D000198C0002E00F3B681009BC9F8004019440728CDE91101C9F8043040F34481002900F072820199059810AA46
S32D000198E8FFF7A2FD00287FF46FAF12990DF14C09680705D5029BA3EB0804002C00F36982DDE902234245ACBF9E
S32D000199109B1843440393002940F0D581002311930DF14C09F9E5019B9B899A053FF556AF019CA06DFAF7FCFD85
S32D00019938A3894FE715F0100340F0238315F0400200F0EB83049A52F8046B04929846B6B2F3E656F8043B0496D8
S32D00019960E80600F1ED82690640F1E78243F3C0381EB243468BE6049E56F8044B4FF000038DF83B30002C00F0FC
S32D00019988B183BBF1FF3F00F02E835A4600212046FBF78AF8002800F01284031B009304964FF0000B89E6049E02
S32D000199B04FF000038DF83B304FF0010856F8043B8DF88C300496CDF8008023AC29E7FEF725FC76E5049B53F827
S32D000199D8042B0292002A80F29F82029A0493524202923B7845F00405B2E53B786C2B03BF7B7845F0200501376C
S32D00019A0045F01005A8E53B78682B03BF7B7845F40075013745F040059EE545F0100A1AF0200800F05582049E98
S32D00019A28073626F007063346D6F8048053F8086B0493012384E63B788DF83B4088E5049B53F8046B049330239E
S32D00019A508DF83C3078238DF83D30B94B089345F0020A4FF0000802236EE6AE0600F18382EC0600F13383680618
S32D00019A7800F19283A90540F12D83049E039A56F8043B04961A7044E53B7845F001055FE59DF83B30002B7FF441
S32D00019AA0E1AD20238DF83B303B7855E53B7845F0800551E5394611F8013B2A2B00F0B383A3F13002092A0F46B9
S32D00019AC84FF0000B3FF645AD17F8013B0BEB8B0B02EB4B0BA3F13002092AF5D939E5AA46012B3FF4DDAD022BF9
S32D00019AF03CAC12D1089A06F00F033609D35C04F8013D46EA08764FEA181856EA0803F2D13CAB1B1B55460093BA
S32D00019B18D3E506F00703F60846EA48764FEAD808303356EA0801224604F8013DF1D11AF0010FE9D0302BE7D06C
S32D00019B403023023A04F8013C3CAB9B1A554600931446B6E50099139401231491129111930DF14C0909F10809C1
S32D00019B68C6E6029BA3EB0806002E7FF7A2AE102E40F35183DFF8C4A15346CDE906B4BA46DDF814B0019C2F46C0
S32D00019B901D4607E002F1020C09F108090246103E102E1EDD501C103110230728CDE91101C9F80050C9F80430A4
S32D00019BB8ECDD10AA002900F08B80214658460DF14C09FFF731FC00287FF4FEADDDE91121103E102E02F1010C92
S32D00019BE0E0DCDDE906B42B463D4657469A463144BCF1070FCDE911C1C9F800A0C9F8046040F39581002900F001
S32D00019C08BB820199059810AAFFF70EFC00287FF4DBAD009BDDE91121ABEB0306002E02F101000DF14C097FF7BF
S32D00019C304AAE102EDFF80CA131DD5346CDE90645BA46059C019D4FF0100B1F4607E002F1020C09F1080902466A
S32D00019C58103E102E19DD501C10310728C9E9007BCDE91101EFDD10AA19B3294620460DF14C09FFF7D9FB00281E
S32D00019C807FF4A6ADDDE91121103E102E02F1010CE5DCDDE906453B46604657469A4631440728CDE91101C9F8C8
S32D00019CA800A0C9F8046000F3E68009F10809013005E64FF0010C0A460DF14C09C8E70199059810AAFFF7B0FB18
S32D00019CD000283FF423AE7BE54FF0010C0A460DF14C095CE7002900F0DB800199059810AAFFF79EFB00287FF418
S32D00019CF86BADDDE911210DF14C09501CB7E502210FAB1491139301200DF14C09024609F10809501CC9E5102E8B
S32D00019D2040F35782DDE911C1DFF81CA0CDE90CB410235446DDF804B0DDF814A062460DE0F0AE010080B2010021
S32D00019D4870B2010002F1020C09F108090246103E102E1BDD501C10310728C9E90043CDE91101EFDD10AA21B3FE
S32D00019D70594650460DF14C09FFF75AFB00287FF427ADDDE91121103E102E02F1010C4FF01003E3DCA246DDF830
S32D00019D9830B00D9C62463144072ACDE91121C9F800A0C9F8046000F3A78009F10809501C48E50A464FF0010CFD
S32D00019DC00DF14C09C7E76C07119150D5029BA3EB0804002C4BDD0DF14C09102C40F30982DFF8ECA2119A059EAE
S32D00019DE8DDF804B053461025BA461F4606E0901C09F108091A46103C102C19DD531C1031072BC9E90075CDE956
S32D00019E101131F0DD10AA29B359463046FFF708FB00287FF4D5ACDDE91121103C102C02F101000DF14C09E5DCCC
S32D00019E383B4657469A4621440728C9E900A4CDE911017FF75DAD71B10199059810AAFFF7EBFA00287FF4B8ACDE
S32D00019E60129951E501200A460DF14C09C7E7DDE902234245ACBF9B18434403934EE500293FF468AE01990598F7
S32D00019E8810AAFFF7D1FA00287FF49EAC1198129901300DF14C0912E5069B002B77D101200A460DF14C0900E5BF
S32D00019EB011920DF14C0975E4BBF1000F7FF4F9AB55464FF0000BCDF800B03CACFFF7F9BB1AF010033AD11AF044
S32D00019ED8400200F01381049A52F8046B04929846B6B201232CE42D2376428DF83B3068EB4808AA46012327E474
S32D00019F0000297DD00199059810AAFFF791FA00287FF45EACDDE911210DF14C09501C95E404933B78FFF718BB62
S32D00019F283CACFFF7CABB09F108090CF101006246BFE4AA0500F138814FEAE3781E464346FFF7A1BB049B53F83D
S32D00019F50046B04930123FFF7F7BB099B002B3FF481AB099B1B78002B3FF47CAB3B7845F48065FFF7F1BADDE9EE
S32D00019F78031656F8042B0496CB17C2E90013FFF7C8BA049B53F8046B0493FFF7D6BB02210FAB149113930DF1D5
S32D00019FA04C09B8E64B4A089215F0200836D0049E073626F007063246D6F8048052F8086B0492EA0709D556EA0F
S32D00019FC8080206D08DF83D30302345F002058DF83C3025F4806A0223FFF7B2BBAA461AE53B4A0892DCE7204656
S32D00019FF00496FBF7E5F94FF0000B0090FFF761BB9DF83B20002A00F0C18001200DF13B02149013920DF14C09A9
S32D0001A018014628E415F0100242D0049A52F8046B0492CAE70AF48063CDF800B0CDF81890BB46DDF8249000258D
S32D0001A0403CAC1F4609E03046414600F0F1F90A2E78F100031BD306468846304641460A22002300F0E5F91146C7
S32D0001A068303104F8011C0A220023013C0135002FE5D099F80010A942E1D1FF2DDFD00A2E78F1000364D23CABCF
S32D0001A0901B1BCDF824905F46DDF81890DDF800B000935546FFF70DBB15F0400147D0049951F8046B0491904642
S32D0001A0B8B6B282E7AA46FFF7F3BA012BAA467FF412ADFFF7F2BA00BF70B2010004AF0100F0AE0100049E039AB1
S32D0001A0E056F8043B1A600496FFF717BABBF1060FD84628BF4FF00608504CCDF800800496FFF78FBB049B1AF46E
S32D0001A108007814BF53F8046B53F8046B04931CBF9046F6B20123FFF713BB049B15F4007814BF53F8046B53F899
S32D0001A130046B04931CBF9046F6B2FFF702BB049A15F4007814BF52F8046B52F8046B04921CBF8846F6B234E788
S32D0001A1580B9B0A99E41A1A462046FEF719FF99F801300BB109F10109304641460A220023002500F059F96AE738
S32D0001A18001200A460DF14C09FFF797BB069B002B7FF4B9AD0A4601200DF14C09FFF78DBB049E039A56F8043B31
S32D0001A1A804961A80FFF7B5B943F3C0185EB24346FFF769BA886DFAF7B7F9FFF7A5BACDF800B004968346FFF777
S32D0001A1D078BA119A1299DFF868A00132DFE50199059810AAFFF724F900283FF4EFAAFFF7EFBA1198DFF848A003
S32D0001A1F8013020E6019B5B6EDB0707D4019B9B899F0503D4019B986DFAF78EF94FF0FF330393FFF7E2BADFF81B
S32D0001A22024A08446E3E4049A7B780F4652F8041B049241EAE17BFFF78FB900BF18AF010070B2010080B2010033
S32D0001A248F0B51F468B89ADF26C4D23F00203ADF80C304B6E1993CB89ADF80E30CB6907934B6A09931AAB009365
S32D0001A27004934FF48063154606460293059316A800230C460693FAF74DF92A463B4669463046FFF709F9051EFA
S32D0001A29807DB69463046FDF789FF002818BF4FF0FF35BDF80C305B0603D5A38943F04003A3811698FAF734F9E6
S32D0001A2C028460DF26C4DF0BD49B1FF2A02D80A70012070478A2303604FF0FF3070470846704700BF2DE9F0430B
S32D0001A2E883B0074688461446FFF756F8012803D108F1FF33FE2B37D9424604F15C0301A9384600F073F8421C3D
S32D0001A310064633D038B39DF804C00DF10509002509E023685A1C226083F800C00135B54219D219F801CBA368B3
S32D0001A338013B002BA360F0DAD4F818E0734561462246384602DBBCF10A0FE6D1FCF7C0FD431CE7D106463046D6
S32D0001A36003B0BDE8F0834646304603B0BDE8F0835FFA88FC8DF804C00646CEE7A389304643F04003A38103B020
S32D0001A388BDE8F08330B5536E13F0010FB2F90C30144683B005469AB201D198051CD5900406D4626E43F40053A2
S32D0001A3B042F40052A381626622462846FFF792FF636EDA07054602D4A3899B0502D5284603B030BDA06DFAF72B
S32D0001A3D8ABF8284603B030BDA06D0191FAF7A2F8B4F90C3001999AB2D9E700BF70B5054684B01C4639B10B4EE4
S32D0001A400D6F8E060B047431C09D004B070BD0A460649D1F8E06001A9B047431CF5D100228A2322602B6004B011
S32D0001A42870BD00BF5C15002053B94AB9002908BF00281CBF4FF0FF314FF0FF3000F074B9ADF1080C6DE904CEB2
S32D0001A45000F006F8DDF804E0DDE9022304B070472DE9F047089E0D4604468846002B4DD18A42944668D9B2FAA6
S32D0001A47882F252B101FA02F3C2F1200120FA01F10CFA02FC41EA030894404FEA1C45210CB8FBF5FE1FFA8CF757
S32D0001A4A005FB1E8341EA03430EFB07F199420BD91CEB03030EF1FF3080F01E81994240F21B81AEF1020E634472
S32D0001A4C85B1AA4B2B3FBF5F005FB103344EA034400FB07F7A7420AD91CEB040400F1FF3380F00881A74240F244
S32D0001A4F0058164440238E41B40EA0E4000211EB1D4400023C6E90043BDE8F0878B4208D9002E00F0EE800021CE
S32D0001A518C6E900050846BDE8F087B3FA83F100294AD1AB4202D3824200F2F980841A65EB030301209846002E7F
S32D0001A540E2D0C6E90048DFE702B9FFDEB2FA82F2002A40F09180A1EB0C054FEA1C471FFA8CFE0121B5FBF7F3C2
S32D0001A56807FB1350250C45EA00450EFB03F0A84208D91CEB050503F1FF3802D2A84200F2CB8043462D1AA4B296
S32D0001A590B5FBF7F007FB105544EA05440EFB00FEA64508D91CEB040400F1FF3502D2A64500F2BB802846A4EB37
S32D0001A5B80E0440EA03409EE7C1F120078B4022FA07FC4CEA030C20FA07F405FA01F31C43FD404FEA1C4900FA2C
S32D0001A5E001F3B5FBF9F8200C1FFA8CFE09FB185540EA054508FB0EF0A84202FA01F20BD91CEB050508F1FF3A02
S32D0001A60880F08880A84240F28580A8F1020865442D1AA4B2B5FBF9F009FB105544EA054500FB0EFEAE4508D94C
S32D0001A6301CEB050500F1FF346CD2AE456AD90238654440EA0840A0FB0294A5EB0E05A542C846A64656D353D0FC
S32D0001A6585EB1B3EB080265EB0E0505FA07F722FA01F3CD401F43C6E900750021BDE8F087C2F1200320FA03F1F8
S32D0001A6800CFA02FC25FA03F395400D434FEA1C471FFA8CFEB3FBF7F107FB11302B0C43EA004301FB0EF09842DA
S32D0001A6A804FA02F408D91CEB030301F1FF382FD298422DD9023963441B1AADB2B3FBF7F007FB103345EA0345D0
S32D0001A6D000FB0EF3AB4208D91CEB050500F1FF3816D2AB4214D902386544ED1A40EA014138E73146304607E746
S32D0001A6F88646E5E61846FAE64B45A9D2B9EB020864EB0C0E0138A3E74046EAE7204694E74146D1E7D0467BE78A
S32D0001A720023B654432E7084609E76444023842E7704700BF024B58221A604FF0FF307047341B0020024B5822B0
S32D0001A7481A604FF0FF307047341B0020024B58221A604FF0FF307047341B0020024B58221A600020704700BF28
S32D0001A770341B0020024B58221A604FF0FF307047341B0020024B58221A604FF0FF307047341B0020024B5822DA
S32D0001A7981A604FF0FF307047341B0020044A05491368002B08BF0B461844106018467047381B00203C1B00205F
S32D0001A7C0024B58221A604FF0FF307047341B0020FEE700BF3131333044364B4B52000000333353403333F33F39
S32D0001A7E83333F33F0000C03F0000C03F9A99993F343034006F6E206C656674006F6E2072696768740000000046
S32D0001A8106F6666206C656674000000006F66662072696768740000006D6964646C6500000000000040787D01F5
S32D0001A83800D8B80500000000000000010000090200001A03000000040000020500001A0600001B0700001A08C4
S32D0001A860000009090000090A00001A0B0000DB0C00001A0D000000000000000F00001A1000001A1100001A12E1
S32D0001A8880000000000001A140000000000001A1600001A1700001A1800001A1900001A1A00001A1B00001B1C0D
S32D0001A8B000001B1D00001A1E0000000000001A2000001A2100001A2200001A2300001A2400001A2500001B265D
S32D0001A8D80000022700001A280000022900001B2A00000000000000000000000000000000000000000000000076
S32D0001A900000000000000000000001A3300001A3400001A350000000000001A3700001B3800000000000000009A
S32D0001A9280000000000001B3C00001B3D000000000000000001010101010101010202020202020000000000003D
S32D0001A95000000000000404040404030301010101010101010000010101010100000101000001010000000000AD
S32D0001A97801000000000000000B0000000A00000007000000060000000500000004000000010000000000000083
S32D0001A9A0000000000100000008000000090000000A0000000B00000011000000100000000F0000000E00000023
S32D0001A9C80D0000000C0000000B0000000A00000009000000080000000700000019000000180000001A000000CF
S32D0001A9F01B0000001C00000001000000060000000F0000000E0000000D0000000C0000000B0000000A000000AF
S32D0001AA1809000000080000000E0000000F000000040000000500000006000000070000001100000001000000B9
S32D0001AA40140000000100000014000000000000001300000000000000130000000B0000000A0000001200000071
S32D0001AA68110000001000000010000000040000000500000007000000060000000B0000000A000000070000005C
S32D0001AA900600000005000000040000000100000000000000000000000100000008000000090000000A0000006B
S32D0001AAB80B00000011000000100000000F0000000E0000000D0000000C0000000B0000000A00000009000000EF
S32D0001AAE0080000000700000019000000180000001A0000001B0000001C0000007630322E30392E3030000000B9
S32D0001AB08256400002D25642E253033640000000025642E2530336400747275650000000066616C736500000057
S32D0001AB30456E74657220636D64206D6F64652E2E2E0000002000000057616974696E6720666F72207265737021
S32D0001AB586F6E73652E2E2E00456E74657220636D64206D6F6465204641494C45440000007769746820446174BE
S32D0001AB80613A2000547279696E6720616761696E2E2E2E00446174613A20000053657420776972656C65737336
S32D0001ABA82069642E2E2E00004572726F7220776974682052435320636F6E66696775726174696F6E0000000081
S32D0001ABD0536574206E6574776F726B2069642E2E2E00000053657420636F7572736520696420286C6F77292ECE
S32D0001ABF82E2E000053657420636F75727365206964202868696768292E2E2E00536574206368616E6E656C2028
S32D0001AC20323620323438304D487A000057726974696E6720636F6E6669672E2E2E0000004578697420636F6DA3
S32D0001AC486D616E64206D6F64652E2E2E000000005465616D204B65792053656E743A2000436F6E6E65637469D7
S32D0001AC706E6720746F20526567696F6E2000000052435320756E61626C6520746F20636F6E6E65637420746FAA
S32D0001AC9820726567696F6E20000000004D616B652073757265206E6F206F746865722050726F746569206172A7
S32D0001ACC06520636F6E6E656374656420746F2074686520726567696F6E000000526573746172742074686520BF
S32D0001ACE8726567696F6E20616E6420726574727920636F6E6E656374696E67207769746820796F75722050721B
S32D0001AD106F7465757321000052435320456E61626C6564205375636365737366756C6C792C2050726F67726134
S32D0001AD386D2072756E6E696E6720696E2033207365636F6E6473000043686F6963653A204100000043686F699C
S32D0001AD6063653A204200000043686F6963653A204300000043686F6963653A204400000043686F6963653A20EA
S32D0001AD884500000043686F6963653A204600000043686F6963653A204700000043686F6963653A204800000093
S32D0001ADB053656C6563742052435320526567696F6E000000410000000000000000000000000000000000000047
S32D0001ADD842000000000000000000000000000000000000004300000000000000000000000000000000000000C7
S32D0001AE00440000000000000000000000000000000000000045000000000000000000000000000000000000009A
S32D0001AE28460000000000000000000000000000000000000047000000000000000000000000000000000000006E
S32D0001AE504800000000000000000000000000000000000000490000000000000000000000000000000000000042
S32D0001AE784A000000000000000000000000000000000000004B0000000000000000000000000000000000000016
S32D0001AEA04C000000000000000000000000000000000000004F6B0000000000000000000000000000000000007D
S32D0001AEC843616E63656C0000000000000000000000000000200D0020494E4600696E66004E414E006E616E0094
S32D0001AEF0303132333435363738396162636465660000000030313233343536373839414243444546000000002F
S32D0001AF18286E756C6C29000030000000202020202020202020202020202020203030303030303030303030308E
S32D0001AF40303030304E614E00496E66696E6974790000000042616C6C6F632073756363656564656400000000C9
S32D0001AF682F746D702F6A656E6B696E732D4743432D31302D706970656C696E652D3333385F323032313130318D
S32D0001AF90385F313633343531363139352F7372632F6E65776C69622F6E65776C69622F6C6962632F7374646C6C
S32D0001AFB869622F64746F612E630000002F746D702F6A656E6B696E732D4743432D31302D706970656C696E658B
S32D0001AFE02D3333385F32303231313031385F313633343531363139352F7372632F6E65776C69622F6E65776C15
S32D0001B00869622F6C6962632F7374646C69622F6D707265632E6300000080E03779C34143176E05B5B5B8934621
S32D0001B030F5F93FE9034F384D321D30F94877825A3CBF737FDD4F1575000000000000F03F0000000000002440BB
S32D0001B05800000000000059400000000000408F40000000000088C34000000000006AF8400000000080842E4181
S32D0001B08000000000D01263410000000084D797410000000065CDCD41000000205FA00242000000E87648374226
S32D0001B0A8000000A2941A6D42000040E59C30A2420000901EC4BCD64200003426F56B0C430080E03779C34143FF
S32D0001B0D000A0D8855734764300C84E676DC1AB43003D9160E458E143408CB5781DAF154450EFE2D6E41A4B4447
S32D0001B0F892D54D06CFF08044F64AE1C7022DB544B49DD9794378EA4405000000190000007D0000002C2066758E
S32D0001B1206E6374696F6E3A2000000000617373657274696F6E2022257322206661696C65643A2066696C6520A8
S32D0001B148222573222C206C696E65202564257325730A000000202020202020202020282828282820202020209D
S32D0001B1702020202020202020202020202088101010101010101010101010101010040404040404040404041060
S32D0001B19810101010101041414141414101010101010101010101010101010101010101011010101010104242AA
S32D0001B1C042424242020202020202020202020202020202020202020210101010200000000000000000000000D0
S32D0001B1E80000000000000000000000000000000000000000000000000000000000000000000000000000000038
S32D0001B210000000000000000000000000000000000000000000000000000000000000000000000000000000000F
S32D0001B23800000000000000000000000000000000000000000000000000000000000000000000000000000000E7
S32D0001B26043000000504F5349580000002E0000002020202020202020202020202020202030303030303030303B
S32D0001B2883030303030303030F8B500BFF8BC08BC9E4670478970010065C4000041CB0000B9EE00000DFD0000B8
S3290001B2B0311E0100DD1E0100991F01005D3001002931010075310100F8B500BFF8BC08BC9E4670475F
S30D0001B2D4A07EFF7F01000000CE
S32D0001B2DC01FFFFFF170034022D0036022B00380229003A022700060230000602250006023200060223000602D0
S32D0001B304340006022100060204002E01040006021F00060204003001040006021D0006020400320104000602A6
S32D0001B32C1B0006020400340104000602190006020400360104000602170006020400380104000602150006029D
S32D0001B35404003A01040006021300060204003C01040006021100060204003E01040006020F0006020400400153
S32D0001B37C040006020D00060204004201040006020B00060204004401040006020900060204004601040006025E
S32D0001B3A40700060204004801040006020500060204004A01040006020300060204004C01040006020100060239
S32D0001B3CC04004E0104000B0204005001040009020400520104000802030054010300080203005401030008025B
S32D0001B3F403001D011A001D010300080203001C011C001C010300080203001B011E001B010300080203001A01DA
S32D0001B41C0400180204001A01030008020300190104001A0204001901030008020300180104001C0204001801F4
S32D0001B444030008020300170104001E0204001701030008020300160104000602150005020400160103000802FA
S32D0001B46C03001501040006021700050204001501030008020300150103000602190005020300150103000802DD
S32D0001B49403001501030005021B000402030015010300080203001501030004021C0004020300150103000802B5
S32D0001B4BC03001501030004021C000402030015010300080203001501030004021C00040203001501030008028D
S32D0001B4E403001501030004021C000402030015010300080203001501030004021C000402030015010300080265
S32D0001B50C03001501030004021C000402030015010300080203001501030004021C00040203001501030008023C
S32D0001B53403001501030004021C000402030015010300080203001501030004021C000402030015010300080214
S32D0001B55C03001501030004021C000402030015010300080203001501030004021C0004020300150103000802EC
S32D0001B58403001501030004021C000402030015010300080203001501030004021C0004020300150103000802C4
S32D0001B5AC03001501030004021C000402030015010300080203001501030004021C00040203001501030008029C
S32D0001B5D403001501030004021C000402030015010300080203001501030004021C000402030015010300080274
S32D0001B5FC03001501030004021C000402030015010300080203001501030004021C00040203001501030008024C
S32D0001B62403001501030004021C000402030015010300080203001501030004021C000402030015010300080223
S32D0001B64C03001501030004021C000402030015010300080203001501030004021C0004020300150103000802FB
S32D0001B67403001501030004021C000402030015010300080203001501030004021C0004020300150103000802D3
S32D0001B69C03001501030004021C000402030015010300080203001501030004021C0004020300150103000802AB
S32D0001B6C403001501030004021C000402030015010300080203001501030004021C000402030015010300080283
S32D0001B6EC03001501030004021C000402030015010300080203001501030004021C00040203001501030008025B
S32D0001B71403001501030004021C000402030015010300080203001501030004021C000402030015010300080232
S32D0001B73C03001501030004021C000402030015010300080203001501030004021C00040203001501030008020A
S32D0001B76403001501030004021C000402030015010300080203001501030004021C0004020300150103000802E2
S32D0001B78C03001501030004021C000402030015010300080203001501030004021C0004020300150103000802BA
S32D0001B7B403001501030004021C000402030015010300080203001501030004021C000402030015010300080292
S32D0001B7DC03001501030004021C000402030015010300080203001501030004021C00040203001501030008026A
S32D0001B80403001501030004021C000402030015010300080203001501030004021C000402030015010300080241
S32D0001B82C03001501030004021C000402030015010300080203001501030004021C000402030015010300080219
S32D0001B85403001501030004021C000402030015010300080203001501030005021B0004020300150103000802F1
S32D0001B87C03001501030006021900050203001501030008020300150104000602170005020400150103000802C9
S32D0001B8A403001601040006021500050204001601030008020300170104001E0204001701030008020300180187
S32D0001B8CC04001C0204001801030008020300190104001A02040019010300080203001A010400180204001A013E
S32D0001B8F40300080203001B011E001B010300080203001C011C001C010300080203001D011A001D0103000802E6
S32D0001B91C0300540103000802030054010300080204005201040009020400500104000B0204004E010400060207
S32D0001B9440100060204004C01040006020300060204004A01040006020500060204004801040006020700060293
S32D0001B96C04004601040006020900060204004401040006020B00060204004201040006020D000602040040012F
S32D0001B994040006020F00060204003E01040006021100060204003C01040006021300060204003A010400060246
S32D0001B9BC1500060204003801040006021700060204003601040006021900060204003401040006021B00060207
S32D0001B9E404003201040006021D00060204003001040006021F00060204002E01040006022100060234000602C0
S32D0001BA0C2300060232000602250006023000060227003A02290038022B0036022D0034021700FFFF430002015A
S32D0001BA34930003019200040191000501900006012B000102630006012A000302620006012900050261000601BF
S32D0001BA5C2800070226000501230006010C000601130006010800010205000902050001021600020105000A01BB
S32D0001BA84090002010500080106000B010700100109000A0106000202050007020500020207000B0104000301FF
S32D0001BAAC02000D010800030102000A0104000E010600100107000E0104000302050005020500030205000E01CF
S32D0001BAD40300130107000F0103001001050010010600100103000402040005020400040204001001020014018A
S32D0001BAFC06000F01020012010400100105001201020005020300050203000502030012010100150105000F0164
S32D0001BB2402001301030010010500120102000602020005020200060203001201010009010500070105000F0150
S32D0001BB4C010008010500070103001001040008010300070103000602020005020200060202001301010007014A
S32D0001BB7408000701040007010900060108000701040006010C000601050006010400050203000502030005021D
S32D0001BB9C020006010E0007010900060104000601090006010A000601040006010B0006010500060105000502EA
S32D0001BBC40300050203000502020006010E0006010B00050104000601090006010A000601040006010B000601C6
S32D0001BBEC0400070105000502030005020300050202000E01060006010B00060103000601090006010B000501A3
S32D0001BC14040006010B0006010300070106000502030005020300050203001001030006010B000601030006017E
S32D0001BC3C090006010B000501040006010B00060103000601070005020300050203000502030011010200060151
S32D0001BC640B00060103000601090006010B000501040006010B000601020006010800050203000502030005022B
S32D0001BC8C04001101010006010B00060103000601090006010B000501040006010B0006010100060109000502F9
S32D0001BCB40300050203000502050017010A00060104000601090006010A000601040006010B000C010A000502BF
S32D0001BCDC03000502030005020700160109000601040006010900070109000601050006010B000B0104000101A2
S32D0001BD0405000502030005020300050210000E0107000701040006010A00070107000601060007010A000A0174
S32D0001BD2C0400030104000602020005020200060211000F0103000801050006010A0008010400080106000D0154
S32D0001BD54040009010300060104000602010005020100060204002801050006010B00120108000C010500120107
S32D0001BD7C0300130204002701060006010C00110109000B010600110104001102050012010100130107000601AA
S32D0001BDA40D000F010B000A0107000F0106000F020600120101001201080006010E000C010E00090108000C018B
S32D0001BDCC09000D020700110102000601020008010A00060110000901110007010A0009010B000B0208000F017B
S32D0001BDF4040006018F0006018F0006018F0006018F0006018F0006018F0006018F0006018F00FFFF000000006E
S32D0001BE1C0000005F00000007000700147F147F14242A7F2A12231308646236495522500005030000001C224176
S32D0001BE44000041221C00082A1C2A0808083E080800503000000808080808006060000020100804023E514945AF
S32D0001BE6C3E00427F400042615149462141454B311814127F1027454545393C4A494930017109050336494949EA
S32D0001BE9436064949291E0036360000005636000000081422411414141414412214080002015109063249794178
S32D0001BEBC3E7E1111117E7F494949363E414141227F4141221C7F494949417F090901013E414151327F080808F0
S32D0001BEE47F00417F41002040413F017F081422417F404040407F0204027F7F0408107F3E4141413E7F09090958
S32D0001BF0C063E4151215E7F09192946464949493101017F01013F4040403F1F2040201F7F2018207F63140814E7
S32D0001BF34630304780403615149454300007F4141020408102041417F00000402010204404040404000010204DE
S32D0001BF5C0020545454787F484444383844444420384444487F3854545418087E090102081454543C7F08040483
S32D0001BF847800447D40002040443D00007F10284400417F40007C041804787C0804047838444444387C1414142D
S32D0001BFAC08081414187C7C080404084854545420043F4440203C4040207C1C2040201C3C4030403C44281028DF
S32D0001BFD4440C5050503C4464544C44000836410000007F0000004136080008082A1C08081C2A0808200D0020B0
S32D0001BFFC000000000C10002074100020DC1000200000000000000000000000000000000000000000000000002A
S32D0001C02400000000000000000000000000000000000000000000000000000000000000000000000000000000ED
S32D0001C04C00000000000000000000000000000000000000000000000000000000000000000000000000000000C5
S32D0001C074000000000000000000000000000000000000000000000000000000000000000000000000000000009D
S32D0001C09C000000000000000001000000000000000E33CDAB34126DE6ECDE05000B000000000000000000000048
S32D0001C0C4000000000000000000000000000000000000000000000000000000000000000000000000000000004D
S32D0001C0EC0000000000000000000000000000000000000000000000000000000000000000000000000000000025
S32D0001C11400000000000000000000000000000000000000000000000000000000000000000000000000000000FC
S32D0001C13C00000000000000000000000000000000000000000000000000000000000000000000000000000000D4
S32D0001C16400000000000000000000000000000000000000000000000000000000000000000000000000000000AC
S32D0001C18C0000000000000000000000000000000000000000000000000000000000000000000000000000000084
S32D0001C1B4000000000000000000000000000000000000000000000000000000000000000000000000000000005C
S32D0001C1DC0000000000000000000000000000000000000000000000000000000000000000000000000000000034
S32D0001C204000000000000000000000000000000000000000000000000000000000000000000000000000000000B
S32D0001C22C00000000000000000000000000000000000000000000000000000000000000000000000000000000E3
S32D0001C25400000000000000000000000000000000000000000000000000000000000000000000000000000000BB
S32D0001C27C0000000000000000000000000000000000000000000000000000000000000000000000000000000093
S32D0001C2A4000000000000000000000000000000000000000000000000000000000000000000000000000000006B
S32D0001C2CC0000000000000000000000000000000000000000000000000000000000000000000000000000000043
S32D0001C2F4000000000000000000000000000000000000000000000000000000000000000000000000000000001B
S32D0001C31C00000000000000000000000000000000000000000000000000000000000000000000000000000000F2
S32D0001C34400000000000000000000000000000000000000000000000000000000000000000000000000000000CA
S32D0001C36C00000000000000000000000000000000000000000000000000000000000000000000000000000000A2
S32D0001C394000000000000000000000000000000000000000000000000000000000000000000000000000000007A
S32D0001C3BC0000000000000000000000000000000000000000000000000000000000000000000000000000000052
S32D0001C3E4000000000000000000000000000000000000000000000000000000000000000000000000000000002A
S32D0001C40C000000000000000000000000000000000000000000000000000000000000000048110020481100200F
S32D0001C434501100205011002058110020581100206011002060110020681100206811002070110020701100202F
S32D0001C45C7811002078110020801100208011002088110020881100209011002090110020981100209811002077
S32D0001C484A0110020A0110020A8110020A8110020B0110020B0110020B8110020B8110020C0110020C0110020BF
S32D0001C4ACC8110020C8110020D0110020D0110020D8110020D8110020E0110020E0110020E8110020E811002007
S32D0001C4D4F0110020F0110020F8110020F811002000120020001200200812002008120020101200201012002049
S32D0001C4FC181200201812002020120020201200202812002028120020301200203012002038120020381200208D
S32D0001C52440120020401200204812002048120020501200205012002058120020581200206012002060120020D4
S32D0001C54C681200206812002070120020701200207812002078120020801200208012002088120020881200201C
S32D0001C57490120020901200209812002098120020A0120020A0120020A8120020A8120020B0120020B012002064
S32D0001C59CB8120020B8120020C0120020C0120020C8120020C8120020D0120020D0120020D8120020D8120020AC
S32D0001C5C4E0120020E0120020E8120020E8120020F0120020F0120020F8120020F81200200013002000130020F2
S32D0001C5EC0813002008130020101300201013002018130020181300202013002020130020281300202813002032
S32D0001C6143013002030130020381300203813002040130020401300204813002048130020501300205013002079
S32D0001C63C58130020581300206013002060130020681300206813002070130020701300207813002078130020C1
S32D0001C6648013002080130020881300208813002090130020901300209813002098130020A0130020A013002009
S32D0001C68CA8130020A8130020B0130020B0130020B8130020B8130020C0130020C0130020C8130020C813002051
S32D0001C6B4D0130020D0130020D8130020D8130020E0130020E0130020E8130020E8130020F0130020F013002099
S32D0001C6DCF8130020F81300200014002000140020081400200814002010140020101400201814002018140020D9
S32D0001C704201400202014002028140020281400203014002030140020381400203814002040140020401400201E
S32D0001C72C4814002048140020501400205014002058140020581400206014002060140020681400206814002066
S32D0001C75470140020701400207814002078140020801400208014002088140020881400209014002090140020AE
S32D0001C77C9814002098140020A0140020A0140020A8140020A8140020B0140020B0140020B8140020B8140020F6
S32D0001C7A4C0140020C0140020C8140020C8140020D0140020D0140020D8140020D8140020E0140020E01400203E
S32D0001C7CCE8140020E8140020F0140020F0140020F8140020F81400200015002000150020081500200815002082
S32D0001C7F410150020101500201815002018150020201500202015002028150020281500203015002030150020C4
S32D0001C81C38150020381500204015002040150020FFFFFFFF00000200F01A0020430000000000000000000000BE
S32D0001C8440000000000000000000000000000000000000000430000000000000000000000000000000000000082
S32D0001C86C000000000000000000000000430000000000000000000000000000000000000000000000000000005A
S32D0001C89400000000430000000000000000000000000000000000000000000000000000000000000043000000EF
S32D0001C8BC000000000000000000000000000000000000000000000000000000004300000000000000000000000A
S32D0001C8E400000000000000000000000000000000000000004300000000000000000000000000000000000000E2
S32D0001C90C000000000000000000000000C9A20100D9930100000000005CB101006CB2010028B1010028B1010042
S32D0001C93428B1010028B1010028B1010028B1010028B1010028B1010028B10100FFFFFFFFFFFFFFFFFFFFFFFFEA
S32D0001C95CFFFF0000010041534349490000000000000000000000000000000000000000000000000000004153B0
S3250001C9844349490000000000000000000000000000000000000000000000000000000000B7
S7050000C25DDB
