S01100002E2E2F50726F746575732E73313966
S32D0000C000000000205DC2000011C3000017C300001DC3000023C3000029C3000000000000000000000000000073
S32D0000C028000000002FC3000035C30000000000003BC3000041C3000045CE000051CE00005DCE000069CE00006A
S32D0000C05075CE000081CE00008DCE000099CE0000A5CE0000B1CE0000BDCE0000C9CE0000D5CE0000E1CE000008
S32D0000C078EDCE0000F9CE000005CF000011CF00001DCF000029CF000035CF000041CF00004DCF000059CF000028
S32D0000C0A065CF000071CF00007DCF000089CF000095CF0000A1CF0000ADCF0000B9CF0000C5CF0000D1CF00004E
S32D0000C0C8DDCF0000E9CF0000F5CF000001D000000DD0000019D0000025D0000031D000003DD0000049D000006F
S32D0000C0F055D00000F514010061D000006DD0000079D0000085D0000091D000009DD00000A9D00000B5D000001B
S32D0000C118C1D00000CDD00000D9D00000E5D00000F1D00000FDD0000009D1000015D1000021D100002DD100002F
S32D0000C14039D1000045D1000051D100005DD1000021F9000069D1000075D1000081D100008DD1000099D10000AD
S32D0000C168A5D10000B1D10000BDD10000C9D10000D5D10000E1D10000EDD10000F9D1000005D2000011D20000EF
S32D0000C1901DD2000029D2000035D2000015F50000DDF3000079F40000C9CB0000B5F5000041D200004DD20000D9
S32D0000C1B859D200009496010000000020C8160000949601000000FF1F00000000C8160020780400000000FF1F24
S32D0000C1E00000000080B489B000AFF860B9607A60BB68FB61FB68BB6100237B617A697B689A420BD2BA69131DFB
S32D0000C208BB61FB69191DF96112681A607B6904337B61EFE700BF2437BD4680BC704780B485B000AF786039609E
S32D0000C2307B68FB600023BB60BA683B689A4208D2FB681A1DFA6000221A60BB680433BB60F2E700BF1437BD46FE
S32D0000C25880BC704780B586B000AF72B6234B4CF220521A80214B4DF628121A80204B4FF4E9721A801F4B7B615F
S32D0000C2807B691F4A934214D27B691A1D7A611B683B617B691A1D7A611B68FB607B691A1D7A611B68BB60BA68E9
S32D0000C2A8F9683869FFF79AFFE6E77B69134A93420ED27B691A1D7A611B68FB607B691A1D7A611B68BB60B9688B
S32D0000C2D0F868FFF7A8FFECE70B4B7B600B4A7B681A6006F02BFD62B600F036FD00F0C8F8FEE700BF0E2005406D
S32D0000C2F800200540BCC10000D4C10000E4C1000008ED00E000C0000080B400AFFEE780B400AFFEE780B400AFF4
S32D0000C320FEE780B400AFFEE780B400AFFEE780B400AFFEE780B400AFFEE780B400AFFEE780B400AFFEE780B426
S32D0000C34800AFFEE7FFFFFFFFFFFFFFFFFFFFFFFFFFFFFFFFFFFFFFFFFFFFFFFFFFFFFFFFFFFFFFFFFFFFFFFF57
S32D0000C370FFFFFFFFFFFFFFFFFFFFFFFFFFFFFFFFFFFFFFFFFFFFFFFFFFFFFFFFFFFFFFFFFFFFFFFFFFFFFFFFC7
S32D0000C398FFFFFFFFFFFFFFFFFFFFFFFFFFFFFFFFFFFFFFFFFFFFFFFFFFFFFFFFFFFFFFFFFFFFFFFFFFFFFFFF9F
S32D0000C3C0FFFFFFFFFFFFFFFFFFFFFFFFFFFFFFFFFFFFFFFFFFFFFFFFFFFFFFFFFFFFFFFFFFFFFFFFFFFFFFFF77
S32D0000C3E8FFFFFFFFFFFFFFFFFFFFFFFFFFFFFFFFFFFFFFFFFFFFFFFFFFFFFFFFFFFFFFFFFFFFFFFFFEFFFFFF50
S32D0000C44010B5054C237833B9044B13B10448AFF300800123237010BDC81600200000000010C4000008B5034B4F
S32D0000C4681BB103490348AFF3008008BD00000000CC16002010C4000090B583B000AF4A4B7B604A4803F099FFD2
S32D0000C490494803F011F90346184605F033FC01231C463DA3D3E9002305F014FF0346002B01D100231C46E3B278
S32D0000C4B8002B0DD03E4803F0FBF8034619463B4804F05CF84FF000003A4902F0E7FDDBE74FF00002384B786871
S32D0000C4E000F086F84FF00002364B374800F080F801223649344800F01BFA4FF00002344B344800F075F84FF01C
S32D0000C508FF323349314800F06FF94FF00002314B2E4800F069F84FF0FF322A492B4800F063F94FF000022C4BA9
S32D0000C530254800F05DF801222649264800F0F8F917A3D3E90023234800F052F84FF0FF322049204800F0ECF9F6
S32D0000C5584FF00002214B1D4800F046F84FF0FF321A491A4800F0E0F90DA3D3E90023174800F03AF801221A49E1
S32D0000C580144800F035F900F025F9002318460C37BD4690BDAFF30080666666666666FE3FCDCCCCCCCCCC144011
S32D0000C5A8CDCCCCCCCCCC104000004842E8190020E41600200000D03F0000F03F0000E03F0000F0C10000B44283
S32D0000C5D0000028400000F0410000344200003840000018400000F83F000020410000000090B587B000AFF86043
S32D0000C5F8C7E900231EA3D3E90023D7E9000105F0D5FB02460B461046194602460B4605F017FA02460B46104640
S32D0000C620194605F077FE03467B61154803F020F8144803F01DF8F86800F026F83861386900F060F90E4803F0F8
S32D0000C64801F804460D4802F0FDFF034623447A699A42CCBF01230023DBB2002B00D0EDE700F036F900BF1C3770
S32D0000C670BD4690BDAFF3008075524D20983E44400417002008170020B0B582B000AF7860124804F0B5FE0346BA
S32D0000C698184605F033FB02460B464FF000000E4905F0AEFC02460B4614461D46786805F025FB02460B462046DB
S32D0000C6C0294605F077FB02460B461046194605F069FE034618460837BD46B0BD341A00200000274000000000A1
S32D0000C6E890B587B000AF0346FB71314B7B61786905F004FB2CA3D3E9002305F057FB02460B461046194602468C
S32D0000C7100B4605F099F902460B461046194605F0F9FD03463B61254802F0A2FF244802F09FFF97F907301846E4
S32D0000C73805F0D2FA4FF00002204B05F037FB02460B461046194605F029FE03461846FFF797FFF8601A4BBB60CA
S32D0000C760F9681A4800F000FEB968F86805F078FF03461946164800F0F7FD104802F066FF04460F4802F062FF80
S32D0000C788034623443A699A42CCBF01230023DBB2002B00D0EDE700F09BF800BF1C37BD4690BD00BFAFF3008060
S32D0000C7B075524D20983E44400000A040041700200817002000004940CDCC8C3FF4160020FC16002080B500AF46
S32D0000C7D80120FFF785FF00F049F94FF0FF30FFF77FFF00BF80BD000090B589B000AFF860B9601346FB71304BAA
S32D0000C800FB613049B86805F0DFFF0346BB61B969F86905F025FF0346184605F073FA26A3D3E9002305F0C6FADB
S32D0000C82802460B461046194602460B4605F008F902460B461046194605F068FD03467B611F4802F011FF1F4868
S32D0000C85002F00EFF97F90730184605F0ADFE0346F968184605F0FCFE03461846FFF70CFF38613B6983F0004364
S32D0000C8781946154800F074FD3969144800F070FD0F4802F0DFFE04460E4802F0DBFE034623447A699A42CCBF8F
S32D0000C8A001230023DBB2002B00D0EDE700F014F800BF2437BD4690BD75524D20983E44405E36B6410000B44351
S32D0000C8C80417002008170020F4160020FC16002080B500AF064800F001FD064800F0FEFC4FF00000044902F096
S32D0000C8F0D9FB00BF80BD00BFF4160020FC1600200000D03F80B582B000AF78607968054800F02AFD79680448C0
S32D0000C91800F026FD00BF0837BD4680BDF4160020FC1600200000000090B589B000AFF860B9601346FB71444B52
S32D0000C940FB614449B86805F03FFF0346BB61B969F86905F085FE0346184605F0D3F938A3D3E9002305F026FAF6
S32D0000C96802460B461046194605F0D0FC03467B61374802F079FE374802F076FEF868FFF77FFE386197F907306D
S32D0000C990B3F1FF3F02D0012B05D009E03969304800F0E2FC04E039692E4800F0DDFC00BF294802F04BFE044679
S32D0000C9B8284802F047FE034623447A699A422EDD274802F075FE0346184605F097F91CA3D3E9002305F05CFC45
S32D0000C9E00346002B1DD1214802F066FE0346184605F088F914A3D3E9002305F04DFC0346002B0ED11A4802F070
S32D0000CA0857FE0346184605F079F90DA3D3E9002305F03EFC0346002B01D0012300E00023002B00D0C0E7FFF7DB
S32D0000CA3053FF00BF2437BD4690BD00BFAFF3008075524D20983E4440333333333333F73F5E3636420000B44342
S32D0000CA580417002008170020F4160020FC160020E8160020EC160020F016002080B500AF4FF000021C4B1D4883
S32D0000CA80FFF7B6FD4FF0FF321B491A48FFF7B0FE022000F037F802460B461848FFF7A8FD4FF0FF321449154806
S32D0000CAA8FFF7A2FE4FF000020F4B1248FFF79CFD4FF0FF320E490F48FFF796FE022000F01DF802460B460B488B
S32D0000CAD0FFF78EFD4FF0FF3207490648FFF728FF4FF00002064B0348FFF782FD00BF80BD0000F83F0000F0C156
S32D0000CAF8000034420000F0410000F03F80B582B000AF7860786805F0E7F802460B461046194604F0A1FE02466F
S32D0000CB200B46104619460837BD4680BD80B582B000AF786039607B68012B26D13B684FF6FF72934221D1012193
S32D0000CB48124802F0A3FD0821114802F09FFD0921104802F09BFD0A210F4802F097FD0F4A00210F4800F07CFB77
S32D0000CB700C4A01210D4800F077FB00210C4802F0B7FA07210B4802F0B3FA00BF0837BD4680BD00BFE41600201F
S32D0000CB98E8160020EC160020F016002000001041F4160020FC160020041700200817002080B500AF4FF6FF7149
S32D0000CBC00120FFF7B3FF80BD80B500AF0F4BD3F8A03003F48053002B14BF01230023DBB2002B10D0094BD3F8A2
S32D0000CBE8A030084A23F48053C2F8A030064804F0ADFD064B1B68054A23F40053136000BF80BD00BF00C00440DE
S32D0000CC10701A0020C0F00F4080B400AF124B4FF480725A63114B5B69104A43F4005353610E4B1B680D4A43F4F9
S32D0000CC38005313600A4B0C4A1A630C4BD3F888310A4A43F08063C2F88831084B9B68074A43F08063936000BFB9
S32D0000CC60BD4680BC704700BF00C00440C0F00F4003010A0000E100E080B400AF334B00225A70324B98221A7011
S32D0000CC88304B9B79DBB203F01003002B14BF01230023DBB2002B00D0F2E72A4B9B79DBB29B08DBB203F0030377
S32D0000CCB0022B14BF01230023DBB2002B00D0F0E7224B18221A71214B00225A71204B03F580531A461F4B53646E
S32D0000CCD81C4B54225A711B4B9B79DBB203F02003002B0CBF01230023DBB2002B00D0F2E7144B9B79DBB203F0D8
S32D0000CD004003002B0CBF01230023DBB2002B00D0F2E70E4B1B78DBB20C4A03F03F03DBB213700A4B9B79DBB21A
S32D0000CD289B08DBB203F00303032B14BF01230023DBB2002B00D0F0E700231846BD4680BC704700BF0040064051
S32D0000CD50007004400000130180B500AF314B03F580539B6B2F4A43F4785302F580529363FFF752FFFFF780FFC6
S32D0000CD782B4B58221A602A4B1B684FF47A7202FB03F3284A1360274B1B681A46234B03F580535B6C1B0E03F0B3
S32D0000CDA00F030133B2FBF3F31A46214B1A601D4B03F58053DB6B1B4A43F0225302F58052D363184B03F5805393
S32D0000CDC81B6B164A43F0006302F580521363174B4FF480721A61642002F036F8134B5B69124A23F01003536174
S32D0000CDF0104B00221A600F4B10225A610E4803F06DF902F041FD02F09FFD0C4802F082F80B4804F0F3FC4FF431
S32D0000CE18FA6002F02DF900BF80BD00BF0070044034190020301900203819002000D00340E81900202C1900202B
S32D0000CE40E01A002080B500AFFFF77DFA00BF80BD80B500AFFFF777FA00BF80BD80B500AFFFF771FA00BF80BDD5
S32D0000CE6880B500AFFFF76BFA00BF80BD80B500AFFFF765FA00BF80BD80B500AFFFF75FFA00BF80BD80B500AF19
S32D0000CE90FFF759FA00BF80BD80B500AFFFF753FA00BF80BD80B500AFFFF74DFA00BF80BD80B500AFFFF747FAD4
S32D0000CEB800BF80BD80B500AFFFF741FA00BF80BD80B500AFFFF73BFA00BF80BD80B500AFFFF735FA00BF80BD2F
S32D0000CEE080B500AFFFF72FFA00BF80BD80B500AFFFF729FA00BF80BD80B500AFFFF723FA00BF80BD80B500AF55
S32D0000CF08FFF71DFA00BF80BD80B500AFFFF717FA00BF80BD80B500AFFFF711FA00BF80BD80B500AFFFF70BFA4B
S32D0000CF3000BF80BD80B500AFFFF705FA00BF80BD80B500AFFFF7FFF900BF80BD80B500AFFFF7F9F900BF80BD6C
S32D0000CF5880B500AFFFF7F3F900BF80BD80B500AFFFF7EDF900BF80BD80B500AFFFF7E7F900BF80BD80B500AF93
S32D0000CF80FFF7E1F900BF80BD80B500AFFFF7DBF900BF80BD80B500AFFFF7D5F900BF80BD80B500AFFFF7CFF9C7
S32D0000CFA800BF80BD80B500AFFFF7C9F900BF80BD80B500AFFFF7C3F900BF80BD80B500AFFFF7BDF900BF80BDA9
S32D0000CFD080B500AFFFF7B7F900BF80BD80B500AFFFF7B1F900BF80BD80B500AFFFF7ABF900BF80BD80B500AFCF
S32D0000CFF8FFF7A5F900BF80BD80B500AFFFF79FF900BF80BD80B500AFFFF799F900BF80BD80B500AFFFF793F93F
S32D0000D02000BF80BD80B500AFFFF78DF900BF80BD80B500AFFFF787F900BF80BD80B500AFFFF781F900BF80BDE4
S32D0000D04880B500AFFFF77BF900BF80BD80B500AFFFF775F900BF80BD80B500AFFFF76FF900BF80BD80B500AF0A
S32D0000D070FFF769F900BF80BD80B500AFFFF763F900BF80BD80B500AFFFF75DF900BF80BD80B500AFFFF757F9B6
S32D0000D09800BF80BD80B500AFFFF751F900BF80BD80B500AFFFF74BF900BF80BD80B500AFFFF745F900BF80BD20
S32D0000D0C080B500AFFFF73FF900BF80BD80B500AFFFF739F900BF80BD80B500AFFFF733F900BF80BD80B500AF46
S32D0000D0E8FFF72DF900BF80BD80B500AFFFF727F900BF80BD80B500AFFFF721F900BF80BD80B500AFFFF71BF92E
S32D0000D11000BF80BD80B500AFFFF715F900BF80BD80B500AFFFF70FF900BF80BD80B500AFFFF709F900BF80BD5B
S32D0000D13880B500AFFFF703F900BF80BD80B500AFFFF7FDF800BF80BD80B500AFFFF7F7F800BF80BD80B500AF83
S32D0000D160FFF7F1F800BF80BD80B500AFFFF7EBF800BF80BD80B500AFFFF7E5F800BF80BD80B500AFFFF7DFF8A9
S32D0000D18800BF80BD80B500AFFFF7D9F800BF80BD80B500AFFFF7D3F800BF80BD80B500AFFFF7CDF800BF80BD9A
S32D0000D1B080B500AFFFF7C7F800BF80BD80B500AFFFF7C1F800BF80BD80B500AFFFF7BBF800BF80BD80B500AFC0
S32D0000D1D8FFF7B5F800BF80BD80B500AFFFF7AFF800BF80BD80B500AFFFF7A9F800BF80BD80B500AFFFF7A3F821
S32D0000D20000BF80BD80B500AFFFF79DF800BF80BD80B500AFFFF797F800BF80BD80B500AFFFF791F800BF80BDD5
S32D0000D22880B500AFFFF78BF800BF80BD80B500AFFFF785F800BF80BD80B500AFFFF77FF800BF80BD80B500AFFB
S32D0000D250FFF779F800BF80BD80B500AFFFF773F800BF80BD0000000080B584B000AFF8600B467A60FB72FB68A1
S32D0000D278FA7A1A71FB6800225A711749786805F0A7FB0346002B02D0134B7B600AE04FF07E51786805F088FB93
S32D0000D2A00346002B02D04FF07E537B60786804F029FD09A3D3E9002304F07CFD02460B461046194605F06EF894
S32D0000D2C80246FB681A60FB6818461037BD4680BDABAAAAAAAAAA20400000404180B582B000AF78607B685B7948
S32D0000D2F0002B09D07B6800225A717B6819791E230022034801F040FE00BF0837BD4680BD2C19002080B584B0DE
S32D0000D31800AF786039603B687F2B02DD7F23FB7308E03B6813F1800F02DA8023FB7301E03B68FB737B685B79D7
S32D0000D340FA7B9A4209D07B68FA7B5A717B681979FA7B1E23034801F017FE00BF1037BD4680BD00BF2C1900208C
S32D0000D368B0B584B000AF786039603749386805F011FB0346002B02D0334B3B6008E03349386805F025FB0346FC
S32D0000D390002B01D02F4B3B60386804F0B3FC04460D467B681B68184604F0ACFC4FF00002294B04F029FE024606
S32D0000D3B80B462046294604F0F9FC02460B461046194604F0EBFF03463B604FF00001386805F0F4FA0346002BF1
S32D0000D3E010D0386804F08EFC17A3D3E9002304F0E1FC02460B461046194604F08BFF0346FB6018E0386804F0BB
S32D0000D4087DFC4FF00002134B04F0D0FC02460B46104619464FF000020D4B04F0F1FD02460B461046194604F013
S32D0000D43071FF0346FB60F9687868FFF76BFF00BF1037BD46B0BD00BF52B81E85EB51F43F0000C8C20000C84234
S32D0000D458000059400000604080B483B000AF03460A46FB711346BB71BB79002B03D1134B00221A7002E0114B52
S32D0000D48001221A703823FB710E4B1A78FB791343FB710D4B9B78DBB20B4A43F01003DBB29370094B9B78DBB2D2
S32D0000D4A8074A43F02003DBB29370054AFB79137100BF0C37BD4680BC704700BF091700200060064080B483B0D4
S32D0000D4D000AF01237B607B68312B04DC00BF7B6801337B60F7E700BF0C37BD4680BC704780B582B000AF03467B
S32D0000D4F80A46FB711346BB71134B1B7800211846FFF7AAFF00F024F8104AFB79137100F01FF80E4ABB79137141
S32D0000D52000F01AF80B4B9B78DBB20A4A23F02003DBB29370074B9B78DBB2064A23F01003DBB29370FFF7C2FF1C
S32D0000D54800BF0837BD4680BD0A1700200060064080B483B000AF174B1B78002B24D100237B60154BDB78DBB227
S32D0000D57003F00203002B0CBF01230023DBB2002B0DD07B6842F21072934203DD0B4B01221A7004E07B68013377
S32D0000D5987B6000BFE5E7084BDB78DBB2064A43F00203DBB2D37000E000BF0C37BD4680BC704700BF0B1700209B
S32D0000D5C00060064080B582B000AF0346FB71FB79184600F03BF800BF0837BD4680BD80B582B000AF03460A46EA
S32D0000D5E8FB711346BB7100F011F8FB795B00DBB21846FFF7E3FFBB791846FFF7DFFF00F013F800BF0837BD4637
S32D0000D61080BD000080B400AF044B9B68034A43F48013936000BFBD4680BC704740F00F4080B400AF044B5B6847
S32D0000D638034A43F48013536000BFBD4680BC704740F00F4080B485B000AF0346FB710023BB73164BDB6A03F00F
S32D0000D6600043012B0CBF01230023DBB2002B03D0FB7B0133FB73F0E70E4BDB6A0D4A43F00043D3620B4AFB7938
S32D0000D68853630A4BDB6A03F40033002B0CBF01230023DBB2002B00D0F3E7044B9B6BBB73BB7B18461437BD46F6
S32D0000D6B080BC704700C00A4080B582B000AF204B03F580531B6B1E4A43F4805302F5805213631C4B4FF4807230
S32D0000D6D81A651B4B5B691A4A43F480135361FFF7A3FF164B4FF400725A65144B4FF400729A65124B4FF4007207
S32D0000D700DA65124B124A1A60104B124ADA6000237B607B68092B06DCFF20FFF753FF7B6801337B60F5E704A1C7
S32D0000D728D1E9000101F0BAFC00BF0837BD4680BD9A9999999999B93F0070044000A0044040F00F4000C00A4083
S32D0000D750000C00800500003E90B486B000AFF860B9607A60FB68534A93420AD1524B03F580535B6B504A43F4B9
S32D0000D778806302F58052536345E0FB684D4A93420AD14B4B03F580535B6B494A43F4006302F58052536336E069
S32D0000D7A0FB68474A93420AD1434B03F580535B6B414A43F4805302F58052536327E0FB68404A93420AD13C4B59
S32D0000D7C803F580535B6B3A4A43F4005302F58052536318E0FB683A4A93420AD1344B03F580539B6A324A43F484
S32D0000D7F0806302F58052936209E02F4B03F580539B6A2D4A43F4006302F580529362FB68DB78DBB223F00C0303
S32D0000D818DAB2FB68DA70FB6800229A70BB684FF47A7203FB02F27B681B0192FBF3F39CB2FB681B78DBB223F080
S32D0000D8401F03FB75230A9BB2DBB203F01F03DAB2FB7D1343DAB2FB681A70E2B2FB685A70BB684FF4FA4203FBD8
S32D0000D86802F27B681B0192FBF3F39AB263019BB2D31A9CB2FB689B7ADBB223F01F03FB75E3B203F01F03DAB214
S32D0000D890FB7D1343DAB2FB689A72FB68DB78DBB243F00C03DAB2FB68DA7000BF1837BD4690BC704700A00640E9
S32D0000D8B80070044000B0064000C0064000D0064000A00E4080B483B000AF78607B681B79DBB203F02003002B5B
S32D0000D8E00CBF01230023DBB2002B00D0F2E77B68DB79DBB218460C37BD4680BC704780B483B000AF78600B460D
S32D0000D908FB707B681B79DBB25BB2DB43DBB2DB09DBB2002B00D0F4E77B68FA78DA7100BF0C37BD4680BC7047EB
S32D0000D93080B487B000AFF860B9607A60FB687B617B685A1E7A60002B14BF01230023DBB2002B06D07B695A1CC3
S32D0000D9587A61BA68D2B21A70EEE700BF1C37BD4680BC704780B584B000AF786039607B681B6BFB60FA683B6867
S32D0000D9809A4252D07B681B79002B35D07B6858787B6803F134010123FA6801F0F7F80346002B14BF0123002321
S32D0000D9A8DBB2002B01D001233CE07B6800221A717B685A6A7B681B6A1344FA689A4217D27B68DB78FB72FB7A53
S32D0000D9D0012B11D97B681B6AFA681344FB607B6858787B6803F134010123FA6801F0CEF8FB7A013BFB72EAE7AC
S32D0000D9F83B68002B15D07B6858787B6803F1340101233A6800F0DAFF0346002B14BF01230023DBB2002B01D0E9
S32D0000DA20012303E07B683A681A63002318461037BD4680BD80B584B000AF786000217868FFF794FF0346FB7396
S32D0000DA48FB7B002B40F093807B681B78032B7DD17B685B79002B79D07B6800221A637B6834334FF4007200210D
S32D0000DA701846FFF75DFF7B68552283F832227B68AA2283F833227B68522283F834207B68522283F835207B6800
S32D0000DA98612283F836207B68412283F837207B68722283F818227B68722283F819227B68412283F81A227B68BB
S32D0000DAC0612283F81B227B681B69DAB27B6883F81C227B681B699BB21B0A9BB2DAB27B6883F81D227B681B69B8
S32D0000DAE81B0CDAB27B6883F81E227B681B691B0EDAB27B6883F81F227B68DB68DAB27B6883F820227B68DB688C
S32D0000DB109BB21B0A9BB2DAB27B6883F821227B68DB681B0CDAB27B6883F822227B68DB681B0EDAB27B6883F847
S32D0000DB3823227B6858787B6803F134017B685A69012301F01FF87B6800225A717B685B7800220021184601F0D1
S32D0000DB60E1F80346002B14BF01230023DBB2002B01D00123FB73FB7B18461037BD4680BD80B582B000AF7860CC
S32D0000DB880B467B807B68002B08D07B681B78002B04D07B68DB887A889A4201D0092311E07B685B78184601F0B1
S32D0000DBB03BF9034603F00103002B14BF01230023DBB2002B01D0032300E0002318460837BD4680BD80B586B094
S32D0000DBD800AF78607B681A687B689B8819461046FFF7CAFF0346FB75FB7D002B40F0AC807B689B7903F02003F4
S32D0000DC00002B00F0A5807B689B7903F04003002B1BD07B681B6858787B6803F128017B689A69012300F0B2FF92
S32D0000DC280346002B14BF01230023DBB2002B01D001238AE07B689B7923F04003DAB27B689A717B681A687B681A
S32D0000DC50DB6919461046FFF789FE0346FB75FB7D002B75D17B681B6A3B613B690B331A783B690B3342F02002E0
S32D0000DC78D2B21A707B68DA683B691C33D2B21A707B68DB689BB21B0A9AB23B691D33D2B21A707B68DB681A0C18
S32D0000DCA03B691E33D2B21A707B68DB681A0E3B691F33D2B21A707B681A693B691A33D2B21A707B681B699BB2E8
S32D0000DCC81B0A9AB23B691B33D2B21A707B681B691A0C3B691433D2B21A707B681B691B0C9BB21B0A9AB23B6947
S32D0000DCF01533D2B21A700023FB603B691633FA68D2B21A70FB689BB21B0A9AB23B691733D2B21A70FB681A0C2F
S32D0000DD183B691833D2B21A70FB681A0E3B691933D2B21A707B689B7923F02003DAB27B689A717B681B68012227
S32D0000DD401A717B681B681846FFF774FE0346FB75FB7D18461837BD4680BD80B584B000AF78607868FFF736FFE5
S32D0000DD680346FB73FB7B002B02D17B6800221A60FB7B18461037BD4680BD000080B588B000AF78603960802358
S32D0000DD903B610F23FB604FF0FF337B610223FB61FB69B3F5807F23D80123BB61BB69102B1AD8FB69BA6902FB53
S32D0000DDB803F33A6803FB02F27B68D31ABB60BB68002B09DBBB687A699A4205D9BB687B61FB693B61BB69FB6058
S32D0000DDE0BB690133BB61E1E7FB695B00FB61D7E71D4BDB6A1C4A23F00803D3621A4BDB6A23F47F2323F47F633E
S32D0000DE08BB613B695B081B029AB2FB68013B1B01DBB21A43BB691343114A43F46023D3620F4B5B6A03F00803DA
S32D0000DE30002B0CBF01230023DBB2002B03D00A2001F01AF9F0E7084BDB6A074A43F00803D362054B1B6B044A77
S32D0000DE5843F48013136300BF2037BD4680BD00BF00100B4080B582B000AF786039607B6800221A60414B424ACE
S32D0000DE80DA62404BDB6A03F08073002B14BF01230023DBB2002B00D0F3E73A4B0022C3F8C020384B4FF4813220
S32D0000DEA85A60364B28229A62344B4FF001125A643B689B6833491846FFF760FF2F4B5B6A03F00303002B14BF31
S32D0000DED001230023DBB2002B00D0F3E72C4B40F243421A602A4B40F243425A60284B4FF488629A60264B40F2B0
S32D0000DEF84342DA60244B40F243421A61224B40F243425A61214B03F580531B6B1F4A43F4003302F580521363EE
S32D0000DF20184B4FF6FF721A63164B1B4A5A63154BDB6A144A43F00063D362124BDB6A03F00063002B14BF0123D2
S32D0000DF480023DBB2002B00D0F3E70C4B5B6A03F48033002B14BF01230023DBB2002B02D07B6801221A60054BC1
S32D0000DF701B6B044A43F080031363002318460837BD4680BD00100B400080000160CC050000D0044000700440AE
S32D0000DF98B3007F0080B400AF064B5A6A40F207331340002B14BF01230023DBB21846BD4680BC704700100B40F1
S32D0000DFC080B485B000AF7860074B1B6B7A681340FB60FB68002B00D1F6E7FB6818461437BD4680BC704700BFDE
S32D0000DFE800100B4080B584B000AF78607B681B7803F03F03764A52F82330FB60FB68002B05D17B681B78002B58
S32D0000E01001D00123DCE0714B1B6B704A43F0800313636E4B5B6A03F00103002B14BF01230023DBB2002B00D0C7
S32D0000E038F3E7684A7B685B689360FB6823F44003FB607B685B789B0503F44003FA681343FB607B685B78022BF7
S32D0000E06003D1FB6843F40013FB607B685B78042B16D1FB6803F44033B3F5003F08D1FB6823F44033FB60FB68B2
S32D0000E08843F44033FB6007E0FB6823F44033FB60FB6843F40033FB604E4B5B684D4A9BB253607B68DB68002BCA
S32D0000E0B02AD0FB6803F44033B3F5403F03D0FB6843F40013FB607B681B7A002B03D0FB6843F01003FB607B681C
S32D0000E0D8DB68012B03D9FB6843F02003FB607B68DB68B3F1FF3F0BD03A4B5A687B68DB681B04384913434B60CA
S32D0000E100FB6843F00203FB60344B00221A60334AFB68D3603248FFF753FF0346012B14BF01230023DBB2002BC4
S32D0000E12809D02C4B1B6B2B4A43F4702343F001031363012348E0274B1B6B03F08003002B14BF01230023DBB27B
S32D0000E150002B07D0214B1B6B204A43F001131363012335E01D4B1B6B03F48033002B14BF01230023DBB2002BB8
S32D0000E17808D0184B1B6B174A43F0011313634FF0FF3321E0FB6803F44033002B15D0114B1A697B681A61FB68AB
S32D0000E1A003F44033B3F5803F0BD10C4B5A697B685A610A4B9A697B689A61084BDA697B68DA61064B1B6B054ADC
S32D0000E1C843F001031363002318461037BD4680BDA08F010000100B4001000E0080B592B000AF78603960002320
S32D0000E1F07B643B68BB63994B7B637B6B002B02D140F601235FE3964B3B633B6B002B02D140F60B2357E33B6BB8
S32D0000E2181B68FB62FB6A002B02D140F60B234EE37B6841F20932934200F23F837B68B3F5985F08D87B68032BB3
S32D0000E24000F01A837B68092B00F0098331E37B68A3F59853013B082B00F22B8301A252F823F000BF89E20000DD
S32D0000E26875E50000D1E700008BE50000C9E50000EFE6000037E7000079E6000093E600007649786BFFF7EEFD0A
S32D0000E29078647B6C002B40F01083002387F84330002387F82B30002387F82A30002387F82930002387F8423092
S32D0000E2B8002387F8283000233B7200237B720023FB6000233B7400237B6107F108031846FFF788FE0346002BBE
S32D0000E2E014BF01230023DBB2002B02D001237B64E8E240F24C4000F0BFFE08233B7200237B724FF4D573FB6066
S32D0000E30800233B7400237B6107F108031846FFF769FEF863FB6B002B09D1BA69FB689A4202D001237B64C9E2B0
S32D0000E330012387F84230012387F8283097F82830002B00F0A58037233B7200237B720023FB6000233B740023FE
S32D0000E3587B6107F108031846FFF744FEF863FB6B002B02D001237B64A8E269233B7200237B720023FB600023ED
S32D0000E3803B7400237B6107F108031846FFF72EFE0346002B14BF01230023DBB2002B02D001237B648EE2BB698F
S32D0000E3A803F44013002B6FD00023FB630A2000F05FFEFB6B0133FB6337233B7200237B720023FB6000233B743C
S32D0000E3D000237B6107F108031846FFF707FE0346002B14BF01230023DBB2002B02D001237B6428E069233B7268
S32D0000E3F800237B7297F84230002B02D0184BFB6002E04FF44013FB6000233B7400237B6107F108031846FFF730
S32D0000E420E5FD0346002B14BF01230023DBB2002B02D001237B6406E0BB69002B03DBFB6B632B00D8B6E77B6C6E
S32D0000E448002B40F03882FB6B632B0BD9002387F8423019E02017002024190020948F010000003040012387F8C1
S32D0000E470433097F84230002B0AD0002387F84230BB6903F08043002B02D0012387F8423097F82A30002B02D01F
S32D0000E4987B6B07221A6097F82930002B02D07B6B08221A6097F82B30002B02D07B6B04221A6097F84330002BC4
S32D0000E4C009D07B6B02221A6097F84230002B02D07B6B03221A6097F82B30002B0DD097F84330002B09D07B6B70
S32D0000E4E805221A6097F84230002B02D07B6B06221A60924B00221A60904B00225A608F4B00229A608D4B0022BF
S32D0000E510DA608C4B00221A618A4B00225A61FB6A9A68FB6A5B6819461046FFF72BFC854B40F243421A60834B4D
S32D0000E53840F243425A60814B4FF488629A607F4B40F24342DA607D4B40F243421A617B4B40F243425A617A4B9F
S32D0000E56003F580531B6B784A43F4003302F580521363A7E1B86BFFF739FDF863FB6B002B00F09F8102237B64FA
S32D0000E5889BE1BB6B002B02D10C237B6496E16D4BDB6A1B0A5B0003F4FF73FB63694BDB6A1B0903F00F035A1C64
S32D0000E5B0FB6B02FB03F3FB63FB6A9A68FB6BB2FBF3F2BB6B1A607DE1BB6B002B02D10C237B6477E1BB6B1B68F6
S32D0000E5D8002B02D10C237B6470E1FFF7DBFC0346002B0CBF01230023DBB2002B3CD0534B00221A60514B0022A9
S32D0000E6005A60504B00229A604E4B0022DA604D4B00221A614B4B00225A61FB6A9A68BB6B1B6819461046FFF723
S32D0000E628ADFB464B40F243421A60444B40F243425A60424B4FF488629A60404B40F24342DA603E4B40F24342EA
S32D0000E6501A613C4B40F243425A613B4B03F580531B6B394A43F4003302F58052136329E140F60A237B6425E1D3
S32D0000E678BB6B002B02D10C237B641FE1314B5B68C3F30C02BB6B1A6018E1BB6B002B02D10C237B6412E1FFF78B
S32D0000E6A07DFC0346002B0CBF01230023DBB2002B19D0BB6B1B68B3F5805F02D30C237B6400E1224B5B68214A1D
S32D0000E6C823F4FF5323F01F0353601E4B5A68BB6B1B68C3F30C031B4913434B60EEE040F60A237B64EAE0BB6BD5
S32D0000E6F0002B02D10C237B64E4E0144B9B6A5B0803F00303FB63FB6B002B03D1BB6B00221A60D7E0FB6B012B9E
S32D0000E71803D1BB6B01221A60D0E0FB6B102B03D1BB6B02221A60C9E005237B64C6E0BB6B002B09D10C237B64C4
S32D0000E740C0E000BF00D004400070044000100B40FFF724FC0346002B0CBF01230023DBB2002B31D0BB6B1B682B
S32D0000E768002B0AD1584B9B6A574A23F006039362554B554A9B6A9362A0E0BB6B1B68012B0CD1514B9B6A504A7D
S32D0000E79023F0060393624E4B9B6A4D4A43F0020393628FE0BB6B1B68022B0AD1484B9B6A474A23F0060393628E
S32D0000E7B8454B454A9B6A936280E005237B647DE040F60A237B6479E0BB6B002B02D10C237B6473E03C4BDB6A6A
S32D0000E7E03B4A43F00063D362394BDB6A03F00063002B14BF01230023DBB2002B00D0F3E7334B1B6B03F080037B
S32D0000E808002B14BF01230023DBB2002B08D02E4B1B6B2D4A43F0800313637B6B00221A60294B5B6A03F4803306
S32D0000E830002B14BF01230023DBB2002B07D07B6B1B68002B06D17B6B01221A6002E07B6B00221A607B6B1A682C
S32D0000E858BB6B1A6032E0BB6B1C221A60BB6B043304221A60BB6B08334FF41E721A6025E00220FFF7A1FB144B3F
S32D0000E8801B6B03F4E003002B14BF01230023DBB2002B07D00E4B1B6B0D4A43F4E003136304237B640A4B1B6B8F
S32D0000E8A8094A43F03203136308E040F609237B6404E000BF02E000BF00E000BF7B6C18464837BD4680BD00BF42
S32D0000E8D000100B4080B489B000AF786039607B687B61364B3B613B69002B01D100235FE03B691B68022B0BD024
S32D0000E8F83B691B68032B07D03B691B68072B03D03B691B68082B0BD12B4B5B6A03F00403002B14BF01230023EA
S32D0000E920DBB2002B00D0F3E73B68FB61FB69002B3DD0FB69B3F5007F28BF4FF40073FB60FB6803339B08BB61F1
S32D0000E948BB69002B2AD01C4B1B6B03F4E003002B14BF01230023DBB2002B09D0164B1B6B154A43F4E00343F028
S32D0000E9702003136300231BE0114B5B6A03F40063002B0CBF01230023DBB2002B00D0F3E70B497B691A1D7A615E
S32D0000E9980A6A1A60BB69013BBB61D1E7FA69FB68D31AFB61BEE7012318462437BD4680BC704700BF2017002092
S32D0000E9C000100B4080B58EB000AFB9607A601A460346FB731346BB73414B7B63FB7B002B02D1BB7B002B01D10A
S32D0000E9E8042375E03D4B1B78DBB203F00103002B14BF01230023DBB2002B01D0032367E0BB68002B01D1002368
S32D0000EA1062E07B6B1B7B002B02D17B685B027B60BB7B012B28D111233B7500237B757B68BB6101233B77BB7BA4
S32D0000EA383B6207F11403194641F20230FFF7CEFB0346002B0CBF01230023DBB2002B38D04FF40071B868FFF771
S32D0000EA6039FF0346002B14BF01230023DBB2002B2BD00023BB7328E012233B7500237B757B68BB6101233B77E9
S32D0000EA88BB7B3B6207F11403194641F20230FFF7A5FB0346002B0CBF01230023DBB2002B0FD0BB7B5B02194615
S32D0000EAB0B868FFF70FFF0346002B14BF01230023DBB2002B01D00023BB73BB7B002B01D0012300E0002300BF94
S32D0000EAD818463837BD4680BD0C1700200000002080B487B000AF786039607B68FB603B687B617B69002B3DD03C
S32D0000EB007B69B3F5007F28BF4FF400733B617A693B69D31A7B613B6903339B083B613B69002BEAD0184B1B6BC8
S32D0000EB2803F4E003002B14BF01230023DBB2002B0AD0134B1B6B124A43F4E00343F0100313634FF0FF3316E091
S32D0000EB500D4B5B6A03F48063002B0CBF01230023DBB2002B00D0F3E7FB681A1DFA60064A1B6813623B69013BE5
S32D0000EB783B61D0E7012318461C37BD4680BC704700100B4080B58EB000AFB9607A601A460346FB731346BB7343
S32D0000EBA05D4B7B63FB7B002B02D1BB7B002B01D10423ADE0594B1B78DBB203F00103002B14BF01230023DBB2D9
S32D0000EBC8002B01D003239FE0524B1B78DBB203F00403002B14BF01230023DBB2002B01D0022391E0BB68002B15
S32D0000EBF001D100238CE07B6B1B7B002B02D17B685B027B60BB7B012B28D118233B7500237B757B68BB61002386
S32D0000EC183B77BB7B3B6207F11403194641F20230FFF7DCFA0346002B0CBF01230023DBB2002B38D04FF40071B0
S32D0000EC40B868FFF751FF0346002B14BF01230023DBB2002B2BD00023BB7328E019233B7500237B757B68BB61A8
S32D0000EC6800233B77BB7B3B6207F11403194641F20230FFF7B3FA0346002B0CBF01230023DBB2002B0FD0BB7B0D
S32D0000EC905B021946B868FFF727FF0346002B14BF01230023DBB2002B01D00023BB730D233B7500237B757B6B1D
S32D0000ECB81B69BB6100233B7700233B6207F11403194641F20230FFF789FA0346002B14BF01230023DBB2002B67
S32D0000ECE001D0012314E07A6A0D4B1340002B01D001230DE07B6A03F4F853B3F5106F00D0D5E7BB7B002B01D075
S32D0000ED08012300E0002300BF18463837BD4680BD0C170020000000200880D9FF80B58CB000AF03463A60FB71B8
S32D0000ED300B46BB713A4BBB62FB79002B01D0042369E0012387F82F30364B1B78DBB203F00103002B14BF0123FA
S32D0000ED580023DBB2002B01D0032358E0BB79032B50D801A252F823F081ED000089ED000099ED0000A9ED0000F9
S32D0000ED80002387F82F3044E0BB6A9A683B681A60002387F82F303CE03B684FF400721A80002387F82F3034E0D8
S32D0000EDA809233B7200237B72BB6A1B69FB6000233B7400237B6107F10803194641F20230FFF70CFA0346002B48
S32D0000EDD014BF01230023DBB2002B01D001231AE07B6A03F44003002B0CD13B6A9B0C03F07F035A1C7B6A1B0AEC
S32D0000EDF803F00303013B9A403B681A60002387F82F3002E0042387F82F3097F82F3018463037BD4680BD00BF27
S32D0000EE200C1700200000002080B483B000AF0346FB71FB79002B01D0012302E0034B1B78DBB218460C37BD460E
S32D0000EE4880BC70470000002080B483B000AF7860164B03F580539B6B144A43F0010302F580529363124A7B68D6
S32D0000EE709360114B05225A600F4B1B680E4A43F0010313600C4B1B6803F08003002B0CBF01230023DBB2002B20
S32D0000EE9800D0F3E7064B1B68054A23F00103136000BF0C37BD4680BC704700BF007004400000044080B582B0DF
S32D0000EEC000AF786039607B68012B07D13B684FF6FF72934202D1034800F00EF800BF0837BD4680BD2C19002038
S32D0000EEE880B500AF4FF6FF710120FFF7E3FF80BD80B483B000AF78607B6800221A707B6818460C37BD4680BCED
S32D0000EF107047000080B582B000AF78607B681B7883F00103DBB2002B21D0134B03F580531A464FF40063936274
S32D0000EF38104B4FF440721A620E4B4FF440725A620D4B1B68DA0F13445B104FF4614219460A48FEF7FDFB642047
S32D0000EF6000F08AF87B6801221A70012300E0002318460837BD4680BD0070044000D004403019002000B00E404E
S32D0000EF8880B582B000AF7860084611461A460346FB700B46BB7013467B707F210E48FEF7AAFC08210C48FEF7F1
S32D0000EFB0A6FCFB7819460A48FEF7A1FCBB7819460748FEF79CFC7B7819460548FEF797FCFF210348FEF793FC57
S32D0000EFD800BF0837BD4680BD00B00E4080B487B000AFF860B9607A60FB681F4AA2FB03239B09BA6813447B61E2
S32D0000F000FB681B4AA2FB031292094FF47A7101FB02F29B1AFB60FB68DB03154AA2FB03239B097A6813443B61C3
S32D0000F0283B69DB0B7A6913447B613B69C3F30E033B610E4B1B687A699A4209D80B4B1B687A699A4206D1094BD4
S32D0000F0505B683A699A4201D9012300E00023002B00D0EAE700BF1C37BD4680BC704700BFD34D621000D0034017
S32D0000F07880B584B000AF7860074B1B68FB60064B5B68BB607B68BA68F9681846FFF7A6FF00BF1037BD4680BD76
S32D0000F0A000D0034080B584B000AFC7E900010E4B1B68FB600C4B5B68BB604FF000020B4BD7E9000102F076FE3C
S32D0000F0C802460B461046194603F048F90346BA68F9681846FFF782FF00BF1037BD4680BD00D0034000408F408F
S32D0000F0F080B584B000AF78600B46FB700B23FB73FA7BFB781946786800F094F87B6818461037BD4680BD00003F
S32D0000F11880B485B000AF78607B68103B002B00DA1F335B11FB60FB68022B53D0FB68022B75DCFB68002B03D098
S32D0000F140FB68012B25D06EE0394BD3F880217B68103B594203F01F0301F01F0158BF4B42012101FA03F33249BE
S32D0000F1681343C1F88031304B1A687B68103B594203F01F0301F01F0158BF4B42012101FA03F3294913430B60E3
S32D0000F19049E0274BD3F884217B68103B594203F01F0301F01F0158BF4B42012101FA03F31F491343C1F8843174
S32D0000F1B81D4B5A687B68103B594203F01F0301F01F0158BF4B42012101FA03F3164913434B6024E0144BD3F8CB
S32D0000F1E088217B68103B594203F01F0301F01F0158BF4B42012101FA03F30D491343C1F888310B4B9A687B6859
S32D0000F208103B594203F01F0301F01F0158BF4B42012101FA03F3044913438B6000BF00BF1437BD4680BC7047C8
S32D0000F23000E100E080B584B000AF78600B46FB701346BB707B68FA781A70BB78FB737B681B781A46574B9B5CD0
S32D0000F258042B00F2A68001A252F823F079F20000C5F2000011F30000A9F300005DF30000FB7B1B0403F4702310
S32D0000F2804D497A68127810464C4A52F8202043F4897343F0010341F82230494B5A697B681B781946454B53F8EC
S32D0000F2A8213003F01F03012101FA03F3DB43424913404B616720FFF72BFF72E0FB7B1B0403F470233D497A6897
S32D0000F2D012781046394A52F8202043F4897343F0010341F82230384B5A697B681B781946324B53F8213003F007
S32D0000F2F81F03012101FA03F3DB43314913404B616820FFF705FF4CE0FB7B1B0403F470232C497A681278104618
S32D0000F320264A52F8202043F4897343F0010341F82230274B5A697B681B7819461F4B53F8213003F01F03012189
S32D0000F34801FA03F3DB43204913404B616920FFF7DFFE26E0FB7B1B0403F470231B497A6812781046134A52F8D2
S32D0000F370202043F4897343F0010341F82230164B5A697B681B7819460C4B53F8213003F01F03012101FA03F326
S32D0000F398DB430F4913404B616B20FFF7B9FE00E000BF00BF1037BD4680BD00BFA090010000900440E49001007C
S32D0000F3C000F00F4000A0044040F00F4000B0044080F00F4000D0044000F10F40B0B48BB000AF224B3C1D1D46FF
S32D0000F3E80FCD0FC495E80F0084E80F0000237B627B6A072B30DC1C4BD3F8A0207B6A9B0028333B4453F8243C27
S32D0000F410012101FA03F31340002B14BF01230023DBB2002B18D0134A7B6A52F823305A1C10497B6A41F8232074
S32D0000F4380D4BD3F8A0207B6A9B0028333B4453F8243C012101FA03F307491340C1F8A0307B6A01337B62CBE7D7
S32D0000F46000BF2C37BD46B0BC704700BFE891010000A004405C190020B0B489B000AF224B3C1D1D460FCD0FC460
S32D0000F48895E8030084E803000023FB61FB69052B30DC1C4BD3F8A020FB699B0020333B4453F81C3C012101FAC5
S32D0000F4B003F31340002B14BF01230023DBB2002B18D0FB690833124A52F823200132104941F823200D4BD3F84D
S32D0000F4D8A020FB699B0020333B4453F81C3C012101FA03F307491340C1F8A030FB690133FB61CBE700BF2437D3
S32D0000F500BD46B0BC704700BF0892010000B004405C190020B0B48DB000AF234B3C461D460FCD0FC40FCD0FC4D3
S32D0000F52895E8070084E807000023FB62FB6A0A2B30DC1C4BD3F8A020FB6A9B0030333B4453F8303C012101FAF0
S32D0000F55003F31340002B14BF01230023DBB2002B18D0FB6A0E33124A52F823200132104941F823200D4BD3F8A5
S32D0000F578A020FB6A9B0030333B4453F8303C012101FA03F307491340C1F8A030FB6A0133FB62CBE700BF3437FB
S32D0000F5A0BD46B0BC704700BF20920100009004405C190020B0B487B000AF214B3C461D460FCD0FC42B682360DC
S32D0000F5C800237B617B69042B30DC1C4BD3F8A0207B699B0018333B4453F8183C012101FA03F31340002B14BFB9
S32D0000F5F001230023DBB2002B18D07B691933124A52F823200132104941F823200D4BD3F8A0207B699B00183338
S32D0000F6183B4453F8183C012101FA03F307491340C1F8A0307B6901337B61CBE700BF1C37BD46B0BC704700BFCA
S32D0000F6404C92010000D004405C19002080B483B000AF78607B681B781A46044B53F8223018460C37BD4680BC84
S32D0000F668704700BF5C19002080B483B000AF78607B681B781946044B002243F8212000BF0C37BD4680BC7047C1
S32D0000F6905C19002080B483B000AF78600B46FB707B68FA781A707B6818460C37BD4680BC7047000000000000B4
S32D0000F6B880B586B000AF78607B681B781A463E4B53F822303B617B681B781A463B4B9B5CFB733B69DBB203F0B5
S32D0000F6E01F03DAB2384B1A723B69DBB203F01F03DAB2354B5A72354B1022C3F88820FB7B002B13D13049324894
S32D0000F70800F05AFA304B1B6803F08003802B14BF01230023DBB2002B00D0F3E72A4B1B697B6112E0264929484D
S32D0000F73000F046FA274B1B6803F08003802B14BF01230023DBB2002B00D0F3E7214B1B697B611E4BD3F8883130
S32D0000F7581C4A43F01003C2F888311A4B9B68194A43F0100393607B699BB2184602F0A4FA0DA3D3E9002302F0C0
S32D0000F78019FB02460B46104619460BA3D3E9002302F03AFC02460B461046194602F002FE0346BB60BB6818461F
S32D0000F7A81837BD4680BD00BFA4703D0AD7A30A4000000000E0FFEF4064910100C09001003C19002000E100E03B
S32D0000F7D000B0034000B00B4080B586B000AF78607B681B781A46234B53F822303B617B681B781A46204B9B5C76
S32D0000F7F8FB733B69DBB203F01F03DAB21D4B1A723B69DBB203F01F03DAB21A4B5A72FB7B002B13D11749184867
S32D0000F82000F0CEF9164B1B6803F08003802B14BF01230023DBB2002B00D0F3E7104B1B697B6112E00D490F4828
S32D0000F84800F0BAF90D4B1B6803F08003802B14BF01230023DBB2002B00D0F3E7074B1B697B617B691846183734
S32D0000F870BD4680BD64910100C09001004C19002000B0034000B00B4098B500AF204B5C221A701F4B10225A709B
S32D0000F8981D4B41F234225A801B4B45F278629A80194B10229A71184B0722DA71164B4FF4C022DA60144B1F220E
S32D0000F8C01A72134B1F225A721149124800F078F90F49114800F074F90F4800F0D2F80D4800F0CFF80A490C483C
S32D0000F8E800F06AF90849094800F066F9094A064B14460FCB84E80F00064B5C221A70054B0422DA7100BF98BD2D
S32D0000F9103C19002000B0034000B00B404C19002080B500AF064B1B680133054A136000F03DF8044B0122C3F8E1
S32D0000F9380C2100BF80BD00BFE01900200070034080B500AF0C4B01221A600C4800F01AF8094B0322C3F8082162
S32D0000F960094BD3F88831084A43F01003C2F88831054B9B68044A43F01003936000BF80BD00700340A0860100E6
S32D0000F98800E100E080B483B000AF7860044A7B68C2F8003100BF0C37BD4680BC704700BF0070034080B584B0B3
S32D0000F9B000AF174B1B68FB60FB68002B24D0FB685B78FB71FB689B68184600F023F80346BB71BB79002B13D090
S32D0000F9D8FB685B68012B0FDDFB689B681B69BB60BB68002B08D0BB685B685A1CBB685A60BB681B69BB60F3E7C3
S32D0000FA00FB68DB68FB60D7E700BF1037BD4680BDDC19002080B584B000AF78607868FFF7DBFEF8607B689B69E0
S32D0000FA285B78FB72FB7A002B0FD17B68DB68FA689A420ADD7B689B6901225A707B685B685A1C7B685A600123F4
S32D0000FA5013E0FB7A012B0FD17B689B68FA689A420ADA7B689B6900225A707B685B685A1C7B685A60012300E07C
S32D0000FA78002318461037BD4680BD80B485B000AF78607B681B6A23F040027B681A627B685B6A23F00B027B68A1
S32D0000FAA05A627B685B6A43F007027B685A627B685B6A43F080027B685A627B681B6803F08003002B0CBF012307
S32D0000FAC80023DBB2002B00D0F3E77B685B6A03F04003402B0CBF01230023DBB2002B01D0012364E00023FB81A0
S32D0000FAF07B68DB6CFB817B689B6C9AB2FB891344FB817B685B6C9AB2FB891344FB817B681B6C9AB2FB891344D7
S32D0000FB18FB817B68DB6B9AB2FB891344FB817B689B6B9AB2FB891344FB81FB895B08FB81FB896FEA43436FEACC
S32D0000FB405343FB81FA897B68DA620023FB817B68DB6EFB817B689B6E9AB2FB891344FB817B685B6E9AB2FB8991
S32D0000FB681344FB817B681B6E9AB2FB891344FB817B68DB6D9AB2FB891344FB817B689B6D9AB2FB891344FB8131
S32D0000FB90FB895B08FB81FB896FEA43436FEA5343FB81FA897B681A637B685B6A23F080027B685A6200231846D6
S32D0000FBB81437BD4680BC704780B483B000AF786039603B681B781A467B689A603B685B781A467B68DA603B684E
S32D0000FBE05B881A467B689A613B689B881A467B68DA613B689B791A467B681A623B68DB791A467B685A623B6883
S32D0000FC08DA687B681A653B681B7A1A467B681A603B685B7A1A467B685A6000BF0C37BD4680BC704780B483B061
S32D0000FC3000AF78607B6818460C37BD4680BC704780B582B000AF786039607B68012B07D13B684FF6FF72934209
S32D0000FC5802D10348FFF7E6FF00BF0837BD4680BDE419002080B500AF4FF6FF710120FFF7E3FF80BD80B582B0F4
S32D0000FC8000AF7860B84B4FF48072DA60B74B4FF480729A64B54B4FF480721A64B34B4FF480725A64B14B4FF445
S32D0000FCA88072DA60B04B5B69AF4A43F008035361AE4B5B69AD4A43F480235361AB4B5B69AA4A43F480335361CA
S32D0000FCD0A84B5B69A74A43F400335361A54B1B68A44A43F008031360A24B5B69A14A43F0080353619E4B1B6834
S32D0000FCF89D4A43F0080313609A4B4FF480725A62984B4FF480721A62954B4FF480721A61934B4FF480725A617E
S32D0000FD20914B4FF480729A618F4B4FF48072DA618D4B4FF480721A638B4B4FF480725A63894B4FF480729A6307
S32D0000FD48874B4FF48072DA63854B4FF480721A64834B4FF480725A64814B4FF480729A647F4B4FF48072DA64C9
S32D0000FD70814B4FF480721A607F4B4FF480729A607D4B4FF48072DA607B4B4FF480721A61784B5B69774A43F4C5
S32D0000FD9840735361744B5B69734A43F47F2343F0F0035361734B5B69724A43F01D035361E221786800F042FC8D
S32D0000FDC01D21786800F0E4FC0221786800F0E0FC0421786800F0DCFCE021786800F032FC0121786800F0D4FCCA
S32D0000FDE86420FFF745F9E021786800F027FC0321786800F0C9FC0121786800F01FFC0120FFF736F9E62178684E
S32D0000FE1000F018FC0121786800F0BAFCA021786800F0B6FCFF21786800F0B2FCB021786800F008FC1C21786875
S32D0000FE3800F0AAFC0F21786800F0A6FC0121786800F0A2FC3F21786800F09EFC0021786800F09AFCEF21786893
S32D0000FE6000F096FC0021786800F092FCB421786800F0E8FB0121786800F08AFC9921786800F086FC0021786866
S32D0000FE8800F082FC4521786800F07EFC0221786800F07AFC0021786800F076FC0021786800F072FC0021786802
S32D0000FEB000F06EFCB621786800F0C4FB0121786800F066FC0921786800F062FC0021786800F05EFC0E2178685E
S32D0000FED800F05AFC0221786800F056FC0021786800F052FC0021786800F04EFCBA21786800F0A4FB0F2178689D
S32D0000FF0000F046FC6420FFF7B7F83A21786800F099FB6021786800F03BFC2A21786800F091FB0021786800F099
S32D0000FF2833FC0021786800F02FFC0121786800F02BFC3F21786800F027FC2B21786800F07DFB0021786800F06F
S32D0000FF501FFC0021786800F01BFC0021786800F017FCEF2178680BE000B0044000A0044080F00F4040F00F406B
S32D0000FF7800C00440C0F00F4000F006FC3621786800F05CFB0021786800F0FEFBF021786800F054FB04217868C9
S32D0000FFA000F0F6FBB821786800F04CFB0F21786800F0EEFB0121786800F0EAFB314B1B68304A43F00803136078
S32D0000FFC86420FFF755F83621786800F037FB0021786800F0D9FBF021786800F02FFB0421786800F0D1FB012138
S32D0000FFF0786800F0BCF91E226F21786800F082F8AF225621786800F0DBF80021786800F00AFA012301221C49B8
S32D00010018786800F02BFA2921786800F00FFB6420FFF726F8BE21786800F008FB0E21786800F0AAFBF0217868C1
S32D0001004000F0A6FB0121786800F0A2FB0021786800F09EFB0021786800F09AFB0F21786800F096FB786800F000
S32D0001006828FA0121786800F0DAF90021786800F0AFF900BF0837BD4680BD00BF40F00F406092010080B582B013
S32D0001009000AF78607B680022DA617B6801221A627B680E225A607B681A229A607B6800225A617B6800229A6152
S32D000100B87B684FF4A072DA607B68F0221A617B6800221A70786800F087FF7B6818460837BD4680BD80B582B02B
S32D000100E000AF7860064B1B78002B05D1044B01221A707868FFF7C2FD00BF0837BD4680BD2C1A002080B58AB0E1
S32D0001010802AFF860B9607A607E23009362237A68B968F86800F0C0FC40F24E733B610023FB61FA693B699A4213
S32D0001013040DA0023BB61214AFB6913441B781A46BB69934232DAFB6901331C4AD35C002B06D1FF23FB75FF2346
S32D00010158BB75FF237B7512E0FB690133154AD35C012B06D1D423FB750023BB7526237B7505E0B523FB75BA231E
S32D00010180BB75B0237B757B7DBA7DF97DF86800F0C9F80246FB68DA61F86800F021FFF86800F05AFEBB69013351
S32D000101A8BB61C4E7FB690233FB61BAE700BF2037BD4680BD0400002080B58AB002AFF860B9607A602723009309
S32D000101D095237A68B968F86800F062FC40F2E6333B610023FB61FA693B699A4240DA0023BB61214AFB691344CF
S32D000101F81B781A46BB69934232DAFB6901331C4AD35C002B06D1FF23FB75FF23BB75FF237B7512E0FB69013331
S32D00010220154AD35C012B06D10023FB750023BB7500237B7505E0D423FB750023BB7526237B757B7DBA7DF97DA8
S32D00010248F86800F06BF80246FB68DA61F86800F0C3FEF86800F0FCFDBB690133BB61C4E7FB690233FB61BAE7DF
S32D0001027000BF2037BD4680BD5407002080B485B000AF78600B46FB70FB78062B29D801A252F823F0B902010081
S32D00010298B1020100BF020100C7020100CF020100D5020100DD0201006FF07F43FB6014E00023FB6011E04FF44B
S32D000102C07F03FB600DE04FF47F43FB6009E0FF23FB6006E04FF41903FB6002E0044BFB6000BFFB681846143788
S32D000102E8BD4680BC704700BF9999990080B584B000AF786039603B681B0CFB733B681B0ABB733B687B737B7B29
S32D00010310BA7BF97B786800F005F8034618461037BD4680BD80B487B000AF7860084611461A460346FB700B461E
S32D00010338BB7013467B70FB789B08DBB27B61BB789B08DBB23B617B789B08DBB2FB607B691A033B699B011A438D
S32D00010360FB68134318461C37BD4680BC704780B582B000AF78600B46FB70FB7819467868FFF77CFF0346194699
S32D00010388786800F004F800BF0837BD4680BD80B582B000AF7860396039687868FFF7A6FF02467B681A62786812
S32D000103B000F016FE786800F083FA00BF0837BD4680BD80B582B000AF7860786800F078FA00BF0837BD4680BD21
S32D000103D880B582B000AF78600B46FB70FB7819467868FFF747FF03461946786800F004F800BF0837BD4680BDAC
S32D0001040080B582B000AF7860396039687868FFF771FF02467B681A62786800F0E1FD00BF0837BD4680BD80B597
S32D0001042882B000AF78600B46FB70FB7819467868FFF720FF03461946786800F004F800BF0837BD4680BD80B582
S32D0001045082B000AF7860396039687868FFF74AFF02467B68DA61786800F0BAFD00BF0837BD4680BD80B586B0D5
S32D0001047800AFF860B9607A603B6000237B617B69BA6813441B78002B0FD07B69BA6813441B783A687968F868F4
S32D000104A000F098FB7B680C337B607B6901337B61E9E700BF1837BD4680BD80B582B000AF7860FDF7F9F8672140
S32D000104C80120FDF788F800210220FDF784F8A0210320FDF780F850210420FDF77CF820210520FDF778F8202165
S32D000104F00620FDF774F877210720FDF770F800210820FDF76CF800210920FDF768F800210A20FDF764F804213D
S32D000105180B20FDF760F87B684FF0FF32DA637B684FF0FF321A6400BF0837BD4680BD80B584B000AF7860396015
S32D000105400023FB60786800F07EFAFB683A6813441B78002B12D07B6859697B689869FB683A6813441B7802460A
S32D00010568786800F018FB786800F07DFAFB680133FB60E6E700BF1037BD4680BD80B592B000AF786039604FF05F
S32D000105900001386802F016FA0346002B1FD0386802F024FA03467B64786C02F005F803461946386801F04AFF09
S32D000105B803461F49184602F04FF80346184602F011FA03463B6407F10C003B6C7A6C194903F0A2FA22E03B6819
S32D000105E083F000433B60386802F000FA03467B64786C01F0E1FF03461946386801F026FF03460D49184602F0E5
S32D000106082BF80346184602F0EDF903463B6407F10C003B6C7A6C084903F07EFA07F10C0319467868FFF783FF2E
S32D0001063000BF4837BD4680BD00007A447C9201007092010080B483B000AF78600B46FB704D4B1B684C4A23F0DF
S32D00010658080313604B4B1B684A4A23F480231360484B1B68474A43F480331360454B1B68444A23F44073136039
S32D00010680414B1B68404A23F4435323F0300313603E4B1A68FB785B0203F400733B4913430B603A4B1A68FB7848
S32D000106A85B101B0203F48073364913430B60344B1A68FB789B101B0103F01003304913430B602F4B1A68FB7887
S32D000106D0DB105B0103F020032B4913430B602A4B1A68FB781B119B0103F04003264913430B60254B1A68FB786C
S32D000106F85B11DB01DBB2224913430B60204B1A68FB789B111B0303F480531D4913430B601B4B1A6897F903300C
S32D00010720DB115BB25B0303F40053174913430B60164B1B68154A23F400331360134B1B68124A43F400331360CE
S32D000107480F4B1B680E4A43F0080313600D4B1B680C4A43F440731360094B1B68084A43F4435343F0300313603F
S32D00010770064B1B68054A43F48023136000BF0C37BD4680BC704700BF80F00F4040F00F4080B483B000AF786007
S32D000107980B46FB70464B1B68454A23F008031360444B1B68434A43F480331360414B1B68404A43F48023136060
S32D000107C03E4B1B683D4A23F4407313603A4B1B68394A23F4435323F030031360374B1A68FB785B0203F400730B
S32D000107E8344913430B60334B1A68FB785B101B0203F480732F4913430B602D4B1A68FB789B101B0103F010034C
S32D00010810294913430B60284B1A68FB78DB105B0103F02003244913430B60234B1A68FB781B119B0103F0400332
S32D000108381F4913430B601E4B1A68FB785B11DB01DBB21B4913430B60194B1A68FB789B111B0303F480531649C4
S32D0001086013430B60144B1A6897F90330DB115BB25B0303F40053104913430B600F4B1B680E4A23F40033136057
S32D000108880C4B1B680B4A43F400331360084B1B68074A43F008031360064B1B68054A23F48023136000BF0C370B
S32D000108B0BD4680BC704700BF80F00F4040F00F4080B586B000AF78607B6800225A617B6800229A617B681B6A0C
S32D000108D8FB60FB68FB72FB681B0ABB72FB681B0CDBB203F003037B722A217868FFF7A6FE00217868FFF748FF11
S32D0001090000217868FFF744FF01217868FFF740FF3F217868FFF73CFF2B217868FFF792FE00217868FFF734FF0A
S32D0001092800217868FFF730FF00217868FFF72CFFEF217868FFF728FF2C217868FFF77EFE314B1B68304A23F41C
S32D00010950407313602F4B1B682E4A23F47F2323F0F00313602C4B1B682B4A23F01D031360274B1A687B681B6B39
S32D00010978254913430B60254B1A687B685B6B234913430B60224B1A687B689B6B204913430B601E4B1B681D4A04
S32D000109A023F0080313601A4B1B68194A43F48023136000237B617B69EF2B19D800233B613B69B3F5A07F0FD206
S32D000109C8114B1B68104A23F4003313600E4B1B680D4A43F4003313603B6901333B61EBE77B6901337B61E2E7F7
S32D000109F0084B1B68074A43F008031360044B1B68034A23F48023136000BF1837BD4680BD40F00F4080F00F4028
S32D00010A18C0F00F4080B483B000AF78607B689B69002B07DD7B685B695A1C7B685A617B6800229A6100BF0C370F
S32D00010A40BD4680BC704780B582B000AF78607B685A697B685B689A4205DB7B6800225A617868FFF72DFF00BF1A
S32D00010A680837BD4680BD80B582B000AF78607B689B695A1C7B689A617B689A697B689B689A4205D17868FFF763
S32D00010A90C5FF7868FFF7D7FF00BF0837BD4680BD80B588B000AFF860B9607A603B60FB681B78022B03D0FB682E
S32D00010AB81B78032B11D17B68FB61BA6AFB691344013BBB61FB68DA68BB68D31A3B613B683A69D31A01337B6162
S32D00010AE00DE0BB68FB613A68FB691344013BBB617B687B61BA6A7B691344013B3B612A21F868FFF79FFDFB692F
S32D00010B081B0ADBB203F00F03DBB21946F868FFF73BFEFB69DBB21946F868FFF735FEBB691B0ADBB203F00F03D8
S32D00010B30DBB21946F868FFF72BFEBB69DBB21946F868FFF725FE2B21F868FFF77BFD7B691B0ADBB203F00F03ED
S32D00010B58DBB21946F868FFF717FE7B69DBB21946F868FFF711FE3B691B0ADBB203F00F03DBB21946F868FFF745
S32D00010B8007FE3B69DBB21946F868FFF701FE2C21F868FFF757FD00BF2037BD4680BD80B584B000AFF860B96086
S32D00010BA87A60FB707A6813465B0013449B00991CBA6813461B011344DA1CFB78F86800F005F800BF1037BD46EF
S32D00010BD080BD000080B58EB002AFF860B9607A60FB70FB780A2B06D1F868FFF72CFFF868FFF714FFF2E0FB7831
S32D00010BF87D2B02D8FB781F2B01D82023FB70FB78203BFB70112300930C237A68B968F868FFF742FFFA78134674
S32D00010C209B0013446F4AD35C3B75FA7813469B00134401336B4AD35C7B75FA7813469B0013440233674AD35C84
S32D00010C48BB75FA7813469B0013440333634AD35CFB75FA7813469B00134404335F4AD35C3B760023BB62BB6A2C
S32D00010C70062B00F3A180F86800F050F9F86800F0B3F8002387F82F3000237B627B6A042B35DC07F114027B6A63
S32D00010C9813441B7803F00103002B14BF01230023FB76FB7E002B11D097F82F3083F00103DBB2002B03D0F868C1
S32D00010CC000F0CAF802E0F86800F08EF8F86800F08BF80DE097F82F30002B03D0F86800F01DF902E0F86800F057
S32D00010CE87FF8F86800F07CF8FB7E87F82F307B6A01337B62C6E797F82F30002B03D0F86800F008F902E0F86829
S32D00010D1000F06AF8F86800F067F8002387F82F3000233B623B6A042B42DC07F114023B6A13441B7803F001036C
S32D00010D38002B14BF01230023BB76BB7E002B11D097F82F3083F00103DBB2002B03D0F86800F07EF802E0F868D9
S32D00010D6000F042F8F86800F03FF80DE097F82F30002B03D0F86800F0D1F802E0F86800F033F8F86800F030F8EC
S32D00010D88BB7E87F82F3007F114023B6A13441B785B08D9B207F114023B6A13440A461A703B6A01333B62B9E7A0
S32D00010DB0BB6A0133BB625AE7F86800F0AFF8002387F82F300123FB61FB69232B06DCF86800F00AF8FB69013367
S32D00010DD8FB61F5E73037BD4680BD00BF3C0B002080B483B000AF7860174B1B68164A43F480331360154B1B6874
S32D00010E00144A23F008031360114B1B68104A43F4802313600E4B1B680D4A23F4003313600B4B1B680A4A43F4FA
S32D00010E2800331360094B1B68084A43F008031360054B1B68044A23F48023136000BF0C37BD4680BC704700BF16
S32D00010E5040F00F4080F00F4080B483B000AF78602B4B1B682A4A43F480331360294B1B68284A23F00803136083
S32D00010E78254B1B68244A43F480231360224B1B68214A23F440731360204B1B681F4A23F47F2323F0F00313607C
S32D00010EA01D4B1B681C4A23F01D031360184B1A687B685B6A164913430B60164B1A687B689B6A144913430B6096
S32D00010EC8134B1A687B68DB6A114913430B600E4B1B680D4A23F4003313600B4B1B680A4A43F400331360094B8A
S32D00010EF01B68084A43F008031360054B1B68044A23F48023136000BF0C37BD4680BC704740F00F4080F00F40C9
S32D00010F18C0F00F4080B483B000AF78602B4B1B682A4A43F480331360294B1B68284A23F008031360254B1B6806
S32D00010F40244A43F480231360224B1B68214A23F440731360204B1B681F4A23F47F2323F0F00313601D4B1B68BB
S32D00010F681C4A23F01D031360184B1A687B681B6B164913430B60164B1A687B685B6B144913430B60134B1A6856
S32D00010F907B689B6B114913430B600E4B1B680D4A23F4003313600B4B1B680A4A43F400331360094B1B68084A0B
S32D00010FB843F008031360054B1B68044A23F48023136000BF0C37BD4680BC704740F00F4080F00F40C0F00F40D6
S32D00010FE080B485B000AF78607B681B6AFB60FB68FB72FB681B0ABB72FB681B0CDBB203F003037B727B680022A8
S32D000110085A627B6800229A627B680022DA627B6800221A637B6800225A637B6800229A637B681A6BFB7A5B023B
S32D0001103003F400731A437B681A637B681A6BFB7A5B101B0203F480731A437B681A637B685A6BFB7A9B101B017A
S32D0001105803F010031A437B685A637B685A6BFB7ADB105B0103F020031A437B685A637B685A6BFB7A1B119B010A
S32D0001108003F040031A437B685A637B685A6BFB7A5B11DB01DBB21A437B685A637B685A6BFB7A9B111B0303F441
S32D000110A880531A437B685A637B685A6B97F90B30DB115BB25B0303F400531A437B685A637B685A6BBB7A9B03BD
S32D000110D003F480431A437B685A637B685A6BBB7A5B10DB039BB21A437B685A637B685A6BBB7A9B101B0403F42C
S32D000110F880331A437B685A637B685A6BBB7ADB105B0403F400331A437B685A637B685A6BBB7A1B119B0403F42C
S32D0001112080231A437B685A637B685A6BBB7A5B11DB0403F400231A437B685A637B689A6BBB7A9B1103F0010301
S32D000111481A437B689A637B689A6B97F90A30DB115BB29B0003F004031A437B689A637B689A6B7B7ADB0003F013
S32D0001117008031A437B689A637B689A6B7B7A5B101B0103F010031A437B689A637B68DB69FB60FB68FB72FB68AC
S32D000111981B0ABB72FB681B0CDBB203F003037B727B685A6AFB7A5B0203F400731A437B685A627B685A6AFB7ADE
S32D000111C05B101B0203F480731A437B685A627B689A6AFB7A9B101B0103F010031A437B689A627B689A6AFB7AD1
S32D000111E8DB105B0103F020031A437B689A627B689A6AFB7A1B119B0103F040031A437B689A627B689A6AFB7A4D
S32D000112105B11DB01DBB21A437B689A627B689A6AFB7A9B111B0303F480531A437B689A627B689A6A97F90B30C0
S32D00011238DB115BB25B0303F400531A437B689A627B689A6ABB7A9B0303F480431A437B689A627B689A6ABB7ADE
S32D000112605B10DB039BB21A437B689A627B689A6ABB7A9B101B0403F480331A437B689A627B689A6ABB7ADB10BA
S32D000112885B0403F400331A437B689A627B689A6ABB7A1B119B0403F480231A437B689A627B689A6ABB7A5B112D
S32D000112B0DB0403F400231A437B689A627B68DA6ABB7A9B1103F001031A437B68DA627B68DA6A97F90A30DB1182
S32D000112D85BB29B0003F004031A437B68DA627B68DA6A7B7ADB0003F008031A437B68DA627B68DA6A7B7A5B10D1
S32D000113001B0103F010031A437B68DA6200BF1437BD4680BC7047000080B582B000AF786039607B68012B07D1B2
S32D000113283B684FF6FF72934202D10348FEF7AAFE00BF0837BD4680BDE819002080B500AF4FF6FF710120FFF79E
S32D00011350E3FF80BD80B582B000AF7860164B03F580535B6B144A43F0400302F580525363124B4FF400725A624E
S32D00011378104B4FF400721A620F4B14225A700E4B1B7ADBB20C4A43F00103DBB213720A4B80229A7002212B20D7
S32D000113A0FCF7A6F83D212A20FCF7A2F87B6818460837BD4680BD00BF0070044000C004400060064080B582B014
S32D000113C800AF786039607B68012B07D13B684FF6FF72934202D10348FFF7B8FF00BF0837BD4680BD301A00204E
S32D000113F080B500AF4FF6FF710120FFF7E3FF80BD80B582B000AF78607B681846FEF754F903460F49184601F09E
S32D0001141823F90346184600F071FC09A3D3E9002300F0EEFD02460B461046194600F0B6FF034618460837BD4643
S32D0001144080BD00BFAFF300800000000000A0694000404A4480B582B000AF78600B46FB707B68FA781146184694
S32D00011468FEF714F97B6818460837BD4680BD000080B582B000AF786039607B68012B08D13B684FF6FF729342F6
S32D0001149003D120210348FFF7DDFF00BF0837BD4680BD00BF341A002080B500AF4FF6FF710120FFF7E1FF80BDC3
S32D000114B880B483B000AF78607B6800221A707B6818460C37BD4680BC7047000080B483B000AF78603960044A39
S32D000114E03B68136000BF0C37BD4680BC704700BF381A002080B582B000AF3248FCF7E6F90346FB71304AFB7999
S32D000115081370304B01221A702F4B1B78022B33D0022B4FDC002B02D0012B14D04AE0FB79FF2B44D1284B0122F4
S32D000115301A70284B00221A70264B1B785A1CD1B2244A11701946244AFB79535433E0214B1B785A1CD1B21F4A9B
S32D00011558117019461E4AFB7953541C4B1B780D2B27D11C4B1B68194A1278114618489847154B02221A701CE060
S32D00011580FB79FF2B10D1124B01221A70114B00221A70104B1B785A1CD1B20E4A117019460D4AFB79535409E031
S32D000115A80A4B00221A70084B00221A7002E000BF00E000BF00BF0837BD4680BD00A006404F1A00204E1A00209F
S32D000115D04D1A00204C1A00203C1A0020381A002080B582B000AF78607B681846FFF764FF7B6811491846FFF7DE
S32D000115F86DFF7B684FF0FF325A600E4B4FF000021A600D4B4FF000021A600C4B4FF000021A600B4B00221A6020
S32D000116200A4B00221A700A4B00221A707B6818460837BD4680BD00BF551601005C1A0020601A0020641A0020E0
S32D00011648681A00206C1A00206D1A002080B582B000AF78600B46FB701D4B1B78002B32D07B6801331B781A06E8
S32D000116707B6802331B781B041A437B6803331B781B0213437A680432127813431A46134B1A607B685A79124BC2
S32D000116981A707B6806331B78AA2B0CBF01230023DAB20E4B1A700E4B01221A700B4B1B78002B08D00B4800F05F
S32D000116C049F80B4B1B680A4A23F40053136000BF0837BD4680BD00BF581A0020681A00206C1A00206D1A002032
S32D000116E86E1A0020701A0020C0F00F4080B582B000AF786039607B68012B07D13B684FF6FF72934202D10348C8
S32D00011710FFF766FF00BF0837BD4680BD501A002080B500AF4FF6FF710120FFF7E3FF80BD80B483B000AF7860CA
S32D00011738054B00221A60044B00225A607B6818460C37BD4680BC7047701A002080B584B000AF7860154B1B6874
S32D00011760002B21D00023FB60124B5B68FA689A4214DA114AFB6852F82330002B0AD00E4AFB6852F8233018465E
S32D00011788FCF7E7FA03461A460A4B1A70FB680133FB60E5E7054B00225A60044B00221A60044B1B78184610377A
S32D000117B0BD4680BD701A00207C1A0020781A002080B582B000AF786039607B68012B07D13B684FF6FF7293421C
S32D000117D802D10348FFF7A8FF00BF0837BD4680BD701A002080B500AF4FF6FF710120FFF7E3FF80BD80B483B009
S32D0001180000AF78600A4B03F580531B6B084A43F0010302F580521363064B5B68054A43F03203536000BF0C3744
S32D00011828BD4680BC704700BF0070044000000A4038B5084C4FF41E652846E56001F0A6FAA06020B10023C0E9F6
S32D000118500053606038BDE060606038BDE41A0020F8B504460D4600F023F8224606460F462B462046294600F0BA
S32D0001187837FD30B9204629460022002300F008FD10B930463946F8BD01F0DAF800220023212101601046194642
S32D000118A000F0B2FB06460F4630463946F8BD00BF614A8A432DE9F84305460C4600F09E8000290B46844654DD89
S32D000118C8091562D0C3F31303C807A1F2FF3743F4801304D45B0003EBDC734FEA4C0C4FEADC72002602EB430392
S32D000118F07F104FEA4C0C4FF0160E34464FF40012A118994202DC5B1A8C1816445B00BEF1010E03EBDC734FEA03
S32D0001191852024FEA4C0CEFD1754620204FF000420AE043D04FEADC71013801EB43034FEA4C0C4FEA520242D061
S32D00011940A34202EB0E01F0DD002901EB020E0ADBA0461B1B614588BF03F1FF33ACEB010C15444446E2E7BEF192
S32D00011968000FF1DB04F10108EFE721F00042024336D000294CD14FEADC22153913464FEA4C5C002AF7D0D60235
S32D000119904CD400205B00DD02044600F10100F9D51A4663460CFA00FCC0F12000C340091B13438BE76145B9D8A2
S32D000119B8002901EB020ED2DB98460023CAE753EA0C0311D16808731003F17F5303F50013F20748BF40F000401A
S32D000119E003EB075905464C4628462146BDE8F883691C16BF681C01364008E8E702460B4600F0D8F92A46234659
S32D00011A0800F01EF805460C4628462146BDE8F883024600F013F802460B4600F0F1FA05460C46DDE76346202016
S32D00011A304FF0FF34BAE700BF0000F07F81F0004102E000BF83F0004330B54FEA41044FEA430594EA050F08BF00
S32D00011A5890EA020F1FBF54EA000C55EA020C7FEA645C7FEA655C00F0E2804FEA5454D4EB5555B8BF6D420CDD61
S32D00011A802C4480EA020281EA030382EA000083EA010180EA020281EA0303362D88BF30BD11F0004F4FEA0131DC
S32D00011AA84FF4801C4CEA113102D0404261EB410113F0004F4FEA03334CEA133302D0524263EB430394EA050F0D
S32D00011AD000F0A780A4F10104D5F1200E0DDB02FA0EFC22FA05F2801841F1000103FA0EF2801843FA05F3594112
S32D00011AF80EE0A5F120050EF1200E012A03FA0EFC28BF4CF0020C43FA05F3C01851EBE37101F0004507D54FF098
S32D00011B20000EDCF1000C7EEB00006EEB0101B1F5801F1BD3B1F5001F0CD349085FEA30004FEA3C0C04F10104CF
S32D00011B484FEA445212F5800F80F09A80BCF1004F08BF5FEA500C50F1000041EB045141EA050130BD5FEA4C0C96
S32D00011B70404141EB0101013C28BFB1F5801FE9D291F0000F04BF01460020B1FA81F308BF2033A3F10B03B3F13A
S32D00011B9820020CDA0C3208DD02F1140CC2F10C0201FA0CF021FA02F10CE002F11402D8BFC2F1200C01FA02F1C1
S32D00011BC020FA0CFCDCBF41EA0C019040E41AA2BF01EB0451294330BD6FEA04041F3C1CDA0C340EDC04F114044F
S32D00011BE8C4F1200220FA04F001FA02F340EA030021FA04F345EA030130BDC4F10C04C4F1200220FA02F001FAF7
S32D00011C1004F340EA0300294630BD21FA04F0294630BD94F0000F83F4801306BF81F480110134013D4EE77FEA41
S32D00011C38645C18BF7FEA655C29D094EA050F08BF90EA020F05D054EA000C04BF1946104630BD91EA030F1EBFF1
S32D00011C600021002030BD5FEA545C05D14000494128BF41F0004130BD14F580043CBF01F5801130BD01F0004516
S32D00011C8845F0FE4141F470014FF0000030BD7FEA645C1ABF194610467FEA655C1CBF0B46024650EA013406BF5E
S32D00011CB052EA033591EA030F41F4002130BD00BF90F0000F04BF0021704730B54FF4806404F132044FF000055D
S32D00011CD84FF0000150E700BF90F0000F04BF0021704730B54FF4806404F1320410F0004548BF40424FF0000138
S32D00011D003EE700BF42004FEAE2014FEA31014FEA02701FBF12F07F4393F07F4F81F06051704732F07F4208BFE6
S32D00011D28704793F07F4F04BF41F40021704730B54FF4607401F0004521F000411CE700BF50EA010208BF7047B3
S32D00011D5030B54FF000050AE050EA010208BF704730B511F0004502D5404261EB41014FF4806404F132045FEAE9
S32D00011D78915C3FF4D8AE4FF003025FEADC0C18BF03325FEADC0C18BF033202EBDC02C2F1200300FA03FC20FA24
S32D00011DA002F001FA03FE40EA0E0021FA02F11444BDE600BF70B54FF0FF0C4CF4E06C1CEA11541DBF1CEA135576
S32D00011DC894EA0C0F95EA0C0F00F0DEF82C4481EA030621EA4C5123EA4C5350EA013518BF52EA033541F480113A
S32D00011DF043F4801338D0A0FB02CE4FF00005E1FB02E506F00042E0FB03E54FF00006E1FB03569CF0000F18BF99
S32D00011E184EF0010EA4F1FF04B6F5007F64F5407404D25FEA4E0E6D4146EB060642EAC62141EA55514FEAC52017
S32D00011E4040EA5E504FEACE2EB4F1FD0C88BFBCF5E06F1ED8BEF1004F08BF5FEA500E50F1000041EB045170BD20
S32D00011E6806F0004646EA010140EA020081EA0301B4EB5C04C2BFD4EB0C0541EA045170BD41F480114FF0000E32
S32D00011E90013C00F3AB8014F1360FDEBF002001F0004170BDC4F10004203C35DA0C341BDC04F11404C4F1200520
S32D00011EB800FA05F320FA04F001FA05F240EA020001F0004221F0004110EBD37021FA04F642EB06015EEA430E38
S32D00011EE008BF20EAD37070BDC4F10C04C4F1200500FA04F320FA05F001FA04F240EA020001F0004110EBD37066
S32D00011F0841F100015EEA430E08BF20EAD37070BDC4F1200500FA05F24EEA020E20FA04F301FA05F243EA020355
S32D00011F3021FA04F001F0004121FA04F220EA020000EBD3705EEA430E08BF20EAD37070BD94F0000F0FD101F0B8
S32D00011F580046400041EB010111F4801F08BF013CF7D041EA060195F0000F18BF704703F00046520043EB030324
S32D00011F8013F4801F08BF013DF7D043EA0603704794EA0C0F0CEA135518BF95EA0C0F0CD050EA410618BF52EAFB
S32D00011FA84306D1D181EA030101F000414FF0000070BD50EA410606BF1046194652EA430619D094EA0C0F02D13D
S32D00011FD050EA013613D195EA0C0F05D152EA03361CBF104619460AD181EA030101F0004141F0FE4141F4700186
S32D00011FF84FF0000070BD41F0FE4141F4780170BD70B54FF0FF0C4CF4E06C1CEA11541DBF1CEA135594EA0C0FBA
S32D0001202095EA0C0F00F0A7F8A4EB050481EA030E52EA03354FEA013100F088804FEA03334FF0805545EA1313A5
S32D0001204843EA12634FEA022245EA111545EA10654FEA00260EF000419D4208BF964244F1FD0404F5407402D29E
S32D000120705B084FEA3202B61A65EB03055B084FEA32024FF480104FF4002CB6EB020E75EB030E22BFB61A7546A9
S32D0001209840EA0C005B084FEA3202B6EB020E75EB030E22BFB61A754640EA5C005B084FEA3202B6EB020E75EB1E
S32D000120C0030E22BFB61A754640EA9C005B084FEA3202B6EB020E75EB030E22BFB61A754640EADC0055EA060EF7
S32D000120E818D04FEA051545EA16754FEA06164FEAC30343EA52734FEAC2025FEA1C1CC0D111F4801F0BD141EAD4
S32D0001211000014FF000004FF0004CB6E711F4801F04BF01430020B4F1FD0C88BFBCF5E06F3FF6AFAEB5EB030C37
S32D0001213804BFB6EB020C5FEA500C50F1000041EB045170BD0EF0004E4EEA113114EB5C04C2BFD4EB0C0541EAD1
S32D00012160045170BD41F480114FF0000E013C90E645EA060E8DE60CEA135594EA0C0F08BF95EA0C0F3FF43BAFDD
S32D0001218894EA0C0F0AD150EA01347FF434AF95EA0C0F7FF425AF104619462CE795EA0C0F06D152EA03353FF42E
S32D000121B0FDAE1046194622E750EA410618BF52EA43067FF4C5AE50EA41047FF40DAF52EA43057FF4EBAE12E79D
S32D000121D84FF0FF3C06E000BF4FF0010C02E000BF4FF0010C4DF804CD4FEA410C7FEA6C5C4FEA430C18BF7FEAEB
S32D000122006C5C1BD001B050EA410C0CBF52EA430C91EA030F02BF90EA020F0020704710F1000F91EA030F58BF0A
S32D00012228994208BF90422CBFD8176FEAE37040F0010070474FEA410C7FEA6C5C02D150EA013C07D14FEA430C44
S32D000122507FEA6C5CD6D152EA033CD3D05DF8040B704700BF8446104662468C461946634600E000BF01B5FFF7A2
S32D00012278B7FF002848BF10F1000F01BD4DF808EDFFF7F4FF0CBF012000205DF808FB00BF4DF808EDFFF7EAFF25
S32D000122A034BF012000205DF808FB00BF4DF808EDFFF7E0FF94BF012000205DF808FB00BF4DF808EDFFF7CEFF0D
S32D000122C894BF012000205DF808FB00BF4DF808EDFFF7C4FF34BF012000205DF808FB00BF4FEA410C7FEA6C5C47
S32D000122F002D150EA013C0AD14FEA430C7FEA6C5C02D152EA033C02D14FF0000070474FF0010070474FEA410257
S32D0001231812F5001215D211D56FF47873B3EB625212D94FEAC12343F0004343EA505311F0004F23FA02F018BF8C
S32D00012340404270474FF00000704750EA013005D111F0004008BF6FF0004070474FF00000704700BF4A0011D2BE
S32D0001236812F5001211D20DD56FF47873B3EB62520ED44FEAC12343F0004343EA505323FA02F070474FF000007E
S32D00012390704750EA013002D14FF0FF3070474FF0000070474FEA4102B2F1E04324BFB3F5001CDCF1FE5C0DD918
S32D000123B801F0004C4FEAC0024CEA5070B2F1004F40EB830008BF20F00100704711F0804F21D113F13872BCBFAE
S32D000123E001F00040704741F480114FEA5252C2F11802C2F1200C10FA0CF320FA02F018BF40F001004FEAC1235D
S32D000124084FEAD32303FA0CFC40EA0C0023FA02F34FEA4303CCE77FEA625307D150EA01331EBF4FF0FE4040F405
S32D000124304000704701F0004040F0FE4040F40000704700BF80F0004002E000BF81F0004142001FBF5FEA41038D
S32D0001245892EA030F7FEA226C7FEA236C6AD04FEA1262D2EB1363C1BFD218414048404140B8BF5B42192B88BF2B
S32D00012480704710F0004F40F4000020F07F4018BF404211F0004F41F4000121F07F4118BF494292EA030F3FD075
S32D000124A8A2F1010241FA03FC10EB0C00C3F1200301FA03F100F0004302D5494260EB4000B0F5000F13D3B0F10D
S32D000124D0807F06D340084FEA310102F10102FE2A51D2B1F1004F40EBC25008BF20F0010040EA030070474900DE
S32D000124F840EB0000013A28BFB0F5000FEDD2B0FA80FCACF1080CB2EB0C0200FA0CF0AABF00EBC2505242184328
S32D00012520BCBFD0401843704792F0000F81F4000106BF80F400000132013BB5E74FEA41037FEA226C18BF7FEAF0
S32D00012548236C21D092EA030F04D092F0000F08BF0846704790EA010F1CBF0020704712F07F4F04D1400028BF1D
S32D0001257040F00040704712F100723CBF00F50000704700F0004343F0FE4040F4000070477FEA226216BF08465A
S32D000125987FEA23630146420206BF5FEA412390EA010F40F4800070474FF0000304E000BF10F0004348BF404282
S32D000125C05FEA000C08BF704743F0964301464FF000001CE050EA010208BF70474FF000030AE000BF50EA0102A8
S32D000125E808BF704711F0004302D5404261EB41015FEA010C02BF84460146002043F0B64308BFA3F18053A3F5E1
S32D000126100003BCFA8CF2083AA3EBC25310DB01FA02FC634400FA02FCC2F12002BCF1004F20FA02F243EB0200ED
S32D0001263808BF20F00100704702F1200201FA02FCC2F1200250EA4C0021FA02F243EB020008BF20EADC70704768
S32D000126604FF0FF0C1CEAD0521EBF1CEAD15392EA0C0F93EA0C0F6FD01A4480EA010C400218BF5FEA41211ED0DD
S32D000126884FF0006343EA501043EA5111A0FB01310CF00040B1F5000F3EBF490041EAD3715B0040EA010062F119
S32D000126B07F02FD2A1DD8B3F1004F40EBC25008BF20F00100704790F0000F0CF0004C08BF49024CEA502040EAE6
S32D000126D851207F3AC2BFD2F1FF0340EAC250704740F400004FF00003013A5DDC12F1190FDCBF00F000407047D9
S32D00012700C2F10002410021FA02F1C2F1200200FA02FC5FEA310040F1000053EA4C0308BF20EADC70704792F04C
S32D00012728000F00F0004C02BF400010F4000F013AF9D040EA0C0093F0000F01F0004C02BF490011F4000F013BC0
S32D00012750F9D041EA0C018FE70CEAD15392EA0C0F18BF93EA0C0F0AD030F0004C18BF31F0004CD8D180EA010025
S32D0001277800F00040704790F0000F17BF90F0004F084691F0000F91F0004F14D092EA0C0F01D142020FD193EA7B
S32D000127A00C0F03D14B0218BF084608D180EA010000F0004040F0FE4040F40000704740F0FE4040F44000704743
S32D000127C84FF0FF0C1CEAD0521EBF1CEAD15392EA0C0F93EA0C0F69D0A2EB030280EA010C49024FEA402037D00D
S32D000127F04FF0805343EA111143EA10130CF000408B4238BF5B0042F17D024FF4000C8B4224BF5B1A40EA0C0052
S32D00012818B3EB510F24BFA3EB510340EA5C00B3EB910F24BFA3EB910340EA9C00B3EBD10F24BFA3EBD10340EA52
S32D00012840DC001B0118BF5FEA1C1CE0D1FD2A3FF650AF8B4240EBC25008BF20F0010070470CF0004C4CEA502086
S32D000128687F32C2BFD2F1FF0340EAC250704740F400004FF00003013A37E792F0000F00F0004C02BF400010F4B6
S32D00012890000F013AF9D040EA0C0093F0000F01F0004C02BF490011F4000F013BF9D041EA0C0195E70CEAD15310
S32D000128B892EA0C0F08D142027FF47DAF93EA0C0F7FF470AF084676E793EA0C0F04D14B023FF44CAF08466EE73E
S32D000128E030F0004C18BF31F0004CCAD130F000427FF45CAF31F000437FF43CAF5FE700BF4FF0FF3C06E000BFB8
S32D000129084FF0010C02E000BF4FF0010C4DF804CD4FEA40024FEA41037FEA226C18BF7FEA236C11D001B052EAC5
S32D00012930530C18BF90EA010F58BFB2EB030088BFC81738BF6FEAE17018BF40F0010070477FEA226C02D15FEA68
S32D00012958402C05D17FEA236CE4D15FEA412CE1D05DF8040B704700BF844608466146FFE70FB5FFF7C9FF0028D1
S32D0001298048BF10F1000F0FBD4DF808EDFFF7F4FF0CBF012000205DF808FB00BF4DF808EDFFF7EAFF34BF0120D2
S32D000129A800205DF808FB00BF4DF808EDFFF7E0FF94BF012000205DF808FB00BF4DF808EDFFF7D2FF94BF01209A
S32D000129D000205DF808FB00BF4DF808EDFFF7C8FF34BF012000205DF808FB00BF4FEA4002B2F1FE4F0FD34FF0D3
S32D000129F89E03B3EB12620DD94FEA002343F0004310F0004F23FA02F018BF404270474FF00000704712F1610F6E
S32D00012A2001D1420205D110F0004008BF6FF0004070474FF00000704708B5062001F02AF8012006F0A5FA00BFDD
S32D00012A48014B1868704700BF1C0D00209368002B00F081802DE9F04FB1F90C300C461907804683B0174698B270
S32D00012A7023D523690BB310F002033D682BD04FF0000ADFF8B4B256465E453346524628BF5B464046002E4FD01F
S32D00012A98E169D4F824C0E047002852DDBB681B1A8244361ABB60002BEAD1002003B0BDE8F08F2146404602F052
S32D00012AC059FE002840F03481B4F90C303D6898B210F00203D3D110F0010942D14E463EB38205D4F808B040F124
S32D00012AE88180B3455A4600F2B18010F4906F40F0BE8020680192494600F0F0FCA3682168019AA3EB0B030A44F3
S32D00012B10B246A36022600026B868A0EB0A00D144B8600028C5D0B4F90C0080B2002ED7D1D5E900960835D2E749
S32D00012B38D5E900A60835A3E72146404603F016FF80B3B4F90C3043F040034FF0FF30A38103B0BDE8F08F002033
S32D00012B6070471E46AA46994618461D4656B388B34A46D4E904132068B24228BF3246884205D9A16803EB010B6D
S32D00012B885A4500F3A780934264DCE169D4F824C02A464046E047B0F1000BD2DDB9EB0B09CAD00120BB68A3EBBA
S32D00012BB00B035D44A6EB0B06BB60002B3FF479AF002ED4D10AF1080353E902569A460833002EF9D032460A21E2
S32D00012BD8284600F099FB002800F09D800130A0EB0509C1E720682369984217D86369B34214D86FF00042B24216
S32D00012C0028BF3246E16992FBF3F2D4F824C002FB03F340464A46E047B0F1000A95DDA6EB0A0679E7B345DA4674
S32D00012C2828BFB2465246494600F058FCA3682268A3EB0A035244A3602260002BEBD12146404603F093FE002868
S32D00012C50E5D07AE72068B34632464FE72946019200F040FC019AA3689B1AA360236813442360934696E723683E
S32D00012C782169A3EB010B636903EB430A0AEBDA7A0BF101034FEA6A0A33445345524684BF9A46524643052CD561
S32D00012CA01146404600F07EF800283BD05A462169019000F07DFBA289019B22F4906242F08002A28103EB0B00CD
S32D00012CC82361AAEB0B03C4F814A0A3602060B34632460FE729465A4600F000FC23685B4423602146404603F0D4
S32D00012CF041FE00283FF456AF27E7404600F0CCFC03460028DED12169404603F05FFFB4F90C300C2223F080039C
S32D00012D18C8F8002017E7721C914626E70C22B4F90C30C8F800200EE74FF0FF30BEE600BF00FCFF7F70B50D4E85
S32D00012D400D4D761BB61006D0002455F8043B01349847A642F9D1094E094D761B06F074FCB61006D0002455F8B6
S32D00012D68043B01349847A642F9D170BD54960100549601008096010054960100704700BF704700BF704700BFD0
S32D00012D90704700BF024B0146186800F003B800BF1C0D00202DE9F04F01F10B06162E83B0044624D8102900F297
S32D00012DB8BA8000F061FC102618220220B54F3A44A2F1080153688B4200F0BA805A68D96822F003021A449D6886
S32D00012DE0E9608D60516841F001012046516003F1080500F04BFC284603B0BDE8F08F36F0070600F19480B142E3
S32D00012E0800F2918000F038FCB6F5FC7FC0F09A81730A00F08F80042B00F26F81B30903F1390003F1380CC30012
S32D00012E309A4F3B44A3F108055B689D4206D10CE0002980F22781DB689D4206D05A6822F00302911B0F29F3DD3D
S32D00012E5860463D69DFF840C265457CD06A6822F00302931B0F2B00F37B81002BC7E904CC80F26C81B2F5007F40
S32D00012E8080F01A81D308796801334FEA521E012202FA0EF20A4357F833E0C5F808E007EBC3010839E9607A60F2
S32D00012EA847F83350CEF80C50831001219940914257D8114206D120F003004900114200F10400FAD007EBC00934
S32D00012ED04D468646D5F80C80454508D11DE1002B80F22481D8F80C80454500F01681D8F8042022F00302931B52
S32D00012EF80F2BF0DD2046D8E9025408EB060146F00106C8F80460EC60A56043F00104C7E90411C1E902CC4C605A
S32D00012F2048F8023000F0B2FB08F1080502E00C2323600025284603B0BDE8F08F4FF4007340204FF03F0C73E775
S32D00012F48D3689A4208BF02307FF440AF3D69DFF848C1654582D17A688310012199409142A7D9BD686B6823F097
S32D00012F7003094E4503D8A9EB06030F2B7ADCDFF824B1494BDBF800201B680132334405EB090A00F0338103F58C
S32D00012F9880530F3323F47F6828F00F084146204600F062FD411C024600F0F380824500F2EE803C4B19684144D0
S32D00012FC01960084600F04E81DBF80010019301311BBFA2EB0A0A5044CBF80020186012F0070B00F01781CBF1F1
S32D00012FE808010A44CBF5805190440831A1EB0801C1F30B0A51462046009200F035FD421CDDE9002300F04F81AF
S32D00013010801A00EB0A081968BA6048F001005144BD425060196000F02981B9F10F0F40F227816868A9F10C0CAB
S32D000130382CF0070C00F0010040EA0C0068604FF0050E05EB0C00BCF10F0FC0E901EE00F2328150681546144B83
S32D000130601A688A4238BF1960124B1A688A4238BF196094E0AA1943F0010346F001066E602046BA60536000F0CC
S32D0001308801FB0835284603B0BDE8F08FD9681A44A1E600BF481100205011002050150020341B0020041B002089
S32D000130B02C1B0020301B0020B2F5206F4FEA522363D3142B00F2B78003F15C01C9005B3307EB010E7958AEF184
S32D000130D8080E8E4500F091804B6823F00303934202D989688E45F7D1D1F80CE07A68C5E9021ECEF80850CD6027
S32D00013100D6E6142B59D9542B00F29D80330B03F16F0003F16E0CC3008AE60EF1010E1EF0030F05F108057FF4FF
S32D00013128D5AE51E0424445465368D8F80C1043F00103536055F8083F2046D9608B6000F0A1FAF3E6F00806F1B1
S32D00013150080237E62A442046536843F001035360083500F093FAE5E6A919204646F0010643F001046E60C7E910
S32D000131780411C1E902CC4C60AB5000F083FA0835D4E6930903F13901C90038339CE7BD425FD0BD68686820F0DC
S32D000131A003084645A8EB060302D80F2B3FF762AF204600F06BFA0025BCE603F15C0003F15B0CC30034E659F818
S32D000131C808394B4540F0968010F0030F00F1FF30F5D17B6823EA01037B60490099423FF6C0AE19B9BDE6490075
S32D000131F00EF1040E1942FAD0704667E603F11008D0E69A104FF001087B6808FA02F21A437A6070E702EB080166
S32D000132184942C1F30B0A51462046009200F024FC431CDDE900237FF4EFAEDA46EFE6542B25D8130B03F16F0149
S32D00013240C9006E3344E7B3F5AA7F25D8F30B03F1780003F1770CC300EAE5294B186840441860B1E6CAF30B0C2E
S32D00013268BCF1000F7FF4ACAEBD68C84448F001006860F0E61546EEE60123536094E7B3F5AA7F23D8D30B03F187
S32D000132907801C90077331BE740F25452934223D8B30C03F17D0003F17C0CC300C0E5ABF1080BD844A8EB0208FD
S32D000132B84FF0000AABE605F108012046009303F081FCBD68009B68681968C4E640F254518B420BD8930C03F1D0
S32D000132E07D01C9007C33F3E64FF47E737F204FF07E0C9DE54FF47E717E23E9E67B6870E7041B002000000000B7
S32D00013308000000000000000001F0FF01102A2BDB10F0070F08D010F8013B013A8B422DD010F0070F42B3F6D15C
S32D00013330F0B441EA012141EA014122F007047FF000070023F0E80256083C85EA010586EA010685FA47F5A3FAA2
S32D0001335887F586FA47F6A5FA87F68EB9EED1F0BC01F0FF0102F0070232B110F8013B013A83EA010313B1F8D1F3
S32D000133800020704701387047002D06BF35460338073815F0010F07D1013015F4807F02BF013015F4C03F01301F
S32D000133A8F0BC0138704700BF844641EA000313F003036DD1403A41D351F8043B40F8043B51F8043B40F8043BD0
S32D000133D051F8043B40F8043B51F8043B40F8043B51F8043B40F8043B51F8043B40F8043B51F8043B40F8043BD3
S32D000133F851F8043B40F8043B51F8043B40F8043B51F8043B40F8043B51F8043B40F8043B51F8043B40F8043BAB
S32D0001342051F8043B40F8043B51F8043B40F8043B51F8043B40F8043B51F8043B40F8043B403ABDD2303211D332
S32D0001344851F8043B40F8043B51F8043B40F8043B51F8043B40F8043B51F8043B40F8043B103AEDD20C3205D33A
S32D0001347051F8043B40F8043B043AF9D2043208D0D2071CBF11F8013B00F8013B01D30B8803806046704700BFE4
S32D00013498082A13D38B078DD010F003038AD0C3F10403D21ADB071CBF11F8013B00F8013B80D331F8023B20F8F0
S32D000134C0023B7BE7043AD9D3013A11F8013B00F8013BF9D20B7803704B7843708B7883706046704788420DD966
S32D000134E88B1883420AD900EB020CBAB1624613F801CD02F801CD9942F9D170470F2A0ED8034602F1FF3C4AB1D0
S32D000135100CF1010C013B8C4411F8012B03F8012F6145F9D1704740EA01039B0750D1A2F1100370B501F1200C15
S32D0001353823F00F0501F1100E00F11004AC441B095EF8105C44F8105C5EF80C5C44F80C5C5EF8085C44F8085CEE
S32D000135605EF8045C44F8045C0EF1100EE64504F11004E9D1013312F00C0F01EB031102F00F0400EB031327D091
S32D00013588043C24F003064FEA940C1E441C1F8E465EF8045B44F8045FB442F9D10CF1010402F0030203EB8403EB
S32D000135B001EB840102F1FF3C4AB10CF1010C013B8C4411F8012B03F8012F6145F9D170BD02F1FF3C03469BE746
S32D000135D82246EBE7830730B548D0541E002A3FD0CAB2034601E0013C3AD303F8012B9D07F9D1032C2DD9CDB21F
S32D0001360045EA05250F2C45EA054536D9A4F1100222F00F0C03F1200EE6444FEA121C03F1100242E9045542E943
S32D00013628025510327245F8D10CF1010214F00C0F03EB021204F00F0C13D0ACF1040323F003030433134442F8C2
S32D00013650045B9342FBD10CF003042CB1CAB21C4403F8012B9C42FBD130BD64461346002CF4D1F9E7034614465A
S32D00013678BFE71A46A446E0E70148FFF783BB00BFF81A00200148FFF77FBB00BFF81A00202DE9F84F17460029B1
S32D000136A000F0988007F10B0580460C46FFF7E8FF162D5DD810252A46AF425ED854F8041C21F003069642A4F1BF
S32D000136C8080962DABC4BD3F808C009EB0600844500F09780D0F804C02CF0010303445B68DB0768D42CF0030C23
S32D000136F006EB0C03934247DACB0710D454F8083CA9EB030ADAF8043023F003018C44B444944580F21181731881
S32D00013718934280F2E88039464046FFF73FFB0746E0B154F8043C23F001034B44A0F10802934200F0D280321F8B
S32D00013740242A00F2F580132A00F2AC8003462246116819605168596092689A602146404603F034FA4046FFF7B7
S32D0001376891FF3846BDE8F88F25F00705002D2A469EDA0C23C8F8003000273846BDE8F88F1E46D0E90223D3605D
S32D000137909A60731B0F2B22D8D9F8043003F0010333434E44C9F80430736843F00103736040462746FFF76AFF1E
S32D000137B83846BDE8F88FC907ADD454F8083CA9EB030ADAF8041021F00301A0E7BDE8F84F1146FFF7E3BAD9F88D
S32D000137E0041001F001012943C9F8041009EB05014E4443F001034B60736843F0010308317360404603F0E2F992
S32D00013808D2E7DCF8040020F0030B06EB0B0C05F1100084454DDAC9073FF57DAF54F8081CA9EB010ADAF80410BF
S32D0001383021F003018B44B34458453FF76CAF5746DAF80C1057F8080F321F242AC160886000F2DB80132A40F24B
S32D00013858D6802168CAF808106168CAF80C101B2A00F2DF8008340AF110022168116061685160A16891600AEB9F
S32D000138800501ABEB050242F0010299604A60DAF8043003F001031D434046CAF80450FFF7F5FE6EE72368036079
S32D000138A8636843601B2A68D804F1080200F108034AE709EB05029A60ACEB050343F00103536054F8043C03F0D5
S32D000138D001031D43404644F8045CFFF7D7FE27464FE750F8043C23F003031E4451E75746DAF80C1057F8080FA9
S32D000138F8321F242AC16088604CD8132A48D92168CAF808106168CAF80C101B2A56D808340AF110021E462368C2
S32D00013920136063685360A3689360D1463C4630E72146FFF7D7FD11E7D0E902135746CB60996057F8081FDAF8D9
S32D000139480C30CB60321F242A99602DD8132A29D92368CAF808306368CAF80C301B2A42D808340AF1100322688C
S32D000139701A6062685A60A2689A606646D1463C4607E7A3688360E368C360242A26D004F1100200F11003DBE687
S32D000139983A46BFE7214638461E46D146FFF79EFD3C46F2E63B46DEE7214638466646D146FFF794FD3C46E8E6CA
S32D000139C048110020A168CAF81010E168CAF81410242A20D010340AF118029FE7236903616169416104F11802BD
S32D000139E800F11803B0E6A368CAF81030E368CAF81430242A21D010340AF11803B3E73A4633E721463846FFF708
S32D00013A1069FD164B33E72269CAF818206269CAF81C2018340AF1200278E7A168CAF81010E168CAF81410242A28
S32D00013A380DD010340AF1180217E72369CAF818306369CAF81C3018340AF120038BE72269CAF818206269CAF8CD
S32D00013A601C2018340AF1200203E700BF4811002038B5074D0022044608462A6005F072FA431C00D038BD2B68D3
S32D00013A88002BFBD0236038BD381B002038B5154B1F281D6820D8D5F8DC22044662B152F820304BB1012B15D04E
S32D00013AB0591C0FD0002542F820509847284638BD284600F02BF8224601462846BDE8384000F00EB816232B604D
S32D00013AD8012038BD002038BD16232B604FF0FF3038BD00BF1C0D002070B50C46084D03460026204611461C460B
S32D00013B002E6005F017FA431C00D070BD2B68002BFBD0236070BD00BF381B002005F0FAB90EB410B59DB06FF060
S32D00013B2800411FABCDE906010491094953F8042B0290084C0868019302A9059400F08AF8029B00221A701DB08F
S32D00013B50BDE8104003B070471C0D00200802FFFF00000000000000000000000000000000000000000000000096
S32D00013B78000000000000000090F800F06DE9024520F007016FF0000C10F0070491F820F040F049804FF00004A6
S32D00013BA06FF00700D1E9002391F840F000F1080082FA4CF2A4FA8CF283FA4CF3A2FA8CF34BBBD1E9022382FAF3
S32D00013BC84CF200F10800A4FA8CF283FA4CF3A2FA8CF3E3B9D1E9042382FA4CF200F10800A4FA8CF283FA4CF39C
S32D00013BF0A2FA8CF37BB9D1E9062301F1200182FA4CF200F10800A4FA8CF283FA4CF3A2FA8CF3002BC6D0002AD0
S32D00013C1804BF04301A4612BAB2FA82F2FDE8024500EBD2007047D1E9002304F00305C4F100004FEAC50514F005
S32D00013C40040F91F840F00CFA05F562EA05021CBF63EA050362464FF00004A9E72DE9F04FD5B00C460C919146EB
S32D00013C680E930A9003F0D8F8036817931846FFF783FFA3891690190603D52369002B00F08B8700242BAB4D4635
S32D00013C90CDE92944CDE91944CDE91B441294289398461894002308940024CDE914342B78002B00F0DD81AA46E2
S32D00013CB804E01AF8013F002B00F01681252BF8D1BAEB050640F014819AF80030002B00F0CB8100234FF0FF32AB
S32D00013CE09AF801608DF8833009930AF1010A07921F462B244FF020090AF1010AA6F120035A2B00F22D81DFE887
S32D00013D0813F0BA022B012B01B5022B012B012B016A002B012B014F02E3022B015A02C9022B01C4025B005B0047
S32D00013D305B005B005B005B005B005B005B002B012B012B012B012B012B012B01BF012B011A028600BF01BF01A5
S32D00013D58BF012B012B012B012B01B0022B012B01C3002B012B012B0124022B015F022B012B013C072B012B01D5
S32D00013D802B012B012B012B012B012B01BF012B011A028800BF01BF01BF01A302880081002B0196022B0182021A
S32D00013DA8C500700281002B0124027E0039072B012B0119072B017E00A6F1300300221AF8016B02EB820203EB39
S32D00013DD04202A6F13003092BF5D909928EE7DDF828B0584603F01CF843681B931846FFF7C7FE1C90064658464A
S32D00013DF803F012F883681993002E40F07A869AF8006075E79AF8006047F0200770E747F01007BA060E9B40F1CD
S32D00013E208081073323F007031A465B6852F8084B0E929946002BC0F25F85079B013301F01F8054EA090327F054
S32D00013E48800B00F0E3840A2C79F1000380F08187303401238DF84F415F460B930DF24F1507990B989DF8832090
S32D00013E7081424FF00003B8BF01460D9306910F9313931093002A7CD0069B0133069378E047F0100717F0200984
S32D00013E9800F034810E9B073323F00703D3F8049053F8084B0E9327F4806B002300228DF88320079A511C00F047
S32D00013EC00D8254EA09012BF0800740F00682002A41F01080002B40F0A2841BF001030B9300F0378530238DF805
S32D00013EE84F310DF24F15BBE7BAEB050600F0BC802A9B33442A93299B0133072BC8E90056299305DC08F108087A
S32D00013F10089B33440893DBE60C990A9828AA03F04DFC80B90DF1AC08F2E70C990A9828AA03F044FC002800F08F
S32D00013F388C800D9B1BB10D990A9802F043FE0C9B9B8913F0400F089B18BF4FF0FF330893089855B0BDE8F08FF3
S32D00013F60002E00F0858000228DF8EC608DF88320012306930D920B9307920F92139210923BAD17F0020302D0B3
S32D00013F8806990231069117F0840B07D109990698A1EB0009B9F1000F00F315832A9C8AB1299A0DF183010132A1
S32D00013FB00134C8F80010072A4FF001012A942992C8F8041000F3468308F1080883B1299B21AA01330234C8F86C
S32D00013FD80020072B4FF002022A942993C8F8042000F3488308F10808BBF1800F00F00E82079B0B9AA3EB020B63
S32D00014000BBF1000F00F34F82FB0500F1A5810B9BC8F804301C44299BC8F800500133072B2A94299300F3C78211
S32D0001402808F108087B0705D5099B069A9D1A002D00F32C83DDE9083206998A42ACBF9B185B180893002C7FF404
S32D000140506CAF002329930D9B1BB10D990A9802F0B5FD0DF1AC0855462B78002B7FF423AE2A9B002B3FF467AF4F
S32D000140780C9C0A9828AA214603F09CFBA38960E70E9B073323F00702F2E80234CDE91434DDE9143424F0004426
S32D000140A00E92994618462146A74B4FF0FF32FEF71BF9002840F06284A34B484621464FF0FF32FEF7F3F80028A9
S32D000140C840F05884DDE9140100220023FEF7E0F8002840F0AD879DF883209A4D9A4B27F080070321472EC8BF82
S32D000140F01D4600230D9306910B9107930F9313931093BFE617F0100340F02E8417F0400200F054870E9A52F81C
S32D00014118044B0E929946A4B2C5E653F8044B0E93FB0600F118847D0640F1128444F3C0394B4624B27AE60E9BF6
S32D00014140002253F8041B8DF883208DF8EC100E930EE70E9C079B54F8045B4FF000098DF88390002D00F0D58636
S32D000141685A1C00F052851A4649462846FFF7CCF80D90002801F057800D9BCDF81C905B1B0B930E9423EAE37315
S32D000141909DF883200693CDF83490CDF83C90CDF84C90CDF840906DE60E9B53F8042B0992002A80F2C983099A43
S32D000141B80E93524209929AF8006047F0040797E547F0100B1BF0200900F081830E9B073323F00703D3F804907F
S32D000141E053F8084B0E93012364E60E9B53F8044B0E93302378268DF88430564B189347F0020B8DF885604FF0BC
S32D000142080009022352E6BD0600F18284FC0600F17386780600F13C87B90540F16D860E9B089953F8042B0E9302
S32D000142301170554618E79AF800606C2E03BF9AF8016047F020070AF1010A47F0100753E59AF80060682E03BFCF
S32D000142589AF8016047F400770AF1010A47F0400746E59AF8006047F0080741E59AF8006047F001073CE59DF89E
S32D000142808330002B7FF4BFAD9AF800608DF8839032E59AF8006047F080072DE5524612F8016B2A2E01F0CD814A
S32D000142A8A6F13003092B924698BF002201F288801AF8016B02EB820203EB4202A6F13003092BF5D9079215E51D
S32D000142D09AF800608DF883400EE5BB46012B3FF4B6AD022B54AD12D1189A04F00F032409D35C05F8013D44EA41
S32D000142F809744FEA191954EA0903F2D154AB5B1B5F460B93ACE504F00703E40844EA49744FEAD909303354EAC8
S32D0001432009012A4605F8013DF1D11BF0010FE9D0302BE7D03023023A05F8013C54AB9B1A5F460B9315468FE582
S32D00014348FFFFEF7F989201009C920100A8920100652E40F3E680DDE9140100220023FDF78DFF002800F0CD8113
S32D00014370299BBF4AC8F80020013301340122072B2A942993C8F8042000F37D8508F10808229B129A934280F2A7
S32D00014398D382169B179A1C44C8E90023299B2A940133072B299300F3EB8308F10808129B5D1E002D7FF736AE4E
S32D000143C0102D299BDFF8AC9240F36E8549462246B946DDF828B00C9C10260F4605E008F10808103D102D40F311
S32D000143E85B8501331032072BC8E90076CDE92932F1DD28AA2146584603F0DCF900287FF498ADDDE929320DF17A
S32D00014410AC08E6E7099B069AA3EB020BBBF1000F7FF7EAADBBF1100F299ADFF848922CDD1D9621464E460C9CB7
S32D00014438DDF82890102306E0ABF1100BBBF1100F08F108081ADD01321031072AC8E90063CDE92921F0DD28AAD5
S32D00014460214648460DF1AC0803F0A8F900287FF464ADABF1100BBBF1100FDDE929214FF01003E4DCB1461D9EF0
S32D000144880C4601325C44072ACDE92924C8F80090C8F804B000F31D8508F10808A8E5BBF1100F299ADFF8C49103
S32D000144B02DDD41462046A8464C460C9DDDF82890102306E0ABF1100BBBF1100F01F1080119DD01321030072A00
S32D000144D8C1E90043CDE92920F0DD28AA2946484603F068F900287FF424ADABF1100BBBF1100FDDE929202BA908
S32D000145004FF01003E5DC4546A1468846044601325C44072ACDE92924C8F80090C8F804B000F3CC8108F10808DB
S32D000145286EE5129B012B40F37C81299EC8F80050013601340123072E2A942996C8F8043000F3E08108F108089E
S32D00014550169B179A01361C44072EC8E90023CDE9296400F3E08108F10808DDE9140100220023FDF787FE0028D9
S32D0001457840F07481129B0136013B01351C44072EC8F800502996C8F804302A9400F3598108F108081A9BC8F838
S32D000145A0043001361C44072E24ABCDE92964C8F800307FF739AD0C990A9828AA03F0FEF800287FF4BAAC2A9CC5
S32D000145C80DF1AC082EE5B9F1100FDDE929212BDDCDE91D3B1F96DDF828B04E461024A9460C9D04E0103E102EDE
S32D000145F008F1080817DD01321F4B1031072AC8E90034CDE92921F1DD28AA294658460DF1AC0803F0D3F8002866
S32D000146187FF48FAC103E102EDDE92921E7DCDDE91D3B4D46B1461F9EC8F80490013209EB0104072A0E49C8F839
S32D000146400010CDE9292400F3FF839DF8832008F10808A8E40C990A981D9328AA03F0AEF800287FF46AAC2A9C1D
S32D000146681D9B0DF1AC08ADE4D8920100EC920100DC9201000C990A9828AA03F09BF800287FF457AC2A9C0DF1CE
S32D00014690AC08ADE4102D299B21DD0A9FDDF83090102604E0103D102D08F1080817DD0133B04A1034072BC8E983
S32D000146B80026CDE92934F1DD28AA494638460DF1AC0803F077F800287FF433AC103D102DDDE92934E7DC0133BB
S32D000146E0A44AC8F804502C44072BCDE92934C8F800207FF7A3AC0C990A9828AA03F05EF800287FF41AAC2A9CC6
S32D0001470898E42299002940F36683DDF84090129B9945A8BF9946B9F1000F0BDD299B01334C44072BC8E900592B
S32D000147302A94299300F32F8508F10808109EB9F1000FA8BFA6EB0906002E00F33882DDF840B07805AB4400F1C5
S32D000147586682229B129A934202DBF90740F18E84169A17991444C8E90012299A2A940132072A299200F3188541
S32D0001478008F10808129AAE18A6EB0B06D51AAE42A8BF2E46002E0DDD299BC8F800B001333444072BC8F80460E5
S32D000147A82A94299300F31A8608F10808002EA8BFAD1B002D7FF736AC102D299BDFF8B09140F36E8349462246B6
S32D000147D0B946DDF828B00C9C10260F4605E008F10808103D102D40F35B8301331032072BC8E90076CDE9293272
S32D000147F8F1DD28AA2146584602F0DCFF00287FF498ABDDE929320DF1AC08E6E7079B002B7FF41EAB5F460023D1
S32D0001482007930B9354ADFFF71FBBFA073FF581AE299EC8F80050013601340123072E2A942996C8F804307FF779
S32D00014848A7AE0C990A9828AA02F0B4FF00287FF470ABDDE929640DF1AC089BE6129B5D1E002D7FF797AE102DA5
S32D00014870DFF8049140F39683224607970A9C0C9F4FF0100B05E008F10808103D102D40F3878301361032072E4D
S32D00014898C8E9009BCDE92962F1DD28AA3946204602F088FF00287FF444ABDDE929620DF1AC08E6E70C990A98C5
S32D000148C028AA02F07BFF00287FF437AB2A9C0DF1AC08FFF799BB1BF0100340F028811BF0400200F079830E9A74
S32D000148E852F8044B0E929946A4B20123FFF7DEBA2D2364428DF8833069EB4909BB460123FFF7D7BA0C990A98BA
S32D0001491028AA02F053FF00287FF40FABDDE929640DF1AC0814E60C990A9828AA02F046FF00287FF402ABDDE9B0
S32D0001493829640DF1AC0814E6FD077FF573AB28E59AF800600E93FFF7D3B954ADFFF788BAB80500F1A6834FEA16
S32D00014960E4794B46FFF766BA0E9B53F8044B0E93FFF79DBADC920100EC920100DDE9140102460B46FDF7B0FCF1
S32D00014988002840F00F86612E00F04585412E00F06D84079B013326F02003069300F0A983472B00F08885DDE981
S32D000149B0141247F480730F931346002BC0F292850B9300231D938B460D93069B462B00F0FD83452B00F0448508
S32D000149D80799019126A9049123A9039122A9029102210B9B0A9800915A4600F0CDFF069B472B054640F03186BF
S32D00014A0017F0010FB9460F9F40F0FC84269B5B1B1293069B472B00F08283069B462B00F01284229B1093109B8C
S32D00014A28069A013B412A229300F0AD85F2B20021002BB8BF109B8DF89020BABFC3F101032D222B22092B8DF874
S32D00014A50912040F38D850DF19F04B64F2246104687FB0321DA17C2EBA10202EB8201A3EB4101303100F8011C40
S32D00014A7819466329134600F1FF32ECDC3033D9B2831E9C4202F8011C40F2F18513460DF1920201E013F8011BC2
S32D00014AA002F8011B9C42F9D10DF1A1030DF192021B1A134424AA9B1A1A93129B1A9A012B1A440B9240F39E855B
S32D00014AC80B9B169A13440B930B9A002329F4806722EAE27247F480770F930692139310931D9B002B40F03F83BE
S32D00014AF09DF883200793FFF7C5B9199B002B3FF482A9199B1B78002B3FF47DA99AF8006047F48067FFF7F0B897
S32D00014B180E9B089853F8041B0E93C217C1E900025546FFF79DBA0E9B53F8044B0E930123FFF7BCB97E4B1893C6
S32D00014B4017F0200900F0EC800E9B073323F00703D3F8049053F8084B0E93F80709D554EA090306D030238DF847
S32D00014B68856047F002078DF8843027F4806B0223FFF79CB9BB46FFF725BB6E4B1893DBE70C990A9828AA02F042
S32D00014B9015FE00287FF4D1A92A9C0DF1AC080AE40A984021FEF7FEF80C9B18601861002800F065850C9A4023D7
S32D00014BB85361FFF766B8102E299BDFF87C9140F32982484642462146A846B9460A9C0C9D4FF0100B074604E0FE
S32D00014BE00832103E102E40F3138201331031072BC2E9007BCDE92931F2DD28AA2946204602F0DCFD00287FF45F
S32D00014C0898A9DDE929312BAAE7E72846CDF81C900E94FEF7B1FF03460B90FFF7B3BA129BCDF82CA04246DDF871
S32D00014C304C801097EB1807935E46199FDDF87090DDF828A0DDF830B00F9B13952146B8F1000F2FD0002B30D126
S32D00014C58013F08F1FF381B9BC2E90039299B01334944072B2A91299368DC0832079B38789B1B8342A8BF0346FA
S32D00014C80002B1C460BDD2998013019440728C2E900632A91299000F3148138780832002CACBF051B0546002DEF
S32D00014CA80BDC06440F9BB8F1000FCFD1002B00F023820F9B013B0F93CDE7102D29981DDD102404E0103D102D14
S32D00014CD002F1080216DD0130194B10310728C2E90034CDE92901F1DD28AA5946504602F065FD00287FF421A973
S32D00014CF8103D102DDDE929012BAAE8DC01300E4B556029440728CDE92901136000F33282387808320644C5E7C5
S32D00014D2017F0100300F0A1800E9B53F8044B0E9313E700BF67666666A8920100BC920100EC92010028AA594689
S32D00014D48504602F037FD00287FF4F3A82A992BAA8CE70BF4806300220696CDF82CA0CDF8348054AFDDF86480D9
S32D00014D709A4616460CE00023204649460A2203F037FF0A2C79F100031BD3044689462F4620460A22002349461C
S32D00014D9803F02AFF30327D1E013607F8012CBAF1000FE4D098F800309E42E0D1FF2EDED00A2C79F1000380F0C3
S32D00014DC0408154AB5B1BDDF82CA0CDF864801296DDF83480069E0B935F46FFF745B8299BBC4AC8F8002001335B
S32D00014DE801340122072B2A942993C8F8042000F3388108F10808002940F09780129A07F0010313433FF40EA9A8
S32D00014E10169B17991A19C8E90013299B2A920133072B299300F3478108F108081299C8F8005001338C18072BF0
S32D00014E38CDE92934C8F804107FF7F2A8FFF7B7BB0C990A981D9328AA02F0B4FC00287FF470A89DF883202A9CD0
S32D00014E601D9B0DF1AC08FFF79EB817F0400200F0C2800E9A52F8044B0E929946A4B26CE6BB46FEF7E4BF0C994C
S32D00014E880A9828AA02F096FC00287FF452A82A9C0DF1AC08FFF778BA14463A464F46914601332C44072BC8F8F2
S32D00014EB00090C8F80450CDE929347FF7B5A8FFF77ABB28AA5946504602F078FC00287FF434A838782A992BAAF2
S32D00014ED8E1E60C990A9828AA02F06CFC00287FF428A82A9C0DF1AC08FFF782B8012BBB467FF4F3A9FEF7ACBFC2
S32D00014F000E9B089953F8042B554611600E93FFF7ABB8062B294628BF062307950D952A4606936D4D0E940B93C7
S32D00014F280F9113911091FEF7A9BF169B17981A19C8E90003299B2A920133072B299300F3B68008F108080029D4
S32D00014F50BFF66CAF4E421031DFF8809180F297824146DDF828B0A84610240C9D04E00831103E102E40F3898238
S32D00014F7801331032072BC1E90094CDE92932F2DD28AA2946584602F015FC00287EF4D1AFDDE929322BA9E7E785
S32D00014FA0079F144601362C44072ECDE92964C8F80090C8F804507FF7EFAA46E40E9B17F4007914BF53F8044B8C
S32D00014FC853F8044B0E931CBF9146E4B2FEF76BBF0E9B1BF4007914BF53F8044B53F8044B0E931CBF9146E4B2F7
S32D00014FF00123FEF75FBF0E9B17F4007914BF53F8044B53F8044B0E931CBF9146E4B2A4E5454690463A460C4682
S32D000150184F46914601333444072BCDE92934C8F80090C8F8046057DC08F10808FFF78BBB2D228DF88320FFF7B3
S32D0001504050B81C9B1B99ED1A1A46284602F084FB98F801300BB108F10108204649460A220023002603F0C4FDEB
S32D000150688FE60C990A9828AA02F0A4FB00287EF460AF22992A9C0DF1AC08BCE6129AAE18A6EB0B06D51AAE4289
S32D00015090A8BF2E46FFF78EBB0E9B089953F8042B0E9311805546FEF7DFBF44F3C0194B4664B2FEF7BFBE0C99E5
S32D000150B80A9828AA02F07EFB00287EF43AAFDDE9293222990DF1AC083DE700BFD8920100D0920100EC920100A9
S32D000150E00C990A9828AA02F069FB00287EF425AF2A9C0DF1AC08FFF72ABB0623079356E4DDE91235EB189E4284
S32D000151081997B346DDF82CA0109F90460C4628BF9B46FFF71EBB229B1093DA1C02DB079A934204DD023E26F0E0
S32D000151302003069377E4109B129A9342C0F2488119F0010F00F01182169A13440B9319F4806F03D0109B002BAC
S32D0001515800F3C7810B9B23EAE3730693672600230F931393BCE42D2200238DF883200793FEF786BE28AA5946D5
S32D00015180504602F01BFB00287EF4D7AE38782A992BAA06448AE50C990A9828AA02F00EFB00287EF4CAAE2A9C56
S32D000151A80DF1AC08FFF7C6BA0C990A9828AA02F001FB00287EF4BDAE229B2A9C0DF1AC08FFF7DCBA07990191B1
S32D000151D026A9049123A9039122A9029103210B9B0A9800915A4600F0D3FB0378302B054600F0F181229B079A52
S32D000151F8B94613440F9FEC180B99584600220023FDF73CF810B12346FFF7FDBB269BA342BFF4F9AB30215A1C35
S32D0001522026921970269B9C42F9D8FFF7F0BB079B9DF883200E9406930B9307900F9013901090FEF71FBE229A53
S32D000152481092002A40F3E081079909F001030B4340F0B781109B0B93662619F4806F40F041810B9B23EAE373B8
S32D00015270069378E730238DF8843058238DF88530079B632B47F0020400F3BF8000230D933BADDDE9141247F465
S32D0001529881730F931346002B2746C0F285800B9326F02003069300238B461D93612E00F04081412E7FF485AB43
S32D000152C022AA0B99584602F0C9F900224FF07F53FCF770FD02460B46CDE9102300220023FCF7D0FF08B1012304
S32D000152E82293AC4B0B93079BCDE912A6CDE91E78DDF82CA0DDE9106703F1FF39AB46109506E00022002309F12C
S32D00015310FF39FCF7B7FFE8B9A14B002230463946FCF748FD0F460646FCF7F4FF0446FCF7D7FC0B460246394602
S32D000153383046FCF783FB1AF80430B9F1FF3FD8464D460BF8013B06460F46DAD130463946924BDDF848A0139EB5
S32D00015360CDF848800022A946DDF87C80109D1E9FCDE91001FCF7AEFF002855D1DDE91001884B0022FCF77EFF54
S32D0001538808B1E1074CD44B46002B06DB01335B4430220BF8012B5B45FBD1ABEB0503B94612930F9FFFF731BB06
S32D000153B026F020030693DDE914349B4604F100430B932D231D9375E700230793FEF796BC129B169A9A18109B1D
S32D000153D80B92002B40F3098167263EE70C990A9828AA02F0E7F900287EF4A3AD229D129B2A9C5D1B0DF1AC083E
S32D00015400FFF7D8B9079BEC18FAE60A98591CFDF7C9FC0546002800F026810D9039E730238DF88430782329E7A2
S32D00015428129B26930B9B1BF8012CD97B8A425B4609D1302003F8010C269B5A1E269213F8012C9142F6D0392AF1
S32D000154500BBF0B9A0132927AD2B203F8012CA0E707990B9B0A984C1C26A9049123A9039122A9029102215A4617
S32D000154780194009100F088FA0546B9462C440F9FBAE64546884601333244072BCDE92932C8F80090C8F80460AB
S32D000154A07FF7C2AC0C990A9828AA02F087F900287EF443ADDDE929320DF1AC08B6E4079B002B08BF0123079325
S32D000154C847F480730F93159B002BC0F2B180DDF850B00D900B931D90FFF77ABA00230D9365E7672619990B786F
S32D000154F0FF2B00F0B2800024109A204603E001300131FF2B08D0934206DAD21A4B78002BF5D10B780134F4E7DD
S32D000155181991109213900F940F9A139B1C9913440B9A01FB03230B9323EAE3730693FFF7D7BA22AA0B99584679
S32D0001554002F08CF800224FF07F53FCF733FC02460B46CDE9102300220023FCF793FE08B101232293104B0B939B
S32D00015568C1E6109B0B93EEE5002963D130228DF892200DF19302303302F8013B24ABD31A1A93FFF796BA06F199
S32D000155900F02D2B20121FFF74FBA00BFBC920100000030400000E03FA8920100159B384D002BB4BF2D229DF8A7
S32D000155B88320364BB8BF8DF8832027F08007FEF790BD169BD31819440B91662645E60B99584600220023FCF75B
S32D000155E051FE00287FF406AE079BC3F10103229301E6C3F101031A4422EAE2730B9206936726B0E519F0010F20
S32D000156083FF462AAFFF75CBA079A09F0010959EA020304D10123069366260B939FE5169B01331A4422EAE27358
S32D000156300B920693662696E50D90BCE60DF192029DE70E9B9AF80160924653F8042B0E9342EAE2720792FEF71C
S32D000156584FBB00230F9313935EE7079C0DE70C998B8943F0400213468A81FEF76ABC02231A93FFF71EBA0A9AE1
S32D000156800C2313604FF0FF330893FEF765BC00BFA0920100A4920100F8B50D461446064610B1836B002B43D07B
S32D000156A8B4F90C20A369A360170790B21BD52369CBB1EDB281042F4622D522686169D31A994229DD0133A168A4
S32D000156D00139A160511C2160157062699A422AD0A389DB0701D50A2D25D03846F8BD2146304600F03FF820BB3A
S32D000156F8B4F90C20236990B2EDB281042F46DCD442F40052A281626E616922F4005262662268D31A9942D5DC1B
S32D000157202146304601F026F958B922680123CEE701F054F9B8E72146304601F01BF90028D3D04FF0FF37D0E743
S32D0001574838B50C46084D8446114620461A4600232B60644603F010FC431C00D038BD2B68002BFBD0236038BD3B
S32D00015770381B002038B5334B1B6805460C460BB19A6B12B3B4F90C3018079AB225D5216900292DD012F0010085
S32D0001579807D00020A06060694042A06139B1002038BD950758BF6069A0600029F7D1120658BF0846F4D543F0BA
S32D000157C04003A3814FF0FF3038BD184601F006F9B4F90C3018079AB2D9D4D1062AD5520714D4216943F00803C2
S32D000157E8A3819AB20029D1D102F42070B0F5007FCCD02146284601F013FBB4F90C3021699AB2C3E7216B51B146
S32D0001581004F14002914204D0284601F0D7F9B4F90C300022226321690022C4E9001223F02403D7E7092243F00B
S32D0001583840032A604FF0FF30A38138BD1C0D0020024B13B1024800F005B8704700000000016B0100002301460E
S32D000158601A46184602F026B82DE9F04F03690C69A34283B0C0F28680013C01F11405A30000F11408009355F8AD
S32D00015888243058F8242001338A469A4208EB8401814605EB84070191B2FBF3F638D30023AE4640469B465EF868
S32D000158B0041B02681FFA81FC06FB0C33090C4FEA134C06FB01CC99B2ABEB01011FFA8CF311FA82F1C3EB1242F4
S32D000158D802EB214289B241EA0241774540F8041B4FEA1C434FEA224BDDD2009B58F8033073B9019B043B9845A6
S32D0001590004D307E0984504F1FF3403D253F80429002AF7D0C9F810405146484601F076FD00282BDB01364046F2
S32D00015928002355F8041BD0F800C08AB29A1A0B0C12FA8CF2C3EB1C4303EB224392B242EA0342AF4240F8042B3B
S32D000159504FEA2343E9D258F8242008EB84036AB9043B984504D307E0984504F1FF3403D253F80429002AF7D080
S32D00015978C9F81040304603B0BDE8F08F002003B0BDE8F08F000000002DE9F04F016C99B090469946CDE90489A8
S32D000159A0259D044641B1426C4A60012393408B6001F0D0FA00232364B9F1000AB4BF012300232B60764BBCBF06
S32D000159C82AF0004ACDF814A033EA0A0300F0AA80DDE904231046194600220023CDE90A01FCF74CFC074670B13E
S32D000159F0249A01231360269B002B00F0E48269481860431E0393039819B0BDE8F08F16AB019317AB0093204639
S32D00015A18DDE90A2301F0BCFD5FEA1A56054640F09780DDE916763E4406F23240202840F3B583C0F140000AFA91
S32D00015A4000FA06F2124028FA00F04AEA0000FCF737F90123013EA1F1F8710F93524B0022FBF7F0FF48A3D3E943
S32D00015A680023FCF7A3F948A3D3E90023FBF7E8FF804630468946FCF72FF945A3D3E90023FCF794F902460B46B4
S32D00015A9040464946FBF7D8FF80468946FCF73AFC00228346002340464946FCF7F5FB002840F07C82BBF1160F1E
S32D00015AB800F26B823B4B03EBCB03D3E90023DDE90A01FCF7E5FB002872D00023BE1B0E93731E0BF1FF3B0693B4
S32D00015AE000F15E8200230993BBF1000F6BDA099BCDF81CB0A3EB0B030993CBF100030D93229B092B4FF0000B00
S32D00015B0866D8052B40F34883043B22930026229B023B032B00F26886DFE813F05C04590450043304249A42F2DC
S32D00015B300F73CAF3130A13605AEA08031AD1269B002B00F064861A4B03930833269A0398136019B0BDE8F08F86
S32D00015B58DDE90A12C2F31303084643F07F510F97A6F2FF36169F41F4401173E7269B002B40F0EA830D4B0393A1
S32D00015B8041E700BFAFF3008061436F63A787D23FB3C8608B288AC63FFB799F501344D33F0000F07FD992010074
S32D00015BA80000F83F0094010000930100FC920100BE1B731E069300F185840E900990069B5B44CDE9063B002351
S32D00015BD00D93229B092B98D90023CDE9223301264FF0FF330C960893089B129300216164204601F089F9039007
S32D00015BF8002800F00186039B2364089B0E2B00F21381002E00F010810799002940F35C84AE4B01F00F0203EBE4
S32D00015C20C2034FEA2118C905D3E9006740F11484A94BDDE90A01D3E90823FCF7E5F9CDE9100108F00F084FF0D2
S32D00015C48030AB8F1000F13D0DFF8849218F0010F09D030463946D9E90023FCF7A7F80AF1010A06460F465FEA4B
S32D00015C70680809F10809EDD1DDE9100132463B46FCF7C2F9804689460E9B43B1934B002240464946FCF700FB19
S32D00015C98002840F030855046FCF71EF842464B46FCF784F88C4B0022FBF7CAFEA1F15073CDE910011193089B93
S32D00015CC0002B00F09780079B1493089B13930C9B002B00F0A584139A7E4B8249039E03EBC20353E902230020F0
S32D00015CE8FCF78EF9DDE91023FBF7A8FECDE9100149464046FCF70AFB0746FBF7EDFF02460B4640464946FBF7E3
S32D00015D1099FE3037DDE9102306F8017B80468946FCF7BAFA002840F02985CDF854B00027DDE910AB1095139DEB
S32D00015D3813942AE00137AF4280F22C85684B504659460022FCF732F8654B002282468B4640464946FCF72AF883
S32D00015D6089468046FCF7D6FA0446FBF7B9FF02460B4640464946FBF765FE303406F8014B52465B468046894649
S32D00015D88FCF786FA002840F0F38442464B4651490020FBF753FE52465B46FCF779FA0028C8D0DDE91343109D6C
S32D00015DB0039A079302E0964200F0C884B24616F8013D392BF7D00133DBB23370079B01330793C8E15046FBF723
S32D00015DD883FF42464B46FBF7E9FF3F4B0022FBF72FFEA1F15073CDE9100111933D4B404649460022FBF722FECB
S32D00015E00DDE910894B46424606460F46FCF762FA8146002840F0AA84DDE91001024601F1004330463946FCF782
S32D00015E2837FA002840F04583179B002BC0F28C80079A0E2A00F38880244B03EBC203D3E900AB239B002B1BDA24
S32D00015E50089B002B18DC40F02E83244B002250465946FBF7A7FF02460B46DDE90A01FCF71DFADDF820904E4695
S32D00015E78002800F0C782239BDDF80C80DF43C9E2DDE90A7852465B4638464146FCF7B8F8FCF73CFA81460990FC
S32D00015EA0FBF71EFF52465B46FBF784FF039E0B46024641463846FBF7C5FD09F1300306F8013B089B012B00F0FD
S32D00015EC85C830694012704951C462AE000940100D89301000000F03F00001C400000E03F0000244000001440A2
S32D00015EF052465B4640464946FCF786F8FCF70AFA0546FBF7EDFE52465B46FBF753FF01370B4602464946404642
S32D00015F18FBF794FD05F13003A74206F8013B00F02983AC4B0022FBF741FF0022002380468946FCF7A3F9002813
S32D00015F40D6D0049D069C079B01330793B2460AE10C9A002A3DD0229A012A40F39C82089B03F1FF380D9B4345E3
S32D00015F68C0F26D82A3EB0808089B002BC0F23C83069A1A440692099A17461A4409920121204601F08BF80646B5
S32D00015F9023E00123BE1B0E93731E06937FF5A2ADC6F101030993002306939DE55846FBF797FE42464B46FCF78E
S32D00015FB865F900287FF47AAD0BF1FF3B76E5864B0393039819B0BDE8F08FDDF83480099F0C9E002F0CDD069988
S32D00015FE000290B4608DD099AB942A8BF3B46D21AFF1ACB1A099206930D9BDBB10C9B002B00F05D82B8F1000F02
S32D000160080FDD31464246204601F024F92A4601460646204601F070F829460546204600F095FF0D9BB3EB080254
S32D0001603040F0D8820121204601F034F8BBF1000F814600F3B480229B012B40F386814FF0000A0120BBF1000F21
S32D0001605840F0B580069A104410F01F0000F09380C0F12003042B40F3D283099BC0F11C0003440244099307442E
S32D000160800692099B002B05DD29461A46204601F045F90546069B002B05DD49461A46204601F03CF981460E9B60
S32D000160A8002B40F03681089B002B40F31D810C9B002B40F0A080079B01330793DDF80C80DDF820A0012707E081
S32D000160D0294600230A22204600F046FF0137054649462846FFF7C0FB574500F1300308F8013BEDDB089A002A87
S32D000160F8C8BF9346039AD8BF4FF0010B93440027294601222046049301F004F94946054601F078F9002840F388
S32D00016120A8811BF8013C039A0BF1FF3B04E05A4500F0AA811BF8013D392B0BF1010AF6D001338BF8003049466E
S32D00016148204600F003FF56B12FB1B74203D03946204600F0FBFE3146204600F0F7FE2946204600F0F3FE0023B4
S32D000161708AF80030249B079A1A60269B002B3FF442AC0398C3F800A019B0BDE8F08F1C20099B03440993069B20
S32D0001619803440744069370E70126B8E4C0F1200008FA00F04FE401465A46204601F052F8229B012B814640F332
S32D000161C0B3814FF0000AD9F8103009EB8303186900F01AFFC0F1200040E700BF00002440D892010031460023FE
S32D000161E80A22204600F0BCFE129B002B064640F3E782CDE90783002F00F31A81BAF1000F40F0D581B046049BBA
S32D00016210039F089903F001027B1E1944229B0C92134309910A9349462846FFF71DFB31468346284601F0EAF8BC
S32D00016238424649468246204601F004F9C26801460BF13003002A42D106902846089301F0D9F80699049020462D
S32D0001626000F078FE049A089B1AB90A99002900F09B82BAF1000FC0F2638122994AEA010A0C9951EA0A0100F097
S32D000162885B81002A00F3B481099A3B7007F1010A9742D34600F0B281294600230A22204600F05EFE464505460D
S32D000162B031464FF000034FF00A02204612D000F053FE4146064600230A22204600F04CFE57468046A7E7204619
S32D000162D8049300F03BFE049B0122C6E700F040FE5746064680469AE7229B022B79DC0C9B002B80D1079B494677
S32D00016300013328460793FFF7AFFADDF80CB000F130030BF8013B0027F6E64946284601F075F80028BFF6C3AEF3
S32D00016328294600230A22204600F01AFE079B03F1FF380C9B0546002B7FF450AF129B002B40F335820893B9E6C2
S32D00016350AF4B03930333FFF7F9BBDDE9041200297FF475AEC2F31303002B7FF470AEA94B1340002B00F0FE81AB
S32D00016378099B01330993069B013306934FF0010A63E601230C93239B079A134412930133012B1F460893B8BF8C
S32D000163A001270021172F61647FF722AC012204235B0003F11400B842114602F10102F7D9616415E401230C93F1
S32D000163C8239B002B4CDD129308931F46E5E700230C93D8E700230C93F2E7129BCDF81C800893089B002B7FF41D
S32D000163F046AD49460522204600F0B6FD01468146284601F003F800287FF739AD0398079F3123804600F8013B51
S32D00016418013703904946204600F098FD7B1CDDF80CA00793CDF80C80002E7FF494AE96E631463A46204600F061
S32D000164406DFF0646DEE60D9BCDF83480A8EB03039B444FF000088BE5DDE90A234FF0020ACDE91023FFF7F1BB98
S32D00016468012323930893FFF7BBBB03D1049BDB073FF553AEDA461BF8013D302BFAD05EE6079B039A01330793B3
S32D000164903123137057E60F9A002A00F0268103F23343069ADDF834801A440692099A17461A44099267E54FF051
S32D000164B800094E46DFE429460D9A204600F0CAFE0546B3E50E9067E500F00F81079A504B564206F00F0203EB0B
S32D000164E0C203D3E90023DDE90A01FBF763FC36118046894600F07181484F00234FF0020AF20706D5D7E900234D
S32D00016508FBF754FC0AF1010A0123761007F10807F2D1002B3FF4B4AB80468946FFF7B0BB049B002B7FF449AEC1
S32D00016530DDE90412C2F31303002B3FF418AF40E6002A12DD294601222046049300F0E6FE4946054600F05AFFAB
S32D000165580028049B40F31881392B00F0F9800BF13103BA460AF8013B079B0133374607934646E4E50995069CC4
S32D00016580049D02460B46FBF75FFA52465B4680468946FBF79FFE60B952465B4640464946FBF770FE00283FF4E8
S32D000165A8CEAC099BD9077FF5CAAC039A02E47168204600F0A5FC0746002800F00E81336902339A0006F10C0126
S32D000165D00C30FCF7EDFE39460122204600F09EFE804614E62946204600F038FE054621E5DDE908239F1AC6E48E
S32D000165F8392B00F0AD80BA460133B3E7079A01323746079246467BE5FC9201000000F07F00940100D893010050
S32D00016620DDF84CA0844901EBCA01DDE9102351E90201FBF7BFFBCDE9100149464046FBF769FE0646FBF74CFB6A
S32D000166480B46024649464046FBF7F8F9039F53463036012B07F8016B8046894600F0AE80139E039B1E44734B38
S32D00016670002240464946FBF79DFB89468046FBF749FE8246FBF72CFB0AF1300A02460B4640464946FBF7D6F9E7
S32D0001669807F801ABB74280468946E4D1664B0022DDE91001FBF7CCF942464B46FBF7F0FD002864D1DDE9102336
S32D000166C05F490020FBF7BEF942464B46FBF702FE00283FF4ADABB246013E1AF8013C302BF9D0149B0133079355
S32D000166E83DE5169BC3F13603D7E6DDE90A894FF0020AFFF7C5BA089B002B3FF467AB129B002B7FF791AB079AAF
S32D00016710013ACDE913324046484B00224946FBF749FB804689460AF10100FBF7D9FA42464B46FBF73FFB434BFB
S32D000167380022FBF785F9A1F15073CDE910011193FFF7C1BA079B013307933123FFF739BB079BBB460133079350
S32D00016760392337460BF8013B4646DCE44FF000094E464BE69A466CE4109D139C149B01330793B246EFE4149B16
S32D00016788039A0793FFF716BB7FF4EBAEDA077FF5E8AEE1E6DDF854B0109D139CFFF744BB392BD5D0BAF1000F39
S32D000167B03FF7D9AED9E6229B022B3FF712AECDF81C809BE53E466DE7229B022B3FF709AE129BCDF81C80089325
S32D000167D811E54FF0020AFFF753BA194B19483A4640F2EA2101F0A8F8002666643146204600F086FB039078B939
S32D00016800114B124800224FF4D57101F099F8104B0393FFF7F8B83FF434ACC0F13C00B7E4039B236401224FF0CD
S32D00016828FF33239612930C920893FFF7FDBA00BF00940100000024400000E03F00001C400C9301002093010044
S32D0001685000930100B1F90C20F8B50C461107074642D4636842F40062002BA28159DDA56A002D54D000233E6825
S32D000168783B6093B212F4805253D1E16901233846A847421C63D0A389A56A5B0705D56368C01A236B0BB1E36BF5
S32D000168A0C01AE169024600233846A847411C3ED13B68002B3BD01D2B01D0162B52D1A3892269226023F4006358
S32D000168C800216160A381216B3E6021B304F14003994202D0384600F075F900202063F8BD2669C6B193B22568AC
S32D000168F026609A070CBF63690023AD1BA3600CE0D4F824C0E1692B4632463846E047B0F1000CA5EB0C05664461
S32D0001691816DD002DF0DC0020F8BDE36B002BA2DCF9E7206DB1E7B4F90C302269226023F40063A3810022DB04FE
S32D000169406260C4D52065C2E7A38943F040034FF0FF30A381F8BD3B68002B98D01D2B06D0162B04D0A38943F0EE
S32D000169684003A381F8BD3E60D5E700BF38B50C46054608B1836BA3B1B4F90C00B8B1636EDB0701D4810515D52C
S32D0001699028462146FFF75EFF636EDA07054602D4A3899B050ED5284638BD00F017F8B4F90C000028E7D10546E8
S32D000169B8284638BDA06DFCF7E5F9E5E7A06DFCF7E3F9284638BD00BF014900F001BA00BF1D7A01002DE9F0470C
S32D000169E082463948FCF7D2F9DAF83840002C66D1DAF80450354ACAF83C200323CAE9B843DFF8CC90DFF8CC80E7
S32D00016A08334F344E04230AF53B72CAF8E8222146C5E90243C5E90044C5E904446C660822AC6105F15C00FCF72C
S32D00016A30D5FDC5E90759C5E90987EE6205F15800FCF7A0F9DAF80850254BEB602146C5E90044C5E904446C66E9
S32D00016A58AC60AC61082205F15C00FCF7BBFDC5E90759C5E90987EE6205F15800FCF786F9DAF80C50194BEB6096
S32D00016A802146C5E90044C5E904446C66AC60AC61082205F15C00FCF7A1FD05F15800C5E90759C5E90A76C5F859
S32D00016AA82480FCF76BF90123CAF838300448BDE8F047FCF769B9BDE8F0470148FCF764B9001B0020D16901008E
S32D00016AD0CD760100F1760100317701005177010009000100120002000148FCF74FB900BFFC1A00200148FCF7E6
S32D00016AF84BB900BFFC1A002038B5084B084D5B1B9C1007D0043B1D44013C55F804399847002CF9D1BDE838408F
S32D00016B2002F0AEBD0000000000000000F8B5244F0C460646FCF7A4FDBA685568C4F57E630F3325F003052B4450
S32D00016B4823F47F6323F00F03A3F58054B4F5805F07DB00213046FCF787FFBB682B44984204D03046FCF78EFDE6
S32D00016B700020F8BD61423046FCF77AFF01300DD0104ABB682D1B45F001055D60136830461B1B1360FCF77AFDCD
S32D00016B980120F8BD00213046FCF766FFBA68831A0F2BDEDD43F001035360054B03491B68C01A0860D5E700BF8F
S32D00016BC048110020041B002050150020002961D0F8B50C460646FCF753FD54F8042C7B4FA4F1080522F0010185
S32D00016BE805EB010CB868DCF80430604523F0030300F08B80D207CCF8043032D454F8082CAD1A1144AA6807F123
S32D00016C10080082426AD00CEB0304D4F804E0EC68D4601EF0010FA26000F0978041F001036B60CCF80010B1F578
S32D00016C38007F35D27A68CB0848090121013381401143796007EBC30257F83310083AC5E9021247F83350CD6021
S32D00016C603046BDE8F840FCF711BD0CEB03025268D00710D4194407F10800DCF80830834273D0DCF80C20DA60D5
S32D00016C88936041F001036B606950D0E7704741F00103B1F5007F44F8043CCCF80010C9D3B1F5206F4FEA51239B
S32D00016CB048D28B0903F1390003F13802C300F818FB580838984259D05A6822F003028A4202D99B689842F7D11E
S32D00016CD8D868C5E902308560DD603046BDE8F840FCF7D0BC0CEB03025268D20763D40B44DCE90212CA60916070
S32D00016D0043F001026A603046EB50BDE8F840FCF7BDBC0B44D10707D454F8082CAD1A1344D5E90212CA609160DD
S32D00016D2843F001026A60284ABD6012689A4293D8264B30461968FFF7F5FE8DE7142B0AD9542B1FD80B0B03F185
S32D00016D506F0003F16E02C300B1E719448DE703F15C0003F15B02C300A9E741F00103C7E90455C5E902006B6068
S32D00016D78695071E779689210012404FA02F20A437A60A6E7B3F5AA7F06D8CB0B03F1780003F17702C3008EE7F7
S32D00016DA040F25452934206D88B0C03F17D0003F17C02C30083E74FF47E737E227FE741F001036B60CCF8001084
S32D00016DC84AE700BF4811002054150020341B00202DE9F8430746884600F538764FF00009D6E90154013D11D4AD
S32D00016DF0A389012B05F1FF3508D9B4F90E300133214603D03846C04749EA00096B1C04F16804EDD13668002E85
S32D00016E18E6D14846BDE8F883004870474C1600202DE9F0418B890C46990796B008D504F143030122C4E90432B4
S32D00016E40236016B0BDE8F081B4F90E100029064627DB6A4600F05CFE002821DB019D05F47045A5F50055B5FA7A
S32D00016E6885F54FF480686D094FF4006741463046FBF794FFB4F90C30F0B1204AF26343F08003C4F81480A38141
S32D00016E902060206135BB3B43A38116B0BDE8F081A38913F0800519D04FF0400841463046FBF778FF0025B4F908
S32D00016EB80C302F460028E0D19A05BED423F0030304F1430243F002030121C4E90421A3812260B2E74FF4806807
S32D00016EE02F46C7E7B4F90E10304600F027FE10B9B4F90C30CFE7A38923F0030343F001031BB2C8E7D16901006F
S32D00016F08C36C70B505460C464BB153F8240080B1026843F824200023C0E9033370BD2122042100F029FD0346EE
S32D00016F30E8640028EDD1002070BD012101FA04F6721D9200284600F01BFD0028F3D0C0E90146E4E731B1C36C4E
S32D00016F584A6853F82200086043F82210704700BF2DE9F0410D6907460E461C4601F1140E0020DEF800108BB289
S32D00016F8002FB03434FEA134C090C02FB01CC01309BB203EB0C4385424EF8043B4FEA1C44EBDC3CB1B368AB42CC
S32D00016FA807DD06EB850301355C6135613046BDE8F081716838460131FFF7A2FF8046A8B13269023206F10C0136
S32D00016FD092000C30FCF7ECF9FB6C726853F82210316043F82260464606EB850301355C613561DFE7024B0348F4
S32D00016FF84246B52100F0A0FC0C9301007C930100020C12040346CAB90304102013F07F4F04BF1B02083013F0BD
S32D00017020704F04BF1B01043013F0404F04BF9B000230002B05DB13F0804F00F1010008BF202070470020E5E7D4
S32D000170480368024613F0070007D0D9071DD498071FD55B0813600120704799B209B91B0C1020D9B209B908308A
S32D000170701B0A190704BF1B090430990704BF9B080230D90703D45B0800F1010003D01360704700207047202039
S32D0001709870479B0813600220704700BF38B5C36C04460D464BB15868B0B102685A6000220123C0E90435C26020
S32D000170C038BD2122042100F05BFC0346E0640028EDD1094B094800224FF4A07100F030FC1C220121204600F09D
S32D000170E84BFC0028F1D001220223C0E90123DEE70C9301007C9301002DE9F04F0E691569AE4285B08846144628
S32D0001711005DB2A46234635460C4616469846A3686168AF19BB42B8BF0131FFF7EDFE0190002800F08780019B21
S32D0001713803F1140909EB870AD14505D24B46002243F8042B9A45FBD808F1140808EB860B04F11403D8451A46B4
S32D0001716003EB85055FD22B1B153B23F0030304331534A54238BF0423CDE902A7AC461F46924605E0000C29D1AA
S32D00017188C34509F1040948D958F8040B85B2002DF4D056464C46002356F8040B216882B21FFA81FE05FB02EE2E
S32D000171B0000C0A0C734405FB002202EB13429BB243EA0243B44544F8043B4FEA1243E7D849F8073058F8040C1B
S32D000171D8000CD5D0D9F80030544619464D4600222688090C00FB06110A449BB243EA024345F8043B54F8046B0F
S32D000172002968360C8BB200FB063303EB1243A4454FEA1342E8D8C34549F8073009F10409B6D8DDE902A7002FEE
S32D0001722802DC05E0013F03D05AF8043D002BF9D0019B18461F6105B0BDE8F08F034B0448019A40F25D1100F0C2
S32D0001725077FB00BF0C9301007C93010012F003032DE9F0411446064632D10D46A41020D0D6F84880B8F1000FF1
S32D0001727833D0E3074FF0000707D4641015D0D8F80000A8B18046E307F7D5424629463046FFF732FFB5B1696810
S32D000172A0F36C641053F821202A6043F821500546E9D12846BDE8F081424641463046FFF71FFFC8F800000760E1
S32D000172C88046E0E70546D8E7013B0F4A52F823200023FFF745FE0546C4E701213046FFF70FFE804640B1012316
S32D000172F040F27122C0E904320023B0640360BCE7044B054842464FF4A07100F019FB00BFC89401000C93010056
S32D000173187C9301002DE9F0470C4690462669A368496806EB6216751C9D4207464FEA621904DD5B009D4201F18F
S32D000173400101FADC3846FFF7DFFD8446002851D0B9F1000F00F114000EDD09F105024FEA820E03460CEB8202AC
S32D00017368002143F8041B9342FBD1AEF114031844216904F1140318F01F0803EB81012DD0C8F1200986464FF0A9
S32D00017390000A1A6802FA08F242EA0A024EF8042B53F8042B994222FA09FAF2D80B1B153B23F00303043304F1A6
S32D000173B81502914238BF0423BAF1000F18BF2E4640F803A0FB6C6268CCF8106053F822102160604643F8224018
S32D000173E0BDE8F087043853F8042B40F8042F9942F9D8EBE7034B0448624640F2D91100F09FFA00BF0C9301007D
S32D000174087C9301000B6984460069C01A15D10CF1140C14310CEB830210B401EB830301E0944508D252F8044D9B
S32D0001743053F8041D8C42F7D004D24FF0FF3010BC70477047012010BC704700BF2DE9F84F0F691369FF1A002FB2
S32D000174580E4690467AD101F11405143202EB830205EB830301E09D4273D253F8041D52F8044DA142F7D064D36A
S32D000174807168FFF741FD8146002872D03569D8F81020C76008F1140E06F1140009F1140A06F1100C0EEB82020C
S32D000174A800EB8507564600215EF8044B5CF804BFA3B211FA8BF1CB1A210CC1EB1B4101EB23419BB243EA0143C1
S32D000174D0724546F8043B4FEA2141E9D8A2EB0804153C08F11508424524F0030606F1040638BF0426304424F0AF
S32D000174F8030238BF002287425244B24416D95646044654F8043B11FA83F10A1402EB134289B241EA0243A7421F
S32D0001752046F8043B4FEA2241EFD87A1E101A20F00302524423B952F8043D013D002BFAD0C9F810504846BDE801
S32D00017548F88F334601274646984695E7F9DB002792E70021FFF7D4FC814668B101220023C9E904234846BDE879
S32D00017570F88F074B07484A464FF4107100F0E0F9034B04484A4640F2322100F0D9F900BF0C9301007C930100C7
S32D0001759870B5012182B016461D46FFF7B1FC044600284BD02B46C5F30A55C3F313030DB143F48013002E0193BE
S32D000175C022D068460096FFF73FFD002836D0019B0099C0F1200203FA02F20A43C34001936261002B14BF022145
S32D000175E80121A3612161ADB1069AA5F2334303441360079BC0F135001860204602B070BD01A8FFF71DFD019B6D
S32D000176100121C4E904132030002DE9D104EB8102A0F232431069069A1360FFF7EDFC079BC0EB411120461960CC
S32D0001763802B070BDDDE900236261CEE7034B0448224640F20A3100F077F900BF0C9301007C930100DFF860C0AE
S32D00017660F8B521F000430027634504460D461646176022DC844653EA0C0C1ED0DFF844C001EA0C0C0A46BCF1D5
S32D00017688000F09D10E4B0022FAF790FB6FF0350704460A4621F0004322F0FF421B1522F4E002A3F2FE3342F0F7
S32D000176B07F553B4445F40015336020462946F8BDFFFFEF7F0000F07F0000504310B50C46B1F90E1000F076FA40
S32D000176D8002803DB236D0344236510BDA38923F48053A38110BD00BF2DE9F0410C46B1F90C101F46CB050546AC
S32D0001770016460BD421F48051A1813B46B4F90E1032462846BDE8F041FEF716B8B4F90E100223002200F022FA2E
S32D00017728B4F90C10EAE700BF10B50C46B1F90E1000F018FAA389421C0EBF23F4805343F480532065A38110BD37
S32D00017750B1F90E1000F050B930B540EA0104A30701D1032A0FD8844601F1FF3E07E01EF8011F03F8011B541E06
S32D00017778C1B19C4622466346002AF4D130BD0B468446194653F8045BA5F1013424EA050414F0803FE4D1043AE5
S32D000177A0032A4CF8045B1946EFD8DDE76244002CE8D003F8011B9342FBD130BD2DE9F04F936883B09146002B4C
S32D000177C86DD017688D6880460C460868083743E0A38913F4906F2ED0D4E90415A0EB010A05EB450505EBD575E7
S32D000177F00AEB06006D100130A8422A4684BF05462A465B0536D511464046FBF7CBFA00283AD052462169019085
S32D00017818FBF7CAFDA289019B22F4906242F08002A281A5EB0A0203EB0A006561A260236120603546B246594670
S32D000178405246FBF74FFED9F80830A16820684D1B50449E1BA5602060C9F808601EB3083757E902B6002EFAD045
S32D00017868B542AA46B4D93546B246E4E74046FBF70FFF03460028D4D121694046FFF7A2F90C23C8F80030A389B7
S32D00017890002243F040034FF0FF30A381C9E9012203B0BDE8F08F0020C9F8040003B0BDE8F08F00BF2DE9F0472B
S32D000178B8DFF87CA00646DAF8000098460F469146FBF760FA1B4B1B68D3F8484124B365681F2D26DC5EB96B1C6D
S32D000178E00235DAF80000636044F82570FBF750FA0020BDE8F08704EB85010123C1F88890D4F88821AB401A433D
S32D00017908022EC4F88821C1F80881E4D1D4F88C211343C4F88C31DEE703F5A674C3F84841D5E7DAF80000FBF7E1
S32D000179302FFA4FF0FF30DCE7581500209492010000B50B4C25681446EE681A4685B003460D464CB107490095BE
S32D00017958CDE901143046064900F0C2F8FBF768F804490C46F3E700BF1C0D0020D4940100E4940100E09401009C
S32D0001798038B5A1FB02148CBBFBF70CFA0546E0B150F8042C22F00302043A242A17D8132A1AD91B2AC0E90044B2
S32D000179A81DD9242A14BF00F1100200F118024FF00003C0E9024404BF04614461C2E900339360284638BD2146F2
S32D000179D0FBF704FE284638BD02460023C2E900339360284638BD00F10802F6E7FBF72CF80C2300250360E8E71E
S32D000179F838B5074D0022044608462A6001F076FA431C00D038BD2B68002BFBD0236038BD381B002070B5002994
S32D00017A204BD006460C4610B1836B002B48D0636ED80734D5B4F90C30002B3ED021463046FEF708FFE36A054640
S32D00017A4833B1E169304698470028B8BF4FF0FF35A3891A063BD4216B41B104F14003994202D03046FFF7AEF8AA
S32D00017A7000232363616C21B13046FFF7A7F800236364FFF731F8636E0022DB07A28127D5A06DFBF779F9FFF730
S32D00017A982DF8284670BDA3899905CBD4A06DFBF771F9B4F90C30002BC4D1656E15F0010508D00025284670BD0E
S32D00017AC0FEF78CFF636ED807B4D4E8E7A06DFBF75FF9284670BD21693046FFF777F8BEE7A06DFBF755F9D3E70D
S32D00017AE80EB410B583B005AB064C53F8042B01930146206800F0B4F803B0BDE8104003B0704700BF1C0D002020
S32D00017B1070B50C46084D03460026204611461C462E6001F0EFF9431C00D070BD2B68002BFBD0236070BD00BF31
S32D00017B38381B002038B5074D0022044608462A6001F0ECF9431C00D038BD2B68002BFBD0236038BD381B0020B8
S32D00017B60014B93F8280170475C15002038B50C46084D8446114620461A4600232B60644601F0E0F9431C00D0E2
S32D00017B8838BD2B68002BFBD0236038BD381B002082B049B15AB16BB113780B601278101E18BF012002B0704703
S32D00017BB001A9002AF3D1104602B070476FF00100F4E700BF38B50C46084D8446114620461A4600232B60644682
S32D00017BD801F0BCF9431C00D038BD2B68002BFBD0236038BD381B00202DE9F84F4B6E9C0490462DD5936812683D
S32D00017C0043B38B46064602F1080959E9025A5FEA9A0715D0043D002401E0A7420ED055F8041F5A46304600F04E
S32D00017C2891FF431C04F10104F3D10023C8E90133BDE8F88FD8F808302AF0030AA3EB0A03C8F8083009F108097F
S32D00017C50002BDAD10020ECE7FAF7FCFE0023C8E90133BDE8F88F00BF2DE9F04FBDB0CDE904301C460191174661
S32D00017C7818B1836B002B00F08682019A536EDE0740F18F81B2F90C108AB2900408D441F4005201994B6E8A8129
S32D00017CA023F4005392B24B66110740F1F780019B1B69002B00F0F28002F01A030A2B00F0FB8013AB10930023B6
S32D00017CC8CDE91133CDE90A3308930DF14C09099303933B78002B00F051813C4604E014F8013F002B00F02C8166
S32D00017CF0252BF8D1E51B40F029812378002B00F041814FF0000300258DF83B30671C637802954FF0FF3B2B24E6
S32D00017D180137A3F120025A2A00F25281DFE812F098025001500194025001500150016A005001500136026B02C6
S32D00017D4050014102A6025001A2025B005B005B005B005B005B005B005B005B00500150015001500150015001CA
S32D00017D68500150015001230284005001500150015001500150015001500150015001DD0050015001500107024D
S32D00017D9050015902500150011E055001500150015001500150015001500150015001230286005001500150018B
S32D00017DB84F02860080005001450250018102DF006F028000500107027E003E0550015001400550017E00A3F1A4
S32D00017DE03002002117F8013B01EB810102EB4101A3F13002092AF5D902918EE7DDF814804046FFF70DF84368D5
S32D00017E080A931846FBF7B8FE0B9006464046FFF703F883680993002E40F07B843B7877E73B7845F0200573E7EE
S32D00017E3045F01005AC06049E40F16F81073626F007063246736852F8086B04929846002BC0F22D84BBF1FF3F08
S32D00017E5800F0108556EA080325F0800A00F008840A2E78F1000380F0BD84303601238DF8EF60554600930DF131
S32D00017E80EF04DDF800809DF83B30D845B8BFD846002B00F0A88008F10108A4E0019D05982946FDF767FC0028E7
S32D00017EA840F08885AA8902F01A030A2B7FF405AF0199B1F90E30002BFFF6FFAE4B6EDE0702D4950540F1568567
S32D00017ED00199059823463A463DB0BDE8F04F00F093BD45F0100515F0200800F00781049E073626F007063346E8
S32D00017EF8D6F8048053F8086B049325F4806A00234FF000028DF83B20BBF1FF3F00F0C88156EA08022AF0800561
S32D00017F2040F0C181BBF1000F40F0AB84002B40F0A8831AF00103009300F0D68330238DF8EF300DF1EF049CE7CB
S32D00017F48E51B1BD0119B129A01332A44072BC9E900751292119305DC09F10809039B2B440393C6E6002A00F02F
S32D00017F707F830199059810AAFFF73AFE40B90DF14C09EFE7129B002B40F0098500231193019A536ED90740F1D5
S32D00017F98A68093895B0600F1198503983DB0BDE8F08F019BB3F90C108D058AB23FF56DAE1D46986DFAF7E6FE1E
S32D00017FC0B5F90C108AB264E6002BDBD08DF88C304FF001084FF000038DF83B30CDF8008023AC4FF0000B15F04E
S32D00017FE80203069318BF08F1020815F08403079305D1029BA3EB0806002E00F36C82DDE91121501C9DF83B601A
S32D000180108EB10DF13B020131C9F8002007284FF00102CDE91101C9F8042000F33B82024609F108090130069BC1
S32D00018038DBB10FAB0231C9F8003007284FF00203CDE91101C9F8043040F34082002900F006830199059810AAF7
S32D00018060FFF7C6FD002893D1DDE911210DF14C09501C079B802B00F05881009BABEB0306002E00F3B681009BB2
S32D00018088C9F8004019440728CDE91101C9F8043040F34481002900F072820199059810AAFFF7A2FD00287FF459
S32D000180B06FAF12990DF14C09680705D5029BA3EB0804002C00F36982DDE902234245ACBF9B1843440393002925
S32D000180D840F0D581002311930DF14C09F9E5019B9B899A053FF556AF019CA06DFAF74CFEA3894FE715F0100304
S32D0001810040F0238315F0400200F0EB83049A52F8046B04929846B6B2F3E656F8043B0496E80600F1ED826906E5
S32D0001812840F1E78243F3C0381EB243468BE6049E56F8044B4FF000038DF83B30002C00F0B183BBF1FF3F00F0FB
S32D000181502E835A4600212046FBF7DAF8002800F01284031B009304964FF0000B89E6049E4FF000038DF83B30DE
S32D000181784FF0010856F8043B8DF88C300496CDF8008023AC29E7FEF725FC76E5049B53F8042B0292002A80F24A
S32D000181A09F82029A0493524202923B7845F00405B2E53B786C2B03BF7B7845F02005013745F01005A8E53B7891
S32D000181C8682B03BF7B7845F40075013745F040059EE545F0100A1AF0200800F05582049E073626F0070633469A
S32D000181F0D6F8048053F8086B0493012384E63B788DF83B4088E5049B53F8046B049330238DF83C3078238DF8B7
S32D000182183D30B94B089345F0020A4FF0000802236EE6AE0600F18382EC0600F13383680600F19283A90540F194
S32D000182402D83049E039A56F8043B04961A7044E53B7845F001055FE59DF83B30002B7FF4E1AD20238DF83B30B5
S32D000182683B7855E53B7845F0800551E5394611F8013B2A2B00F0B383A3F13002092A0F464FF0000B3FF645AD59
S32D0001829017F8013B0BEB8B0B02EB4B0BA3F13002092AF5D939E5AA46012B3FF4DDAD022B3CAC12D1089A06F057
S32D000182B80F033609D35C04F8013D46EA08764FEA181856EA0803F2D13CAB1B1B55460093D3E506F00703F608B7
S32D000182E046EA48764FEAD808303356EA0801224604F8013DF1D11AF0010FE9D0302BE7D03023023A04F8013CAB
S32D000183083CAB9B1A554600931446B6E50099139401231491129111930DF14C0909F10809C6E6029BA3EB0806F4
S32D00018330002E7FF7A2AE102E40F35183DFF8C4A15346CDE906B4BA46DDF814B0019C2F461D4607E002F1020CAA
S32D0001835809F108090246103E102E1EDD501C103110230728CDE91101C9F80050C9F80430ECDD10AA002900F0A3
S32D000183808B80214658460DF14C09FFF731FC00287FF4FEADDDE91121103E102E02F1010CE0DCDDE906B42B46D1
S32D000183A83D4657469A463144BCF1070FCDE911C1C9F800A0C9F8046040F39581002900F0BB820199059810AAD0
S32D000183D0FFF70EFC00287FF4DBAD009BDDE91121ABEB0306002E02F101000DF14C097FF74AAE102EDFF80CA184
S32D000183F831DD5346CDE90645BA46059C019D4FF0100B1F4607E002F1020C09F108090246103E102E19DD501C87
S32D0001842010310728C9E9007BCDE91101EFDD10AA19B3294620460DF14C09FFF7D9FB00287FF4A6ADDDE911219E
S32D00018448103E102E02F1010CE5DCDDE906453B46604657469A4631440728CDE91101C9F800A0C9F8046000F31E
S32D00018470E68009F10809013005E64FF0010C0A460DF14C09C8E70199059810AAFFF7B0FB00283FF423AE7BE594
S32D000184984FF0010C0A460DF14C095CE7002900F0DB800199059810AAFFF79EFB00287FF46BADDDE911210DF1E6
S32D000184C04C09501CB7E502210FAB1491139301200DF14C09024609F10809501CC9E5102E40F35782DDE911C145
S32D000184E8DFF81CA0CDE90CB410235446DDF804B0DDF814A062460DE0A8920100389601002896010002F1020C1E
S32D0001851009F108090246103E102E1BDD501C10310728C9E90043CDE91101EFDD10AA21B3594650460DF14C09EA
S32D00018538FFF75AFB00287FF427ADDDE91121103E102E02F1010C4FF01003E3DCA246DDF830B00D9C6246314462
S32D00018560072ACDE91121C9F800A0C9F8046000F3A78009F10809501C48E50A464FF0010C0DF14C09C7E76C077F
S32D00018588119150D5029BA3EB0804002C4BDD0DF14C09102C40F30982DFF8ECA2119A059EDDF804B0534610251B
S32D000185B0BA461F4606E0901C09F108091A46103C102C19DD531C1031072BC9E90075CDE91131F0DD10AA29B358
S32D000185D859463046FFF708FB00287FF4D5ACDDE91121103C102C02F101000DF14C09E5DC3B4657469A4621445F
S32D000186000728C9E900A4CDE911017FF75DAD71B10199059810AAFFF7EBFA00287FF4B8AC129951E501200A463F
S32D000186280DF14C09C7E7DDE902234245ACBF9B18434403934EE500293FF468AE0199059810AAFFF7D1FA0028F6
S32D000186507FF49EAC1198129901300DF14C0912E5069B002B77D101200A460DF14C0900E511920DF14C0975E463
S32D00018678BBF1000F7FF4F9AB55464FF0000BCDF800B03CACFFF7F9BB1AF010033AD11AF0400200F01381049A7F
S32D000186A052F8046B04929846B6B201232CE42D2376428DF83B3068EB4808AA46012327E400297DD0019905987B
S32D000186C810AAFFF791FA00287FF45EACDDE911210DF14C09501C95E404933B78FFF718BB3CACFFF7CABB09F103
S32D000186F008090CF101006246BFE4AA0500F138814FEAE3781E464346FFF7A1BB049B53F8046B04930123FFF7CB
S32D00018718F7BB099B002B3FF481AB099B1B78002B3FF47CAB3B7845F48065FFF7F1BADDE9031656F8042B04962E
S32D00018740CB17C2E90013FFF7C8BA049B53F8046B0493FFF7D6BB02210FAB149113930DF14C09B8E64B4A089233
S32D0001876815F0200836D0049E073626F007063246D6F8048052F8086B0492EA0709D556EA080206D08DF83D30AF
S32D00018790302345F002058DF83C3025F4806A0223FFF7B2BBAA461AE53B4A0892DCE720460496FBF7E5F94FF0CF
S32D000187B8000B0090FFF761BB9DF83B20002A00F0C18001200DF13B02149013920DF14C09014628E415F0100238
S32D000187E042D0049A52F8046B0492CAE70AF48063CDF800B0CDF81890BB46DDF8249000253CAC1F4609E030469C
S32D00018808414600F0F1F90A2E78F100031BD306468846304641460A22002300F0E5F91146303104F8011C0A221D
S32D000188300023013C0135002FE5D099F80010A942E1D1FF2DDFD00A2E78F1000364D23CAB1B1BCDF824905F4671
S32D00018858DDF81890DDF800B000935546FFF70DBB15F0400147D0049951F8046B04919046B6B282E7AA46FFF72F
S32D00018880F3BA012BAA467FF412ADFFF7F2BA00BF28960100BC920100A8920100049E039A56F8043B1A60049644
S32D000188A8FFF717BABBF1060FD84628BF4FF00608504CCDF800800496FFF78FBB049B1AF4007814BF53F8046B5A
S32D000188D053F8046B04931CBF9046F6B20123FFF713BB049B15F4007814BF53F8046B53F8046B04931CBF904638
S32D000188F8F6B2FFF702BB049A15F4007814BF52F8046B52F8046B04921CBF8846F6B234E70B9B0A99E41A1A46E9
S32D000189202046FEF719FF99F801300BB109F10109304641460A220023002500F059F96AE701200A460DF14C096B
S32D00018948FFF797BB069B002B7FF4B9AD0A4601200DF14C09FFF78DBB049E039A56F8043B04961A80FFF7B5B9AD
S32D0001897043F3C0185EB24346FFF769BA886DFAF707FAFFF7A5BACDF800B004968346FFF778BA119A1299DFF8AF
S32D0001899868A00132DFE50199059810AAFFF724F900283FF4EFAAFFF7EFBA1198DFF848A0013020E6019B5B6E16
S32D000189C0DB0707D4019B9B899F0503D4019B986DFAF7DEF94FF0FF330393FFF7E2BADFF824A08446E3E4049AC4
S32D000189E87B780F4652F8041B049241EAE17BFFF78FB900BFD09201002896010038960100F0B51F468B89ADF2E7
S32D00018A106C4D23F00203ADF80C304B6E1993CB89ADF80E30CB6907934B6A09931AAB009304934FF4806315465A
S32D00018A3806460293059316A800230C460693FAF79DF92A463B4669463046FFF709F9051E07DB69463046FDF717
S32D00018A6089FF002818BF4FF0FF35BDF80C305B0603D5A38943F04003A3811698FAF784F928460DF26C4DF0BD0E
S32D00018A8849B1FF2A02D80A70012070478A2303604FF0FF3070470846704700BF2DE9F04383B007468846144686
S32D00018AB0FFF756F8012803D108F1FF33FE2B37D9424604F15C0301A9384600F073F8421C064633D038B39DF866
S32D00018AD804C00DF10509002509E023685A1C226083F800C00135B54219D219F801CBA368013B002BA360F0DA9F
S32D00018B00D4F818E0734561462246384602DBBCF10A0FE6D1FCF7C0FD431CE7D10646304603B0BDE8F083464603
S32D00018B28304603B0BDE8F0835FFA88FC8DF804C00646CEE7A389304643F04003A38103B0BDE8F08330B5536E09
S32D00018B5013F0010FB2F90C30144683B005469AB201D198051CD5900406D4626E43F4005342F40052A38162663C
S32D00018B7822462846FFF792FF636EDA07054602D4A3899B0502D5284603B030BDA06DFAF7FBF8284603B030BDEE
S32D00018BA0A06D0191FAF7F2F8B4F90C3001999AB2D9E700BF70B5054684B01C4639B10B4ED6F8E060B047431C31
S32D00018BC809D004B070BD0A460649D1F8E06001A9B047431CF5D100228A2322602B6004B070BD00BF5C15002049
S32D00018BF053B94AB9002908BF00281CBF4FF0FF314FF0FF3000F074B9ADF1080C6DE904CE00F006F8DDF804E0D9
S32D00018C18DDE9022304B070472DE9F047089E0D4604468846002B4DD18A42944668D9B2FA82F252B101FA02F336
S32D00018C40C2F1200120FA01F10CFA02FC41EA030894404FEA1C45210CB8FBF5FE1FFA8CF705FB1E8341EA0343FC
S32D00018C680EFB07F199420BD91CEB03030EF1FF3080F01E81994240F21B81AEF1020E63445B1AA4B2B3FBF5F076
S32D00018C9005FB103344EA034400FB07F7A7420AD91CEB040400F1FF3380F00881A74240F2058164440238E41B8B
S32D00018CB840EA0E4000211EB1D4400023C6E90043BDE8F0878B4208D9002E00F0EE800021C6E900050846BDE8DE
S32D00018CE0F087B3FA83F100294AD1AB4202D3824200F2F980841A65EB030301209846002EE2D0C6E90048DFE708
S32D00018D0802B9FFDEB2FA82F2002A40F09180A1EB0C054FEA1C471FFA8CFE0121B5FBF7F307FB1350250C45EABC
S32D00018D3000450EFB03F0A84208D91CEB050503F1FF3802D2A84200F2CB8043462D1AA4B2B5FBF7F007FB1055AD
S32D00018D5844EA05440EFB00FEA64508D91CEB040400F1FF3502D2A64500F2BB802846A4EB0E0440EA03409EE781
S32D00018D80C1F120078B4022FA07FC4CEA030C20FA07F405FA01F31C43FD404FEA1C4900FA01F3B5FBF9F8200CBF
S32D00018DA81FFA8CFE09FB185540EA054508FB0EF0A84202FA01F20BD91CEB050508F1FF3A80F08880A84240F27F
S32D00018DD08580A8F1020865442D1AA4B2B5FBF9F009FB105544EA054500FB0EFEAE4508D91CEB050500F1FF34FC
S32D00018DF86CD2AE456AD90238654440EA0840A0FB0294A5EB0E05A542C846A64656D353D05EB1B3EB080265EB7B
S32D00018E200E0505FA07F722FA01F3CD401F43C6E900750021BDE8F087C2F1200320FA03F10CFA02FC25FA03F336
S32D00018E4895400D434FEA1C471FFA8CFEB3FBF7F107FB11302B0C43EA004301FB0EF0984204FA02F408D91CEB67
S32D00018E70030301F1FF382FD298422DD9023963441B1AADB2B3FBF7F007FB103345EA034500FB0EF3AB4208D932
S32D00018E981CEB050500F1FF3816D2AB4214D902386544ED1A40EA014138E73146304607E78646E5E61846FAE68B
S32D00018EC04B45A9D2B9EB020864EB0C0E0138A3E74046EAE7204694E74146D1E7D0467BE7023B654432E7084662
S32D00018EE809E76444023842E7704700BF024B58221A604FF0FF307047381B0020024B58221A604FF0FF307047AB
S32D00018F10381B0020024B58221A604FF0FF307047381B0020024B58221A600020704700BF381B0020024B5822D5
S32D00018F381A604FF0FF307047381B0020024B58221A604FF0FF307047381B0020024B58221A604FF0FF307047B9
S32D00018F60381B0020044A05491368002B08BF0B4618441060184670473C1B0020401B0020024B58221A604FF0C2
S32D00018F88FF307047381B0020FEE700BF0000000040787D0100D8B80500000000000000010000090200001A03C9
S32D00018FB0000000040000020500001A0600001B0700001A08000009090000090A00001A0B0000DB0C00001A0DCB
S32D00018FD8000000000000000F00001A1000001A1100001A120000000000001A140000000000001A1600001A174B
S32D0001900000001A1800001A1900001A1A00001A1B00001B1C00001B1D00001A1E0000000000001A2000001A2157
S32D0001902800001A2200001A2300001A2400001A2500001B260000022700001A280000022900001B2A0000000007
S32D000190500000000000000000000000000000000000000000000000000000000000001A3300001A3400001A3507
S32D000190780000000000001A3700001B3800000000000000000000000000001B3C00001B3D000000000000000076
S32D000190A0010101010101010102020202020200000000000000000000000404040404030301010101010101016B
S32D000190C8000001010101010000010100000101000000000001000000000000000B0000000A0000000700000053
S32D000190F00600000005000000040000000100000000000000000000000100000008000000090000000A00000025
S32D000191180B00000011000000100000000F0000000E0000000D0000000C0000000B0000000A00000009000000A8
S32D00019140080000000700000019000000180000001A0000001B0000001C00000001000000060000000F00000059
S32D000191680E0000000D0000000C0000000B0000000A00000009000000080000000E0000000F000000040000006A
S32D000191900500000006000000070000001100000001000000140000000100000014000000000000001300000050
S32D000191B800000000130000000B0000000A00000012000000110000001000000010000000040000000500000014
S32D000191E007000000060000000B0000000A00000007000000060000000500000004000000010000000000000027
S32D00019208000000000100000008000000090000000A0000000B00000011000000100000000F0000000E000000D2
S32D000192300D0000000C0000000B0000000A00000009000000080000000700000019000000180000001A0000007E
S32D000192581B0000001C0000007630322E30392E3030000000256400002D25642E253033640000000025642E257E
S32D0001928030336400747275650000000066616C7365000000200D0020494E4600696E66004E414E006E616E00AC
S32D000192A83031323334353637383961626364656600000000303132333435363738394142434445460000000093
S32D000192D0286E756C6C2900003000000020202020202020202020202020202020303030303030303030303030F3
S32D000192F8303030304E614E00496E66696E6974790000000042616C6C6F6320737563636565646564000000002E
S32D000193202F746D702F6A656E6B696E732D4743432D31302D706970656C696E652D3333385F32303231313031F1
S32D00019348385F313633343531363139352F7372632F6E65776C69622F6E65776C69622F6C6962632F7374646CD0
S32D0001937069622F64746F612E630000002F746D702F6A656E6B696E732D4743432D31302D706970656C696E65EF
S32D000193982D3333385F32303231313031385F313633343531363139352F7372632F6E65776C69622F6E65776C79
S32D000193C069622F6C6962632F7374646C69622F6D707265632E6300000080E03779C34143176E05B5B5B8934686
S32D000193E8F5F93FE9034F384D321D30F94877825A3CBF737FDD4F1575000000000000F03F000000000000244020
S32D0001941000000000000059400000000000408F40000000000088C34000000000006AF8400000000080842E41E5
S32D0001943800000000D01263410000000084D797410000000065CDCD41000000205FA00242000000E8764837428A
S32D00019460000000A2941A6D42000040E59C30A2420000901EC4BCD64200003426F56B0C430080E03779C3414363
S32D0001948800A0D8855734764300C84E676DC1AB43003D9160E458E143408CB5781DAF154450EFE2D6E41A4B44AB
S32D000194B092D54D06CFF08044F64AE1C7022DB544B49DD9794378EA4405000000190000007D0000002C206675F2
S32D000194D86E6374696F6E3A2000000000617373657274696F6E2022257322206661696C65643A2066696C65200D
S32D00019500222573222C206C696E65202564257325730A0000002020202020202020202828282828202020202001
S32D0001952820202020202020202020202020881010101010101010101010101010100404040404040404040410C4
S32D00019550101010101010414141414141010101010101010101010101010101010101010110101010101042420E
S32D000195784242424202020202020202020202020202020202020202021010101020000000000000000000000034
S32D000195A0000000000000000000000000000000000000000000000000000000000000000000000000000000009C
S32D000195C80000000000000000000000000000000000000000000000000000000000000000000000000000000074
S32D000195F0000000000000000000000000000000000000000000000000000000000000000000000000000000004C
S32D0001961843000000504F5349580000002E0000002020202020202020202020202020202030303030303030309F
S32D000196403030303030303030F8B500BFF8BC08BC9E4670474958010065C40000B9CB0000E9EE00006DFC00006D
S3290001966845130100F1130100A914010021170100ED17010039180100F8B500BFF8BC08BC9E467047AC
S30D0001968CAC81FF7F0100000023
S32D0001969401FFFFFF170034022D0036022B00380229003A02270006023000060225000602320006022300060234
S32D000196BC340006022100060204002E01040006021F00060204003001040006021D00060204003201040006020B
S32D000196E41B00060204003401040006021900060204003601040006021700060204003801040006021500060202
S32D0001970C04003A01040006021300060204003C01040006021100060204003E01040006020F00060204004001B7
S32D00019734040006020D00060204004201040006020B0006020400440104000602090006020400460104000602C2
S32D0001975C0700060204004801040006020500060204004A01040006020300060204004C0104000602010006029D
S32D0001978404004E0104000B020400500104000902040052010400080203005401030008020300540103000802BF
S32D000197AC03001D011A001D010300080203001C011C001C010300080203001B011E001B010300080203001A013E
S32D000197D40400180204001A01030008020300190104001A0204001901030008020300180104001C020400180159
S32D000197FC030008020300170104001E02040017010300080203001601040006021500050204001601030008025F
S32D000198240300150104000602170005020400150103000802030015010300060219000502030015010300080241
S32D0001984C03001501030005021B000402030015010300080203001501030004021C000402030015010300080219
S32D0001987403001501030004021C000402030015010300080203001501030004021C0004020300150103000802F1
S32D0001989C03001501030004021C000402030015010300080203001501030004021C0004020300150103000802C9
S32D000198C403001501030004021C000402030015010300080203001501030004021C0004020300150103000802A1
S32D000198EC03001501030004021C000402030015010300080203001501030004021C000402030015010300080279
S32D0001991403001501030004021C000402030015010300080203001501030004021C000402030015010300080250
S32D0001993C03001501030004021C000402030015010300080203001501030004021C000402030015010300080228
S32D0001996403001501030004021C000402030015010300080203001501030004021C000402030015010300080200
S32D0001998C03001501030004021C000402030015010300080203001501030004021C0004020300150103000802D8
S32D000199B403001501030004021C000402030015010300080203001501030004021C0004020300150103000802B0
S32D000199DC03001501030004021C000402030015010300080203001501030004021C000402030015010300080288
S32D00019A0403001501030004021C000402030015010300080203001501030004021C00040203001501030008025F
S32D00019A2C03001501030004021C000402030015010300080203001501030004021C000402030015010300080237
S32D00019A5403001501030004021C000402030015010300080203001501030004021C00040203001501030008020F
S32D00019A7C03001501030004021C000402030015010300080203001501030004021C0004020300150103000802E7
S32D00019AA403001501030004021C000402030015010300080203001501030004021C0004020300150103000802BF
S32D00019ACC03001501030004021C000402030015010300080203001501030004021C000402030015010300080297
S32D00019AF403001501030004021C000402030015010300080203001501030004021C00040203001501030008026F
S32D00019B1C03001501030004021C000402030015010300080203001501030004021C000402030015010300080246
S32D00019B4403001501030004021C000402030015010300080203001501030004021C00040203001501030008021E
S32D00019B6C03001501030004021C000402030015010300080203001501030004021C0004020300150103000802F6
S32D00019B9403001501030004021C000402030015010300080203001501030004021C0004020300150103000802CE
S32D00019BBC03001501030004021C000402030015010300080203001501030004021C0004020300150103000802A6
S32D00019BE403001501030004021C000402030015010300080203001501030004021C00040203001501030008027E
S32D00019C0C03001501030004021C000402030015010300080203001501030005021B000402030015010300080255
S32D00019C34030015010300060219000502030015010300080203001501040006021700050204001501030008022D
S32D00019C5C03001601040006021500050204001601030008020300170104001E02040017010300080203001801EB
S32D00019C8404001C0204001801030008020300190104001A02040019010300080203001A010400180204001A01A2
S32D00019CAC0300080203001B011E001B010300080203001C011C001C010300080203001D011A001D01030008024A
S32D00019CD40300540103000802030054010300080204005201040009020400500104000B0204004E01040006026C
S32D00019CFC0100060204004C01040006020300060204004A010400060205000602040048010400060207000602F8
S32D00019D2404004601040006020900060204004401040006020B00060204004201040006020D0006020400400193
S32D00019D4C040006020F00060204003E01040006021100060204003C01040006021300060204003A0104000602AA
S32D00019D741500060204003801040006021700060204003601040006021900060204003401040006021B0006026B
S32D00019D9C04003201040006021D00060204003001040006021F00060204002E0104000602210006023400060224
S32D00019DC42300060232000602250006023000060227003A02290038022B0036022D0034021700FFFF43000201BF
S32D00019DEC930003019200040191000501900006012B000102630006012A00030262000601290005026100060124
S32D00019E142800070226000501230006010C000601130006010800010205000902050001021600020105000A011F
S32D00019E3C090002010500080106000B010700100109000A0106000202050007020500020207000B010400030163
S32D00019E6402000D010800030102000A0104000E010600100107000E0104000302050005020500030205000E0133
S32D00019E8C0300130107000F010300100105001001060010010300040204000502040004020400100102001401EE
S32D00019EB406000F01020012010400100105001201020005020300050203000502030012010100150105000F01C8
S32D00019EDC02001301030010010500120102000602020005020200060203001201010009010500070105000F01B5
S32D00019F0401000801050007010300100104000801030007010300060202000502020006020200130101000701AE
S32D00019F2C08000701040007010900060108000701040006010C0006010500060104000502030005020300050281
S32D00019F54020006010E0007010900060104000601090006010A000601040006010B00060105000601050005024E
S32D00019F7C0300050203000502020006010E0006010B00050104000601090006010A000601040006010B0006012A
S32D00019FA40400070105000502030005020300050202000E01060006010B00060103000601090006010B00050107
S32D00019FCC040006010B0006010300070106000502030005020300050203001001030006010B00060103000601E3
S32D00019FF4090006010B000501040006010B000601030006010700050203000502030005020300110102000601B6
S32D0001A01C0B00060103000601090006010B000501040006010B000601020006010800050203000502030005028F
S32D0001A04404001101010006010B00060103000601090006010B000501040006010B00060101000601090005025D
S32D0001A06C0300050203000502050017010A00060104000601090006010A000601040006010B000C010A00050223
S32D0001A09403000502030005020700160109000601040006010900070109000601050006010B000B010400010106
S32D0001A0BC05000502030005020300050210000E0107000701040006010A00070107000601060007010A000A01D9
S32D0001A0E40400030104000602020005020200060211000F0103000801050006010A0008010400080106000D01B9
S32D0001A10C040009010300060104000602010005020100060204002801050006010B00120108000C01050012016B
S32D0001A1340300130204002701060006010C00110109000B0106001101040011020500120101001301070006010E
S32D0001A15C0D000F010B000A0107000F0106000F020600120101001201080006010E000C010E00090108000C01EF
S32D0001A18409000D020700110102000601020008010A00060110000901110007010A0009010B000B0208000F01DF
S32D0001A1AC040006018F0006018F0006018F0006018F0006018F0006018F0006018F0006018F00FFFF00000000D2
S32D0001A1D40000005F00000007000700147F147F14242A7F2A12231308646236495522500005030000001C2241DB
S32D0001A1FC000041221C00082A1C2A0808083E080800503000000808080808006060000020100804023E51494514
S32D0001A2243E00427F400042615149462141454B311814127F1027454545393C4A4949300171090503364949494E
S32D0001A24C36064949291E00363600000056360000000814224114141414144122140800020151090632497941DC
S32D0001A2743E7E1111117E7F494949363E414141227F4141221C7F494949417F090901013E414151327F08080854
S32D0001A29C7F00417F41002040413F017F081422417F404040407F0204027F7F0408107F3E4141413E7F090909BC
S32D0001A2C4063E4151215E7F09192946464949493101017F01013F4040403F1F2040201F7F2018207F631408144C
S32D0001A2EC630304780403615149454300007F4141020408102041417F0000040201020440404040400001020443
S32D0001A3140020545454787F484444383844444420384444487F3854545418087E090102081454543C7F080404E7
S32D0001A33C7800447D40002040443D00007F10284400417F40007C041804787C0804047838444444387C14141491
S32D0001A36408081414187C7C080404084854545420043F4440203C4040207C1C2040201C3C4030403C4428102843
S32D0001A38C440C5050503C4464544C44000836410000007F0000004136080008082A1C08081C2A0808200D002014
S32D0001A3B4000000000C10002074100020DC1000200000000000000000000000000000000000000000000000008E
S32D0001A3DC0000000000000000000000000000000000000000000000000000000000000000000000000000000052
S32D0001A4040000000000000000000000000000000000000000000000000000000000000000000000000000000029
S32D0001A42C0000000000000000000000000000000000000000000000000000000000000000000000000000000001
S32D0001A454000000000000000001000000000000000E33CDAB34126DE6ECDE05000B0000000000000000000000AC
S32D0001A47C00000000000000000000000000000000000000000000000000000000000000000000000000000000B1
S32D0001A4A40000000000000000000000000000000000000000000000000000000000000000000000000000000089
S32D0001A4CC0000000000000000000000000000000000000000000000000000000000000000000000000000000061
S32D0001A4F40000000000000000000000000000000000000000000000000000000000000000000000000000000039
S32D0001A51C0000000000000000000000000000000000000000000000000000000000000000000000000000000010
S32D0001A54400000000000000000000000000000000000000000000000000000000000000000000000000000000E8
S32D0001A56C00000000000000000000000000000000000000000000000000000000000000000000000000000000C0
S32D0001A5940000000000000000000000000000000000000000000000000000000000000000000000000000000098
S32D0001A5BC0000000000000000000000000000000000000000000000000000000000000000000000000000000070
S32D0001A5E40000000000000000000000000000000000000000000000000000000000000000000000000000000048
S32D0001A60C000000000000000000000000000000000000000000000000000000000000000000000000000000001F
S32D0001A63400000000000000000000000000000000000000000000000000000000000000000000000000000000F7
S32D0001A65C00000000000000000000000000000000000000000000000000000000000000000000000000000000CF
S32D0001A68400000000000000000000000000000000000000000000000000000000000000000000000000000000A7
S32D0001A6AC000000000000000000000000000000000000000000000000000000000000000000000000000000007F
S32D0001A6D40000000000000000000000000000000000000000000000000000000000000000000000000000000057
S32D0001A6FC000000000000000000000000000000000000000000000000000000000000000000000000000000002F
S32D0001A7240000000000000000000000000000000000000000000000000000000000000000000000000000000006
S32D0001A74C00000000000000000000000000000000000000000000000000000000000000000000000000000000DE
S32D0001A77400000000000000000000000000000000000000000000000000000000000000000000000000000000B6
S32D0001A79C000000000000000000000000000000000000000000000000000000000000000000000000000000008E
S32D0001A7C40000000000000000000000000000000000000000000000000000000000000000481100204811002074
S32D0001A7EC5011002050110020581100205811002060110020601100206811002068110020701100207011002094
S32D0001A81478110020781100208011002080110020881100208811002090110020901100209811002098110020DB
S32D0001A83CA0110020A0110020A8110020A8110020B0110020B0110020B8110020B8110020C0110020C011002023
S32D0001A864C8110020C8110020D0110020D0110020D8110020D8110020E0110020E0110020E8110020E81100206B
S32D0001A88CF0110020F0110020F8110020F8110020001200200012002008120020081200201012002010120020AD
S32D0001A8B418120020181200202012002020120020281200202812002030120020301200203812002038120020F1
S32D0001A8DC4012002040120020481200204812002050120020501200205812002058120020601200206012002039
S32D0001A9046812002068120020701200207012002078120020781200208012002080120020881200208812002080
S32D0001A92C90120020901200209812002098120020A0120020A0120020A8120020A8120020B0120020B0120020C8
S32D0001A954B8120020B8120020C0120020C0120020C8120020C8120020D0120020D0120020D8120020D812002010
S32D0001A97CE0120020E0120020E8120020E8120020F0120020F0120020F8120020F8120020001300200013002056
S32D0001A9A40813002008130020101300201013002018130020181300202013002020130020281300202813002096
S32D0001A9CC30130020301300203813002038130020401300204013002048130020481300205013002050130020DE
S32D0001A9F45813002058130020601300206013002068130020681300207013002070130020781300207813002026
S32D0001AA1C8013002080130020881300208813002090130020901300209813002098130020A0130020A01300206D
S32D0001AA44A8130020A8130020B0130020B0130020B8130020B8130020C0130020C0130020C8130020C8130020B5
S32D0001AA6CD0130020D0130020D8130020D8130020E0130020E0130020E8130020E8130020F0130020F0130020FD
S32D0001AA94F8130020F813002000140020001400200814002008140020101400201014002018140020181400203D
S32D0001AABC2014002020140020281400202814002030140020301400203814002038140020401400204014002083
S32D0001AAE448140020481400205014002050140020581400205814002060140020601400206814002068140020CB
S32D0001AB0C7014002070140020781400207814002080140020801400208814002088140020901400209014002012
S32D0001AB349814002098140020A0140020A0140020A8140020A8140020B0140020B0140020B8140020B81400205A
S32D0001AB5CC0140020C0140020C8140020C8140020D0140020D0140020D8140020D8140020E0140020E0140020A2
S32D0001AB84E8140020E8140020F0140020F0140020F8140020F814002000150020001500200815002008150020E6
S32D0001ABAC1015002010150020181500201815002020150020201500202815002028150020301500203015002028
S32D0001ABD438150020381500204015002040150020FFFFFFFF00000200F41A00204300000000000000000000001F
S32D0001ABFC00000000000000000000000000000000000000004300000000000000000000000000000000000000E7
S32D0001AC2400000000000000000000000043000000000000000000000000000000000000000000000000000000BE
S32D0001AC4C0000000043000000000000000000000000000000000000000000000000000000000000004300000053
S32D0001AC74000000000000000000000000000000000000000000000000000000004300000000000000000000006E
S32D0001AC9C0000000000000000000000000000000000000000430000000000000000000000000000000000000046
S32D0001ACC4000000000000000000000000898A0100997B0100000000001495010024960100E0940100E0940100E9
S32D0001ACECE0940100E0940100E0940100E0940100E0940100E0940100E0940100FFFFFFFFFFFFFFFFFFFFFFFF12
S32D0001AD14FFFF000001004153434949000000000000000000000000000000000000000000000000000000415314
S3250001AD3C43494900000000000000000000000000000000000000000000000000000000001B
S7050000C25DDB
