S01100002E2E2F50726F746575732E73313966
S32D0000C000000000205DC2000011C3000017C300001DC3000023C3000029C3000000000000000000000000000073
S32D0000C028000000002FC3000035C30000000000003BC3000041C30000F1CC0000FDCC000009CD000015CD0000C0
S32D0000C05021CD00002DCD000039CD000045CD000051CD00005DCD000069CD000075CD000081CD00008DCD00005A
S32D0000C07899CD0000A5CD0000B1CD0000BDCD0000C9CD0000D5CD0000E1CD0000EDCD0000F9CD000005CE000081
S32D0000C0A011CE00001DCE000029CE000035CE000041CE00004DCE000059CE000065CE000071CE00007DCE0000A0
S32D0000C0C889CE000095CE0000A1CE0000ADCE0000B9CE0000C5CE0000D1CE0000DDCE0000E9CE0000F5CE0000C8
S32D0000C0F001CF00000D2001000DCF000019CF000025CF000031CF00003DCF000049CF000055CF000061CF0000F4
S32D0000C1186DCF000079CF000085CF000091CF00009DCF0000A9CF0000B5CF0000C1CF0000CDCF0000D9CF000085
S32D0000C140E5CF0000F1CF0000FDCF000009D0000049F8000015D0000021D000002DD0000039D0000045D0000086
S32D0000C16851D000005DD0000069D0000075D0000081D000008DD0000099D00000A5D00000B1D00000BDD0000043
S32D0000C190C9D00000D5D00000E1D000003DF4000005F30000A1F3000075CA0000DDF40000EDD00000F9D000003F
S32D0000C1B805D100003CB1010000000020C81600003CB101000000FF1F00000000C8160020780400000000FF1FF3
S32D0000C1E00000000080B489B000AFF860B9607A60BB68FB61FB68BB6100237B617A697B689A420BD2BA69131DFB
S32D0000C208BB61FB69191DF96112681A607B6904337B61EFE700BF2437BD4680BC704780B485B000AF786039609E
S32D0000C2307B68FB600023BB60BA683B689A4208D2FB681A1DFA6000221A60BB680433BB60F2E700BF1437BD46FE
S32D0000C25880BC704780B586B000AF72B6234B4CF220521A80214B4DF628121A80204B4FF4E9721A801F4B7B615F
S32D0000C2807B691F4A934214D27B691A1D7A611B683B617B691A1D7A611B68FB607B691A1D7A611B68BB60BA68E9
S32D0000C2A8F9683869FFF79AFFE6E77B69134A93420ED27B691A1D7A611B68FB607B691A1D7A611B68BB60B9688B
S32D0000C2D0F868FFF7A8FFECE70B4B7B600B4A7B681A6007F0F9FF62B600F08CFC00F0C8F8FEE700BF0E20054047
S32D0000C2F800200540BCC10000D4C10000E4C1000008ED00E000C0000080B400AFFEE780B400AFFEE780B400AFF4
S32D0000C320FEE780B400AFFEE780B400AFFEE780B400AFFEE780B400AFFEE780B400AFFEE780B400AFFEE780B426
S32D0000C34800AFFEE7FFFFFFFFFFFFFFFFFFFFFFFFFFFFFFFFFFFFFFFFFFFFFFFFFFFFFFFFFFFFFFFFFFFFFFFF57
S32D0000C370FFFFFFFFFFFFFFFFFFFFFFFFFFFFFFFFFFFFFFFFFFFFFFFFFFFFFFFFFFFFFFFFFFFFFFFFFFFFFFFFC7
S32D0000C398FFFFFFFFFFFFFFFFFFFFFFFFFFFFFFFFFFFFFFFFFFFFFFFFFFFFFFFFFFFFFFFFFFFFFFFFFFFFFFFF9F
S32D0000C3C0FFFFFFFFFFFFFFFFFFFFFFFFFFFFFFFFFFFFFFFFFFFFFFFFFFFFFFFFFFFFFFFFFFFFFFFFFFFFFFFF77
S32D0000C3E8FFFFFFFFFFFFFFFFFFFFFFFFFFFFFFFFFFFFFFFFFFFFFFFFFFFFFFFFFFFFFFFFFFFFFFFFFEFFFFFF50
S32D0000C44010B5054C237833B9044B13B10448AFF300800123237010BDC81600200000000010C4000008B5034B4F
S32D0000C4681BB103490348AFF3008008BD00000000CC16002010C4000090B583B000AF2E492E4806F065FA2E48A7
S32D0000C49003F02BFF2D4803F0A3F80346184606F01BFF01231C4624A3D3E9002307F0FCF90346002B01D1002326
S32D0000C4B81C46E3B2002B0DD0224803F08DF8034619461F4804F016F94FF000001E4902F05DFDDBE716A3D3E93A
S32D0000C4E000231C4800F0B8F94FF000021A4B1B4800F0B2F94FF0FF3219491A4800F0F0F94FF00002184B174852
S32D0000C50800F0A6F901221749144800F0E5F94FF00002154B0F4800F09BF90223FB71FB79184600F023F80023BC
S32D0000C53018460C37BD4690BD666666666666FE3F0CA60100501A0020E8190020E41600200000D03F0000204262
S32D0000C5580000F03F0000C8C1000007430000C841000044400000B4420000344080B582B000AF0346FB71FB797D
S32D0000C580022B4AD100F05CF80346184600F0D8F80346FB71FB79022B38D0022B3BDC002B02D0012B19D036E0D0
S32D0000C5A801221E491E4800F097F94FF000021D4B1D4800F04DF94FF0FF321849184800F08BF94FF000024FF08C
S32D0000C5D08043184800F040F91EE04FF0FF321149114800F07DF94FF00002104B104800F033F901220B490C488F
S32D0000C5F800F072F94FF000024FF080430B4800F027F905E00A490B4804F0ECF800E000BFB1E700BF0837BD4679
S32D0000C62080BD00BF0000A0410000C841000008400000C8C1000016C218A60100E8190020B0B584B000AF344BB6
S32D0000C648FB60344802F0C8FFB86000237B60B86806F03EFE2CA3D3E9002306F0D9FC02460B4614461D46F8689D
S32D0000C67006F032FE02460B462046294607F0F6F80346002B3FD07B685A4203F0070302F0070258BF5342032B4F
S32D0000C69806DC4FF00002204B204800F0D9F805E04FF000021C4B1E4800F0D2F8F968B86807F044FC0346002BE4
S32D0000C6C001D0BB68FB60154802F08AFFB8607B6801337B601549164803F0D1FF7968144803F0F4FF13491248C3
S32D0000C6E803F0C9FFB968104804F004F810490E4803F0C1FFF9680C4804F087F8A7E7FB6818461037BD46B0BD70
S32D0000C7109A9999999999B93F33335340E41600200000E03F00004041000040C11CA60100E819002030A60100FD
S32D0000C73838A601000000000080B582B000AF7860786806F0C5FD14A3D3E9002307F0A8F80346002B01D00223D7
S32D0000C76017E04FF07F51786807F00AFC0346002B01D001230DE0786806F0AEFD4FF03332094B07F091F8034630
S32D0000C788002B01D0002300E0022318460837BD4680BD00BFAFF30080666666666666FE3F3333F33FB0B582B0D1
S32D0000C7B000AF7860124805F0CFFA0346184606F08BFD02460B464FF000000E4906F006FF02460B4614461D4617
S32D0000C7D8786806F07DFD02460B462046294606F0CFFD02460B461046194607F0ABF8034618460837BD46B0BD75
S32D0000C800341A00200000274080B582B000AF7860786806F061FD0CA3D3E9002306F0B4FD02460B461046194690
S32D0000C82807F090F803461946074800F0EDFC7968064800F0E9FC00BF0837BD4680BD00BF295C8FC2F528F03F70
S32D0000C850F4160020FC16002090B587B000AFF860C7E900231AA3D3E90023D7E9000106F08BFD02460B4610463E
S32D0000C878194607F01FF803467B61154802F088FE144802F085FEF868FFF78CFF03461846FFF7B6FF0E4802F0DF
S32D0000C8A069FE04460D4802F065FE034623447A699A42CCBF01230023DBB2002B00D0EDE700F074F800BF1C3704
S32D0000C8C8BD4690BDAFF300803BDF4F8D973E5440041700200817002090B587B000AFF860B9601346FB71B86876
S32D0000C8F006F0F2FC26A3D3E9002306F045FD02460B46104619464FF00002234B06F066FE02460B4610461946B1
S32D0000C91806F0D0FF03467B611E4802F039FE1E4802F036FE97F90730184607F015F90346F968184607F064F966
S32D0000C94003461846FFF732FF38613B6983F000431946144800F05CFC3969134800F058FC0E4802F007FE04462D
S32D0000C9680D4802F003FE034623447A699A42CCBF01230023DBB2002B00D0EDE700F012F800BF1C37BD4690BD60
S32D0000C990E505C46398D19C40008076400417002008170020F4160020FC16002080B500AF064800F0EBFB0648C1
S32D0000C9B800F0E8FB4FF00000044902F0E7FA00BF80BD00BFF4160020FC1600200000D03F80B582B000AF78600B
S32D0000C9E039607B68012B26D13B684FF6FF72934221D10121124802F0E1FD0821114802F0DDFD0921104802F05C
S32D0000CA08D9FD0A210F4802F0D5FD0F4A00210F4800F07AFB0C4A01210D4800F075FB07210C4802F0F5FA002103
S32D0000CA300B4802F0F1FA00BF0837BD4680BD00BFE4160020E8160020EC160020F016002000001041F4160020B0
S32D0000CA58FC160020041700200817002080B500AF4FF6FF710120FFF7B3FF80BD80B500AF0F4BD3F8A03003F495
S32D0000CA808053002B14BF01230023DBB2002B10D0094BD3F8A030084A23F48053C2F8A030064806F02FFA064B65
S32D0000CAA81B68054A23F40053136000BF80BD00BF00C00440701A0020C0F00F4080B400AF124B4FF480725A6317
S32D0000CAD0114B5B69104A43F4005353610E4B1B680D4A43F4005313600A4B0C4A1A630C4BD3F888310A4A43F0C6
S32D0000CAF88063C2F88831084B9B68074A43F08063936000BFBD4680BC704700BF00C00440C0F00F4003010A0085
S32D0000CB2000E100E080B400AF334B00225A70324B98221A70304B9B79DBB203F01003002B14BF01230023DBB224
S32D0000CB48002B00D0F2E72A4B9B79DBB29B08DBB203F00303022B14BF01230023DBB2002B00D0F0E7224B18225F
S32D0000CB701A71214B00225A71204B03F580531A461F4B53641C4B54225A711B4B9B79DBB203F02003002B0CBF41
S32D0000CB9801230023DBB2002B00D0F2E7144B9B79DBB203F04003002B0CBF01230023DBB2002B00D0F2E70E4B9A
S32D0000CBC01B78DBB20C4A03F03F03DBB213700A4B9B79DBB29B08DBB203F00303032B14BF01230023DBB2002B6D
S32D0000CBE800D0F0E700231846BD4680BC704700BF00400640007004400000130180B500AF314B03F580539B6BC3
S32D0000CC102F4A43F4785302F580529363FFF752FFFFF780FF2B4B58221A602A4B1B684FF47A7202FB03F3284A0A
S32D0000CC381360274B1B681A46234B03F580535B6C1B0E03F00F030133B2FBF3F31A46214B1A601D4B03F5805398
S32D0000CC60DB6B1B4A43F0225302F58052D363184B03F580531B6B164A43F0006302F580521363174B4FF48072D4
S32D0000CC881A61642002F058F8134B5B69124A23F010035361104B00221A600F4B10225A610E4803F0ABF902F0C8
S32D0000CCB07FFD02F0DDFD0C4802F0A4F80B4806F075F94FF4FA6002F04FF900BF80BD00BF0070044034190020C2
S32D0000CCD8301900203819002000D00340E81900202C190020E01A002080B500AFFFF727FB00BF80BD80B500AFC5
S32D0000CD00FFF721FB00BF80BD80B500AFFFF71BFB00BF80BD80B500AFFFF715FB00BF80BD80B500AFFFF70FFB41
S32D0000CD2800BF80BD80B500AFFFF709FB00BF80BD80B500AFFFF703FB00BF80BD80B500AFFFF7FDFA00BF80BD66
S32D0000CD5080B500AFFFF7F7FA00BF80BD80B500AFFFF7F1FA00BF80BD80B500AFFFF7EBFA00BF80BD80B500AF8E
S32D0000CD78FFF7E5FA00BF80BD80B500AFFFF7DFFA00BF80BD80B500AFFFF7D9FA00BF80BD80B500AFFFF7D3FABD
S32D0000CDA000BF80BD80B500AFFFF7CDFA00BF80BD80B500AFFFF7C7FA00BF80BD80B500AFFFF7C1FA00BF80BDA4
S32D0000CDC880B500AFFFF7BBFA00BF80BD80B500AFFFF7B5FA00BF80BD80B500AFFFF7AFFA00BF80BD80B500AFCA
S32D0000CDF0FFF7A9FA00BF80BD80B500AFFFF7A3FA00BF80BD80B500AFFFF79DFA00BF80BD80B500AFFFF797FA35
S32D0000CE1800BF80BD80B500AFFFF791FA00BF80BD80B500AFFFF78BFA00BF80BD80B500AFFFF785FA00BF80BDDF
S32D0000CE4080B500AFFFF77FFA00BF80BD80B500AFFFF779FA00BF80BD80B500AFFFF773FA00BF80BD80B500AF05
S32D0000CE68FFF76DFA00BF80BD80B500AFFFF767FA00BF80BD80B500AFFFF761FA00BF80BD80B500AFFFF75BFAAC
S32D0000CE9000BF80BD80B500AFFFF755FA00BF80BD80B500AFFFF74FFA00BF80BD80B500AFFFF749FA00BF80BD1B
S32D0000CEB880B500AFFFF743FA00BF80BD80B500AFFFF73DFA00BF80BD80B500AFFFF737FA00BF80BD80B500AF41
S32D0000CEE0FFF731FA00BF80BD80B500AFFFF72BFA00BF80BD80B500AFFFF725FA00BF80BD80B500AFFFF71FFA24
S32D0000CF0800BF80BD80B500AFFFF719FA00BF80BD80B500AFFFF713FA00BF80BD80B500AFFFF70DFA00BF80BD56
S32D0000CF3080B500AFFFF707FA00BF80BD80B500AFFFF701FA00BF80BD80B500AFFFF7FBF900BF80BD80B500AF7D
S32D0000CF58FFF7F5F900BF80BD80B500AFFFF7EFF900BF80BD80B500AFFFF7E9F900BF80BD80B500AFFFF7E3F99F
S32D0000CF8000BF80BD80B500AFFFF7DDF900BF80BD80B500AFFFF7D7F900BF80BD80B500AFFFF7D1F900BF80BD95
S32D0000CFA880B500AFFFF7CBF900BF80BD80B500AFFFF7C5F900BF80BD80B500AFFFF7BFF900BF80BD80B500AFBB
S32D0000CFD0FFF7B9F900BF80BD80B500AFFFF7B3F900BF80BD80B500AFFFF7ADF900BF80BD80B500AFFFF7A7F917
S32D0000CFF800BF80BD80B500AFFFF7A1F900BF80BD80B500AFFFF79BF900BF80BD80B500AFFFF795F900BF80BDD1
S32D0000D02080B500AFFFF78FF900BF80BD80B500AFFFF789F900BF80BD80B500AFFFF783F900BF80BD80B500AFF6
S32D0000D048FFF77DF900BF80BD80B500AFFFF777F900BF80BD80B500AFFFF771F900BF80BD80B500AFFFF76BF98E
S32D0000D07000BF80BD80B500AFFFF765F900BF80BD80B500AFFFF75FF900BF80BD80B500AFFFF759F900BF80BD0C
S32D0000D09880B500AFFFF753F900BF80BD80B500AFFFF74DF900BF80BD80B500AFFFF747F900BF80BD80B500AF32
S32D0000D0C0FFF741F900BF80BD80B500AFFFF73BF900BF80BD80B500AFFFF735F900BF80BD80B500AFFFF72FF906
S32D0000D0E800BF80BD80B500AFFFF729F900BF80BD80B500AFFFF723F900BF80BD80B500AFFFF71DF900BF80BD48
S32D0000D11080B584B000AFF8600B467A60FB72FB68FA7A1A71FB6800225A711749786806F027FF0346002B02D095
S32D0000D138134B7B600AE04FF07E51786806F008FF0346002B02D04FF07E537B60786806F0BFF809A3D3E9002372
S32D0000D16006F012F902460B461046194606F0EEFB0246FB681A60FB6818461037BD4680BDABAAAAAAAAAA2040A9
S32D0000D1880000404180B582B000AF78607B685B79002B09D07B6800225A717B6819791E230022034801F064FE09
S32D0000D1B000BF0837BD4680BD2C19002080B584B000AF786039603B687F2B02DD7F23FB7308E03B6813F1800FCB
S32D0000D1D802DA8023FB7301E03B68FB737B685B79FA7B9A4209D07B68FA7B5A717B681979FA7B1E23034801F0DF
S32D0000D2003BFE00BF1037BD4680BD00BF2C190020B0B584B000AF786039603749386806F091FE0346002B02D0B9
S32D0000D228334B3B6008E03349386806F0A5FE0346002B01D02F4B3B60386806F049F804460D467B681B68184690
S32D0000D25006F042F84FF00002294B06F0BFF902460B462046294606F08FF802460B461046194606F06BFB03463F
S32D0000D2783B604FF00001386806F074FE0346002B10D0386806F024F817A3D3E9002306F077F802460B461046B2
S32D0000D2A0194606F00BFB0346FB6018E0386806F013F84FF00002134B06F066F802460B46104619464FF0000246
S32D0000D2C80D4B06F087F902460B461046194606F0F1FA0346FB60F9687868FFF76BFF00BF1037BD46B0BD00BFC1
S32D0000D2F052B81E85EB51F43F0000C8C20000C842000059400000604080B483B000AF03460A46FB711346BB7187
S32D0000D318BB79002B03D1134B00221A7002E0114B01221A703823FB710E4B1A78FB791343FB710D4B9B78DBB2DF
S32D0000D3400B4A43F01003DBB29370094B9B78DBB2074A43F02003DBB29370054AFB79137100BF0C37BD4680BCE1
S32D0000D368704700BF091700200060064080B483B000AF01237B607B68312B04DC00BF7B6801337B60F7E700BFB9
S32D0000D3900C37BD4680BC704780B582B000AF03460A46FB711346BB71134B1B7800211846FFF7AAFF00F024F87B
S32D0000D3B8104AFB79137100F01FF80E4ABB79137100F01AF80B4B9B78DBB20A4A23F02003DBB29370074B9B7867
S32D0000D3E0DBB2064A23F01003DBB29370FFF7C2FF00BF0837BD4680BD0A1700200060064080B483B000AF174B38
S32D0000D4081B78002B24D100237B60154BDB78DBB203F00203002B0CBF01230023DBB2002B0DD07B6842F21072A2
S32D0000D430934203DD0B4B01221A7004E07B6801337B6000BFE5E7084BDB78DBB2064A43F00203DBB2D37000E04A
S32D0000D45800BF0C37BD4680BC704700BF0B1700200060064080B582B000AF0346FB71FB79184600F05FF800BF64
S32D0000D4800837BD4680BD80B582B000AF03460A46FB711346BB7100F035F8FB795B00DBB21846FFF7E3FFBB797C
S32D0000D4A81846FFF7DFFF00F037F800BF0837BD4680BD80B500AFFF2000F03CF80346184680BD80B584B000AFA4
S32D0000D4D00346FB7100F016F8FB795B005BB243F001035BB2DBB21846FFF7C0FFFFF7E5FF0346FB7300F014F82E
S32D0000D4F8FB7B18461037BD4680BD000080B400AF044B9B68034A43F48013936000BFBD4680BC704740F00F4038
S32D0000D52080B400AF044B5B68034A43F48013536000BFBD4680BC704740F00F4080B485B000AF0346FB710023FA
S32D0000D548BB73164BDB6A03F00043012B0CBF01230023DBB2002B03D0FB7B0133FB73F0E70E4BDB6A0D4A43F0CB
S32D0000D5700043D3620B4AFB7953630A4BDB6A03F40033002B0CBF01230023DBB2002B00D0F3E7044B9B6BBB73B0
S32D0000D598BB7B18461437BD4680BC704700C00A4080B582B000AF204B03F580531B6B1E4A43F4805302F5805279
S32D0000D5C013631C4B4FF480721A651B4B5B691A4A43F480135361FFF7A3FF164B4FF400725A65144B4FF400721F
S32D0000D5E89A65124B4FF40072DA65124B124A1A60104B124ADA6000237B607B68092B06DCFF20FFF72FFF7B6884
S32D0000D61001337B60F5E704A1D1E9000101F0BAFC00BF0837BD4680BD9A9999999999B93F0070044000A0044095
S32D0000D63840F00F4000C00A40000C00800500003E90B486B000AFF860B9607A60FB68534A93420AD1524B03F5B3
S32D0000D66080535B6B504A43F4806302F58052536345E0FB684D4A93420AD14B4B03F580535B6B494A43F40063AD
S32D0000D68802F58052536336E0FB68474A93420AD1434B03F580535B6B414A43F4805302F58052536327E0FB689E
S32D0000D6B0404A93420AD13C4B03F580535B6B3A4A43F4005302F58052536318E0FB683A4A93420AD1344B03F567
S32D0000D6D880539B6A324A43F4806302F58052936209E02F4B03F580539B6A2D4A43F4006302F580529362FB6893
S32D0000D700DB78DBB223F00C03DAB2FB68DA70FB6800229A70BB684FF47A7203FB02F27B681B0192FBF3F39CB22D
S32D0000D728FB681B78DBB223F01F03FB75230A9BB2DBB203F01F03DAB2FB7D1343DAB2FB681A70E2B2FB685A70FB
S32D0000D750BB684FF4FA4203FB02F27B681B0192FBF3F39AB263019BB2D31A9CB2FB689B7ADBB223F01F03FB75C3
S32D0000D778E3B203F01F03DAB2FB7D1343DAB2FB689A72FB68DB78DBB243F00C03DAB2FB68DA7000BF1837BD46B5
S32D0000D7A090BC704700A006400070044000B0064000C0064000D0064000A00E4080B483B000AF78607B681B7959
S32D0000D7C8DBB203F02003002B0CBF01230023DBB2002B00D0F2E77B68DB79DBB218460C37BD4680BC704780B463
S32D0000D7F083B000AF78600B46FB707B681B79DBB25BB2DB43DBB2DB09DBB2002B00D0F4E77B68FA78DA7100BF33
S32D0000D8180C37BD4680BC704780B487B000AFF860B9607A60FB687B617B685A1E7A60002B14BF01230023DBB2FE
S32D0000D840002B06D07B695A1C7A61BA68D2B21A70EEE700BF1C37BD4680BC704780B584B000AF786039607B680B
S32D0000D8681B6BFB60FA683B689A4252D07B681B79002B35D07B6858787B6803F134010123FA6801F0F7F8034699
S32D0000D890002B14BF01230023DBB2002B01D001233CE07B6800221A717B685A6A7B681B6A1344FA689A4217D23F
S32D0000D8B87B68DB78FB72FB7A012B11D97B681B6AFA681344FB607B6858787B6803F134010123FA6801F0CEF89C
S32D0000D8E0FB7A013BFB72EAE73B68002B15D07B6858787B6803F1340101233A6800F0DAFF0346002B14BF0123BF
S32D0000D9080023DBB2002B01D0012303E07B683A681A63002318461037BD4680BD80B584B000AF78600021786843
S32D0000D930FFF794FF0346FB73FB7B002B40F093807B681B78032B7DD17B685B79002B79D07B6800221A637B6823
S32D0000D95834334FF4007200211846FFF75DFF7B68552283F832227B68AA2283F833227B68522283F834207B6803
S32D0000D980522283F835207B68612283F836207B68412283F837207B68722283F818227B68722283F819227B68AA
S32D0000D9A8412283F81A227B68612283F81B227B681B69DAB27B6883F81C227B681B699BB21B0A9BB2DAB27B68F5
S32D0000D9D083F81D227B681B691B0CDAB27B6883F81E227B681B691B0EDAB27B6883F81F227B68DB68DAB27B6867
S32D0000D9F883F820227B68DB689BB21B0A9BB2DAB27B6883F821227B68DB681B0CDAB27B6883F822227B68DB6891
S32D0000DA201B0EDAB27B6883F823227B6858787B6803F134017B685A69012301F01FF87B6800225A717B685B7869
S32D0000DA4800220021184601F0E1F80346002B14BF01230023DBB2002B01D00123FB73FB7B18461037BD4680BD41
S32D0000DA7080B582B000AF78600B467B807B68002B08D07B681B78002B04D07B68DB887A889A4201D0092311E0E1
S32D0000DA987B685B78184601F03BF9034603F00103002B14BF01230023DBB2002B01D0032300E000231846083753
S32D0000DAC0BD4680BD80B586B000AF78607B681A687B689B8819461046FFF7CAFF0346FB75FB7D002B40F0AC806F
S32D0000DAE87B689B7903F02003002B00F0A5807B689B7903F04003002B1BD07B681B6858787B6803F128017B6867
S32D0000DB109A69012300F0B2FF0346002B14BF01230023DBB2002B01D001238AE07B689B7923F04003DAB27B68BE
S32D0000DB389A717B681A687B68DB6919461046FFF789FE0346FB75FB7D002B75D17B681B6A3B613B690B331A78DC
S32D0000DB603B690B3342F02002D2B21A707B68DA683B691C33D2B21A707B68DB689BB21B0A9AB23B691D33D2B2D1
S32D0000DB881A707B68DB681A0C3B691E33D2B21A707B68DB681A0E3B691F33D2B21A707B681A693B691A33D2B269
S32D0000DBB01A707B681B699BB21B0A9AB23B691B33D2B21A707B681B691A0C3B691433D2B21A707B681B691B0C84
S32D0000DBD89BB21B0A9AB23B691533D2B21A700023FB603B691633FA68D2B21A70FB689BB21B0A9AB23B6917337D
S32D0000DC00D2B21A70FB681A0C3B691833D2B21A70FB681A0E3B691933D2B21A707B689B7923F02003DAB27B683D
S32D0000DC289A717B681B6801221A717B681B681846FFF774FE0346FB75FB7D18461837BD4680BD80B584B000AF4D
S32D0000DC5078607868FFF736FF0346FB73FB7B002B02D17B6800221A60FB7B18461037BD4680BD000080B588B051
S32D0000DC7800AF7860396080233B610F23FB604FF0FF337B610223FB61FB69B3F5807F23D80123BB61BB69102B1F
S32D0000DCA01AD8FB69BA6902FB03F33A6803FB02F27B68D31ABB60BB68002B09DBBB687A699A4205D9BB687B617A
S32D0000DCC8FB693B61BB69FB60BB690133BB61E1E7FB695B00FB61D7E71D4BDB6A1C4A23F00803D3621A4BDB6A8A
S32D0000DCF023F47F2323F47F63BB613B695B081B029AB2FB68013B1B01DBB21A43BB691343114A43F46023D3625F
S32D0000DD180F4B5B6A03F00803002B0CBF01230023DBB2002B03D00A2001F01AF9F0E7084BDB6A074A43F00803CC
S32D0000DD40D362054B1B6B044A43F48013136300BF2037BD4680BD00BF00100B4080B582B000AF786039607B6842
S32D0000DD6800221A60414B424ADA62404BDB6A03F08073002B14BF01230023DBB2002B00D0F3E73A4B0022C3F8DE
S32D0000DD90C020384B4FF481325A60364B28229A62344B4FF001125A643B689B6833491846FFF760FF2F4B5B6AE8
S32D0000DDB803F00303002B14BF01230023DBB2002B00D0F3E72C4B40F243421A602A4B40F243425A60284B4FF459
S32D0000DDE088629A60264B40F24342DA60244B40F243421A61224B40F243425A61214B03F580531B6B1F4A43F4F2
S32D0000DE08003302F580521363184B4FF6FF721A63164B1B4A5A63154BDB6A144A43F00063D362124BDB6A03F0FE
S32D0000DE300063002B14BF01230023DBB2002B00D0F3E70C4B5B6A03F48033002B14BF01230023DBB2002B02D025
S32D0000DE587B6801221A60054B1B6B044A43F080031363002318460837BD4680BD00100B400080000160CC0500BF
S32D0000DE8000D0044000700440B3007F0080B400AF064B5A6A40F207331340002B14BF01230023DBB21846BD4690
S32D0000DEA880BC704700100B4080B485B000AF7860074B1B6B7A681340FB60FB68002B00D1F6E7FB68184614375E
S32D0000DED0BD4680BC704700BF00100B4080B584B000AF78607B681B7803F03F03764A52F82330FB60FB68002B33
S32D0000DEF805D17B681B78002B01D00123DCE0714B1B6B704A43F0800313636E4B5B6A03F00103002B14BF012315
S32D0000DF200023DBB2002B00D0F3E7684A7B685B689360FB6823F44003FB607B685B789B0503F44003FA681343A3
S32D0000DF48FB607B685B78022B03D1FB6843F40013FB607B685B78042B16D1FB6803F44033B3F5003F08D1FB68D5
S32D0000DF7023F44033FB60FB6843F44033FB6007E0FB6823F44033FB60FB6843F40033FB604E4B5B684D4A9BB29F
S32D0000DF9853607B68DB68002B2AD0FB6803F44033B3F5403F03D0FB6843F40013FB607B681B7A002B03D0FB68B5
S32D0000DFC043F01003FB607B68DB68012B03D9FB6843F02003FB607B68DB68B3F1FF3F0BD03A4B5A687B68DB6800
S32D0000DFE81B04384913434B60FB6843F00203FB60344B00221A60334AFB68D3603248FFF753FF0346012B14BF3C
S32D0000E01001230023DBB2002B09D02C4B1B6B2B4A43F4702343F001031363012348E0274B1B6B03F08003002B3C
S32D0000E03814BF01230023DBB2002B07D0214B1B6B204A43F001131363012335E01D4B1B6B03F48033002B14BF29
S32D0000E06001230023DBB2002B08D0184B1B6B174A43F0011313634FF0FF3321E0FB6803F44033002B15D0114B09
S32D0000E0881A697B681A61FB6803F44033B3F5803F0BD10C4B5A697B685A610A4B9A697B689A61084BDA697B6812
S32D0000E0B0DA61064B1B6B054A43F001031363002318461037BD4680BD50A6010000100B4001000E0080B592B054
S32D0000E0D800AF7860396000237B643B68BB63994B7B637B6B002B02D140F601235FE3964B3B633B6B002B02D1D2
S32D0000E10040F60B2357E33B6B1B68FB62FB6A002B02D140F60B234EE37B6841F20932934200F23F837B68B3F570
S32D0000E128985F08D87B68032B00F01A837B68092B00F0098331E37B68A3F59853013B082B00F22B8301A252F84B
S32D0000E15023F000BF79E1000065E40000C1E600007BE40000B9E40000DFE5000027E6000069E5000083E5000002
S32D0000E1787649786BFFF7EEFD78647B6C002B40F01083002387F84330002387F82B30002387F82A30002387F895
S32D0000E1A02930002387F84230002387F8283000233B7200237B720023FB6000233B7400237B6107F1080318465A
S32D0000E1C8FFF788FE0346002B14BF01230023DBB2002B02D001237B64E8E240F24C4000F0BFFE08233B72002362
S32D0000E1F07B724FF4D573FB6000233B7400237B6107F108031846FFF769FEF863FB6B002B09D1BA69FB689A4277
S32D0000E21802D001237B64C9E2012387F84230012387F8283097F82830002B00F0A58037233B7200237B720023E7
S32D0000E240FB6000233B7400237B6107F108031846FFF744FEF863FB6B002B02D001237B64A8E269233B72002344
S32D0000E2687B720023FB6000233B7400237B6107F108031846FFF72EFE0346002B14BF01230023DBB2002B02D0B1
S32D0000E29001237B648EE2BB6903F44013002B6FD00023FB630A2000F05FFEFB6B0133FB6337233B7200237B720E
S32D0000E2B80023FB6000233B7400237B6107F108031846FFF707FE0346002B14BF01230023DBB2002B02D0012351
S32D0000E2E07B6428E069233B7200237B7297F84230002B02D0184BFB6002E04FF44013FB6000233B7400237B6180
S32D0000E30807F108031846FFF7E5FD0346002B14BF01230023DBB2002B02D001237B6406E0BB69002B03DBFB6B1A
S32D0000E330632B00D8B6E77B6C002B40F03882FB6B632B0BD9002387F8423019E0201700202419002044A601003C
S32D0000E35800003040012387F8433097F84230002B0AD0002387F84230BB6903F08043002B02D0012387F842300B
S32D0000E38097F82A30002B02D07B6B07221A6097F82930002B02D07B6B08221A6097F82B30002B02D07B6B04229E
S32D0000E3A81A6097F84330002B09D07B6B02221A6097F84230002B02D07B6B03221A6097F82B30002B0DD097F83F
S32D0000E3D04330002B09D07B6B05221A6097F84230002B02D07B6B06221A60924B00221A60904B00225A608F4B91
S32D0000E3F800229A608D4B0022DA608C4B00221A618A4B00225A61FB6A9A68FB6A5B6819461046FFF72BFC854B50
S32D0000E42040F243421A60834B40F243425A60814B4FF488629A607F4B40F24342DA607D4B40F243421A617B4BF0
S32D0000E44840F243425A617A4B03F580531B6B784A43F4003302F580521363A7E1B86BFFF739FDF863FB6B002BF0
S32D0000E47000F09F8102237B649BE1BB6B002B02D10C237B6496E16D4BDB6A1B0A5B0003F4FF73FB63694BDB6A08
S32D0000E4981B0903F00F035A1CFB6B02FB03F3FB63FB6A9A68FB6BB2FBF3F2BB6B1A607DE1BB6B002B02D10C2350
S32D0000E4C07B6477E1BB6B1B68002B02D10C237B6470E1FFF7DBFC0346002B0CBF01230023DBB2002B3CD0534B3C
S32D0000E4E800221A60514B00225A60504B00229A604E4B0022DA604D4B00221A614B4B00225A61FB6A9A68BB6B11
S32D0000E5101B6819461046FFF7ADFB464B40F243421A60444B40F243425A60424B4FF488629A60404B40F243424F
S32D0000E538DA603E4B40F243421A613C4B40F243425A613B4B03F580531B6B394A43F4003302F58052136329E1BA
S32D0000E56040F60A237B6425E1BB6B002B02D10C237B641FE1314B5B68C3F30C02BB6B1A6018E1BB6B002B02D153
S32D0000E5880C237B6412E1FFF77DFC0346002B0CBF01230023DBB2002B19D0BB6B1B68B3F5805F02D30C237B64BB
S32D0000E5B000E1224B5B68214A23F4FF5323F01F0353601E4B5A68BB6B1B68C3F30C031B4913434B60EEE040F66E
S32D0000E5D80A237B64EAE0BB6B002B02D10C237B64E4E0144B9B6A5B0803F00303FB63FB6B002B03D1BB6B00227E
S32D0000E6001A60D7E0FB6B012B03D1BB6B01221A60D0E0FB6B102B03D1BB6B02221A60C9E005237B64C6E0BB6B2D
S32D0000E628002B09D10C237B64C0E000BF00D004400070044000100B40FFF724FC0346002B0CBF01230023DBB206
S32D0000E650002B31D0BB6B1B68002B0AD1584B9B6A574A23F006039362554B554A9B6A9362A0E0BB6B1B68012BD9
S32D0000E6780CD1514B9B6A504A23F0060393624E4B9B6A4D4A43F0020393628FE0BB6B1B68022B0AD1484B9B6A31
S32D0000E6A0474A23F006039362454B454A9B6A936280E005237B647DE040F60A237B6479E0BB6B002B02D10C23DF
S32D0000E6C87B6473E03C4BDB6A3B4A43F00063D362394BDB6A03F00063002B14BF01230023DBB2002B00D0F3E710
S32D0000E6F0334B1B6B03F08003002B14BF01230023DBB2002B08D02E4B1B6B2D4A43F0800313637B6B00221A6089
S32D0000E718294B5B6A03F48033002B14BF01230023DBB2002B07D07B6B1B68002B06D17B6B01221A6002E07B6B66
S32D0000E74000221A607B6B1A68BB6B1A6032E0BB6B1C221A60BB6B043304221A60BB6B08334FF41E721A6025E067
S32D0000E7680220FFF7A1FB144B1B6B03F4E003002B14BF01230023DBB2002B07D00E4B1B6B0D4A43F4E003136376
S32D0000E79004237B640A4B1B6B094A43F03203136308E040F609237B6404E000BF02E000BF00E000BF7B6C1846F8
S32D0000E7B84837BD4680BD00BF00100B4080B489B000AF786039607B687B61364B3B613B69002B01D100235FE0EE
S32D0000E7E03B691B68022B0BD03B691B68032B07D03B691B68072B03D03B691B68082B0BD12B4B5B6A03F0040319
S32D0000E808002B14BF01230023DBB2002B00D0F3E73B68FB61FB69002B3DD0FB69B3F5007F28BF4FF40073FB601D
S32D0000E830FB6803339B08BB61BB69002B2AD01C4B1B6B03F4E003002B14BF01230023DBB2002B09D0164B1B6B95
S32D0000E858154A43F4E00343F02003136300231BE0114B5B6A03F40063002B0CBF01230023DBB2002B00D0F3E715
S32D0000E8800B497B691A1D7A610A6A1A60BB69013BBB61D1E7FA69FB68D31AFB61BEE7012318462437BD4680BC2E
S32D0000E8A8704700BF2017002000100B4080B58EB000AFB9607A601A460346FB731346BB73414B7B63FB7B002B5C
S32D0000E8D002D1BB7B002B01D1042375E03D4B1B78DBB203F00103002B14BF01230023DBB2002B01D0032367E0BE
S32D0000E8F8BB68002B01D1002362E07B6B1B7B002B02D17B685B027B60BB7B012B28D111233B7500237B757B68A3
S32D0000E920BB6101233B77BB7B3B6207F11403194641F20230FFF7CEFB0346002B0CBF01230023DBB2002B38D02C
S32D0000E9484FF40071B868FFF739FF0346002B14BF01230023DBB2002B2BD00023BB7328E012233B7500237B750D
S32D0000E9707B68BB6101233B77BB7B3B6207F11403194641F20230FFF7A5FB0346002B0CBF01230023DBB2002B2A
S32D0000E9980FD0BB7B5B021946B868FFF70FFF0346002B14BF01230023DBB2002B01D00023BB73BB7B002B01D0C2
S32D0000E9C0012300E0002300BF18463837BD4680BD0C1700200000002080B487B000AF786039607B68FB603B6867
S32D0000E9E87B617B69002B3DD07B69B3F5007F28BF4FF400733B617A693B69D31A7B613B6903339B083B613B69B8
S32D0000EA10002BEAD0184B1B6B03F4E003002B14BF01230023DBB2002B0AD0134B1B6B124A43F4E00343F01003B9
S32D0000EA3813634FF0FF3316E00D4B5B6A03F48063002B0CBF01230023DBB2002B00D0F3E7FB681A1DFA60064AF9
S32D0000EA601B6813623B69013B3B61D0E7012318461C37BD4680BC704700100B4080B58EB000AFB9607A601A46C2
S32D0000EA880346FB731346BB735D4B7B63FB7B002B02D1BB7B002B01D10423ADE0594B1B78DBB203F00103002B5B
S32D0000EAB014BF01230023DBB2002B01D003239FE0524B1B78DBB203F00403002B14BF01230023DBB2002B01D06B
S32D0000EAD8022391E0BB68002B01D100238CE07B6B1B7B002B02D17B685B027B60BB7B012B28D118233B750023CD
S32D0000EB007B757B68BB6100233B77BB7B3B6207F11403194641F20230FFF7DCFA0346002B0CBF01230023DBB29E
S32D0000EB28002B38D04FF40071B868FFF751FF0346002B14BF01230023DBB2002B2BD00023BB7328E019233B75EC
S32D0000EB5000237B757B68BB6100233B77BB7B3B6207F11403194641F20230FFF7B3FA0346002B0CBF01230023E1
S32D0000EB78DBB2002B0FD0BB7B5B021946B868FFF727FF0346002B14BF01230023DBB2002B01D00023BB730D2312
S32D0000EBA03B7500237B757B6B1B69BB6100233B7700233B6207F11403194641F20230FFF789FA0346002B14BFD6
S32D0000EBC801230023DBB2002B01D0012314E07A6A0D4B1340002B01D001230DE07B6A03F4F853B3F5106F00D07D
S32D0000EBF0D5E7BB7B002B01D0012300E0002300BF18463837BD4680BD0C170020000000200880D9FF80B58CB0E2
S32D0000EC1800AF03463A60FB710B46BB713A4BBB62FB79002B01D0042369E0012387F82F30364B1B78DBB203F03B
S32D0000EC400103002B14BF01230023DBB2002B01D0032358E0BB79032B50D801A252F823F071EC000079EC00002A
S32D0000EC6889EC000099EC0000002387F82F3044E0BB6A9A683B681A60002387F82F303CE03B684FF400721A800C
S32D0000EC90002387F82F3034E009233B7200237B72BB6A1B69FB6000233B7400237B6107F10803194641F20230BC
S32D0000ECB8FFF70CFA0346002B14BF01230023DBB2002B01D001231AE07B6A03F44003002B0CD13B6A9B0C03F097
S32D0000ECE07F035A1C7B6A1B0A03F00303013B9A403B681A60002387F82F3002E0042387F82F3097F82F301846A4
S32D0000ED083037BD4680BD00BF0C1700200000002080B483B000AF0346FB71FB79002B01D0012302E0034B1B78F2
S32D0000ED30DBB218460C37BD4680BC70470000002080B483B000AF7860164B03F580539B6B144A43F0010302F5C5
S32D0000ED5880529363124A7B689360114B05225A600F4B1B680E4A43F0010313600C4B1B6803F08003002B0CBF31
S32D0000ED8001230023DBB2002B00D0F3E7064B1B68054A23F00103136000BF0C37BD4680BC704700BF00700440A4
S32D0000EDA80000044080B582B000AF786039607B68012B07D13B684FF6FF72934202D1034800F00EF800BF08374B
S32D0000EDD0BD4680BD2C19002080B500AF4FF6FF710120FFF7E3FF80BD80B483B000AF78607B6800221A707B6841
S32D0000EDF818460C37BD4680BC7047000080B582B000AF78607B681B7883F00103DBB2002B21D0134B03F58053A9
S32D0000EE201A464FF400639362104B4FF440721A620E4B4FF440725A620D4B1B68DA0F13445B104FF46142194628
S32D0000EE480A48FEF7FDFB642000F08AF87B6801221A70012300E0002318460837BD4680BD0070044000D004400B
S32D0000EE703019002000B00E4080B582B000AF7860084611461A460346FB700B46BB7013467B707F210E48FEF7BB
S32D0000EE98AAFC08210C48FEF7A6FCFB7819460A48FEF7A1FCBB7819460748FEF79CFC7B7819460548FEF797FC47
S32D0000EEC0FF210348FEF793FC00BF0837BD4680BD00B00E4080B487B000AFF860B9607A60FB681F4AA2FB032305
S32D0000EEE89B09BA6813447B61FB681B4AA2FB031292094FF47A7101FB02F29B1AFB60FB68DB03154AA2FB03235D
S32D0000EF109B097A6813443B613B69DB0B7A6913447B613B69C3F30E033B610E4B1B687A699A4209D80B4B1B685E
S32D0000EF387A699A4206D1094B5B683A699A4201D9012300E00023002B00D0EAE700BF1C37BD4680BC704700BFEB
S32D0000EF60D34D621000D0034080B584B000AF7860074B1B68FB60064B5B68BB607B68BA68F9681846FFF7A6FF30
S32D0000EF8800BF1037BD4680BD00D0034080B584B000AFC7E900010E4B1B68FB600C4B5B68BB604FF000020B4B36
S32D0000EFB0D7E9000104F0E8F902460B461046194604F0A4FC0346BA68F9681846FFF782FF00BF1037BD4680BDD4
S32D0000EFD800D0034000408F4080B483B000AF0B4B1B684FF47A7202FB03F37B60074B5B684FF47A7202FB03F3C6
S32D0000F000DB0B7A6813447B607B6818460C37BD4680BC704700D0034080B584B000AF78600B46FB700B23FB7313
S32D0000F028FA7BFB781946786800F094F87B6818461037BD4680BD000080B485B000AF78607B68103B002B00DA2C
S32D0000F0501F335B11FB60FB68022B53D0FB68022B75DCFB68002B03D0FB68012B25D06EE0394BD3F880217B68DF
S32D0000F078103B594203F01F0301F01F0158BF4B42012101FA03F332491343C1F88031304B1A687B68103B5942A6
S32D0000F0A003F01F0301F01F0158BF4B42012101FA03F3294913430B6049E0274BD3F884217B68103B594203F06B
S32D0000F0C81F0301F01F0158BF4B42012101FA03F31F491343C1F884311D4B5A687B68103B594203F01F0301F00B
S32D0000F0F01F0158BF4B42012101FA03F3164913434B6024E0144BD3F888217B68103B594203F01F0301F01F01F5
S32D0000F11858BF4B42012101FA03F30D491343C1F888310B4B9A687B68103B594203F01F0301F01F0158BF4B4209
S32D0000F140012101FA03F3044913438B6000BF00BF1437BD4680BC704700E100E080B584B000AF78600B46FB70D4
S32D0000F1681346BB707B68FA781A70BB78FB737B681B781A46574B9B5C042B00F2A68001A252F823F0A1F100002D
S32D0000F190EDF1000039F20000D1F2000085F20000FB7B1B0403F470234D497A68127810464C4A52F8202043F440
S32D0000F1B8897343F0010341F82230494B5A697B681B781946454B53F8213003F01F03012101FA03F3DB43424942
S32D0000F1E013404B616720FFF72BFF72E0FB7B1B0403F470233D497A6812781046394A52F8202043F4897343F02F
S32D0000F208010341F82230384B5A697B681B781946324B53F8213003F01F03012101FA03F3DB43314913404B6156
S32D0000F2306820FFF705FF4CE0FB7B1B0403F470232C497A6812781046264A52F8202043F4897343F0010341F80F
S32D0000F2582230274B5A697B681B7819461F4B53F8213003F01F03012101FA03F3DB43204913404B616920FFF7F9
S32D0000F280DFFE26E0FB7B1B0403F470231B497A6812781046134A52F8202043F4897343F0010341F82230164BFB
S32D0000F2A85A697B681B7819460C4B53F8213003F01F03012101FA03F3DB430F4913404B616B20FFF7B9FE00E0F8
S32D0000F2D000BF00BF1037BD4680BD00BF50A701000090044094A7010000F00F4000A0044040F00F4000B00440AE
S32D0000F2F880F00F4000D0044000F10F40B0B48BB000AF224B3C1D1D460FCD0FC495E80F0084E80F0000237B62A8
S32D0000F3207B6A072B30DC1C4BD3F8A0207B6A9B0028333B4453F8243C012101FA03F31340002B14BF01230023FA
S32D0000F348DBB2002B18D0134A7B6A52F823305A1C10497B6A41F823200D4BD3F8A0207B6A9B0028333B4453F860
S32D0000F370243C012101FA03F307491340C1F8A0307B6A01337B62CBE700BF2C37BD46B0BC704700BF98A80100E0
S32D0000F39800A004405C190020B0B489B000AF224B3C1D1D460FCD0FC495E8030084E803000023FB61FB69052BA8
S32D0000F3C030DC1C4BD3F8A020FB699B0020333B4453F81C3C012101FA03F31340002B14BF01230023DBB2002B4A
S32D0000F3E818D0FB690833124A52F823200132104941F823200D4BD3F8A020FB699B0020333B4453F81C3C012106
S32D0000F41001FA03F307491340C1F8A030FB690133FB61CBE700BF2437BD46B0BC704700BFB8A8010000B00440B7
S32D0000F4385C190020B0B48DB000AF234B3C461D460FCD0FC40FCD0FC495E8070084E807000023FB62FB6A0A2BFF
S32D0000F46030DC1C4BD3F8A020FB6A9B0030333B4453F8303C012101FA03F31340002B14BF01230023DBB2002B84
S32D0000F48818D0FB6A0E33124A52F823200132104941F823200D4BD3F8A020FB6A9B0030333B4453F8303C012139
S32D0000F4B001FA03F307491340C1F8A030FB6A0133FB62CBE700BF3437BD46B0BC704700BFD0A80100009004400D
S32D0000F4D85C190020B0B487B000AF214B3C461D460FCD0FC42B68236000237B617B69042B30DC1C4BD3F8A02001
S32D0000F5007B699B0018333B4453F8183C012101FA03F31340002B14BF01230023DBB2002B18D07B691933124A1E
S32D0000F52852F823200132104941F823200D4BD3F8A0207B699B0018333B4453F8183C012101FA03F3074913409F
S32D0000F550C1F8A0307B6901337B61CBE700BF1C37BD46B0BC704700BFFCA8010000D004405C19002080B483B0B2
S32D0000F57800AF78607B681B781A46044B53F8223018460C37BD4680BC704700BF5C19002080B483B000AF786043
S32D0000F5A07B681B781946044B002243F8212000BF0C37BD4680BC70475C19002080B483B000AF78600B46FB7044
S32D0000F5C87B68FA781A707B6818460C37BD4680BC704700000000000080B586B000AF78607B681B781A463E4B6B
S32D0000F5F053F822303B617B681B781A463B4B9B5CFB733B69DBB203F01F03DAB2384B1A723B69DBB203F01F03CC
S32D0000F618DAB2354B5A72354B1022C3F88820FB7B002B13D13049324800F05AFA304B1B6803F08003802B14BF29
S32D0000F64001230023DBB2002B00D0F3E72A4B1B697B6112E02649294800F046FA274B1B6803F08003802B14BF33
S32D0000F66801230023DBB2002B00D0F3E7214B1B697B611E4BD3F888311C4A43F01003C2F888311A4B9B68194A28
S32D0000F69043F0100393607B699BB2184603F0FAFD0DA3D3E9002303F06FFE02460B46104619460BA3D3E90023D0
S32D0000F6B803F090FF02460B461046194604F042F90346BB60BB6818461837BD4680BD00BFA4703D0AD7A30A40D3
S32D0000F6E000000000E0FFEF4014A8010070A701003C19002000E100E000B0034000B00B4080B586B000AF786003
S32D0000F7087B681B781A46234B53F822303B617B681B781A46204B9B5CFB733B69DBB203F01F03DAB21D4B1A72EA
S32D0000F7303B69DBB203F01F03DAB21A4B5A72FB7B002B13D11749184800F0CEF9164B1B6803F08003802B14BFD4
S32D0000F75801230023DBB2002B00D0F3E7104B1B697B6112E00D490F4800F0BAF90D4B1B6803F08003802B14BF0E
S32D0000F78001230023DBB2002B00D0F3E7074B1B697B617B6918461837BD4680BD14A8010070A701004C190020D5
S32D0000F7A800B0034000B00B4098B500AF204B5C221A701F4B10225A701D4B41F234225A801B4B45F278629A8014
S32D0000F7D0194B10229A71184B0722DA71164B4FF4C022DA60144B1F221A72134B1F225A721149124800F078F927
S32D0000F7F80F49114800F074F90F4800F0D2F80D4800F0CFF80A490C4800F06AF90849094800F066F9094A064B29
S32D0000F82014460FCB84E80F00064B5C221A70054B0422DA7100BF98BD3C19002000B0034000B00B404C190020F5
S32D0000F84880B500AF064B1B680133054A136000F03DF8044B0122C3F80C2100BF80BD00BFE019002000700340DE
S32D0000F87080B500AF0C4B01221A600C4800F01AF8094B0322C3F80821094BD3F88831084A43F01003C2F88831FC
S32D0000F898054B9B68044A43F01003936000BF80BD00700340A086010000E100E080B483B000AF7860044A7B68B2
S32D0000F8C0C2F8003100BF0C37BD4680BC704700BF0070034080B584B000AF174B1B68FB60FB68002B24D0FB6888
S32D0000F8E85B78FB71FB689B68184600F023F80346BB71BB79002B13D0FB685B68012B0FDDFB689B681B69BB60EA
S32D0000F910BB68002B08D0BB685B685A1CBB685A60BB681B69BB60F3E7FB68DB68FB60D7E700BF1037BD4680BDC9
S32D0000F938DC19002080B584B000AF78607868FFF7DBFEF8607B689B695B78FB72FB7A002B0FD17B68DB68FA6866
S32D0000F9609A420ADD7B689B6901225A707B685B685A1C7B685A60012313E0FB7A012B0FD17B689B68FA689A426D
S32D0000F9880ADA7B689B6900225A707B685B685A1C7B685A60012300E0002318461037BD4680BD80B485B000AFBD
S32D0000F9B078607B681B6A23F040027B681A627B685B6A23F00B027B685A627B685B6A43F007027B685A627B6868
S32D0000F9D85B6A43F080027B685A627B681B6803F08003002B0CBF01230023DBB2002B00D0F3E77B685B6A03F0D2
S32D0000FA004003402B0CBF01230023DBB2002B01D0012364E00023FB817B68DB6CFB817B689B6C9AB2FB891344D1
S32D0000FA28FB817B685B6C9AB2FB891344FB817B681B6C9AB2FB891344FB817B68DB6B9AB2FB891344FB817B682B
S32D0000FA509B6B9AB2FB891344FB81FB895B08FB81FB896FEA43436FEA5343FB81FA897B68DA620023FB817B688A
S32D0000FA78DB6EFB817B689B6E9AB2FB891344FB817B685B6E9AB2FB891344FB817B681B6E9AB2FB891344FB81AE
S32D0000FAA07B68DB6D9AB2FB891344FB817B689B6D9AB2FB891344FB81FB895B08FB81FB896FEA43436FEA534327
S32D0000FAC8FB81FA897B681A637B685B6A23F080027B685A62002318461437BD4680BC704780B483B000AF786025
S32D0000FAF039603B681B781A467B689A603B685B781A467B68DA603B685B881A467B689A613B689B881A467B681C
S32D0000FB18DA613B689B791A467B681A623B68DB791A467B685A623B68DA687B681A653B681B7A1A467B681A60DC
S32D0000FB403B685B7A1A467B685A6000BF0C37BD4680BC704780B483B000AF78607B6818460C37BD4680BC7047C2
S32D0000FB6880B582B000AF786039607B68012B07D13B684FF6FF72934202D10348FFF7E6FF00BF0837BD4680BD9C
S32D0000FB90E419002080B500AF4FF6FF710120FFF7E3FF80BD80B582B000AF7860B84B4FF48072DA60B74B4FF4B6
S32D0000FBB880729A64B54B4FF480721A64B34B4FF480725A64B14B4FF48072DA60B04B5B69AF4A43F00803536176
S32D0000FBE0AE4B5B69AD4A43F480235361AB4B5B69AA4A43F480335361A84B5B69A74A43F400335361A54B1B6830
S32D0000FC08A44A43F008031360A24B5B69A14A43F0080353619E4B1B689D4A43F0080313609A4B4FF480725A62C7
S32D0000FC30984B4FF480721A62954B4FF480721A61934B4FF480725A61914B4FF480729A618F4B4FF48072DA615E
S32D0000FC588D4B4FF480721A638B4B4FF480725A63894B4FF480729A63874B4FF48072DA63854B4FF480721A645F
S32D0000FC80834B4FF480725A64814B4FF480729A647F4B4FF48072DA64814B4FF480721A607F4B4FF480729A60E5
S32D0000FCA87D4B4FF48072DA607B4B4FF480721A61784B5B69774A43F440735361744B5B69734A43F47F2343F04F
S32D0000FCD0F0035361734B5B69724A43F01D035361E221786800F0BEFD1D21786800F060FE0221786800F05CFED3
S32D0000FCF80421786800F058FEE021786800F0AEFD0121786800F050FE6420FFF729F9E021786800F0A3FD0321A6
S32D0000FD20786800F045FE0121786800F09BFD0120FFF71AF9E621786800F094FD0121786800F036FEA0217868BF
S32D0000FD4800F032FEFF21786800F02EFEB021786800F084FD1C21786800F026FE0F21786800F022FE01217868DC
S32D0000FD7000F01EFE3F21786800F01AFE0021786800F016FEEF21786800F012FE0021786800F00EFEB42178686A
S32D0000FD9800F064FD0121786800F006FE9921786800F002FE0021786800F0FEFD4521786800F0FAFD0221786850
S32D0000FDC000F0F6FD0021786800F0F2FD0021786800F0EEFD0021786800F0EAFDB621786800F040FD01217868B8
S32D0000FDE800F0E2FD0921786800F0DEFD0021786800F0DAFD0E21786800F0D6FD0221786800F0D2FD00217868EC
S32D0000FE1000F0CEFD0021786800F0CAFDBA21786800F020FD0F21786800F0C2FD6420FFF79BF83A21786800F092
S32D0000FE3815FD6021786800F0B7FD2A21786800F00DFD0021786800F0AFFD0021786800F0ABFD0121786800F038
S32D0000FE60A7FD3F21786800F0A3FD2B21786800F0F9FC0021786800F09BFD0021786800F097FD0021786800F0F0
S32D0000FE8893FDEF2178680BE000B0044000A0044080F00F4040F00F4000C00440C0F00F4000F082FD3621786822
S32D0000FEB000F0D8FC0021786800F07AFDF021786800F0D0FC0421786800F072FDB821786800F0C8FC0F2178686A
S32D0000FED800F06AFD0121786800F066FD314B1B68304A43F0080313606420FFF739F83621786800F0B3FC002184
S32D0000FF00786800F055FDF021786800F0ABFC0421786800F04DFD0121786800F0BCF91E226F21786800F082F829
S32D0000FF28AF225621786800F0DBF80021786800F00AFA012301221C49786800F02BFA2921786800F08BFC642005
S32D0000FF50FFF70AF8BE21786800F084FC0E21786800F026FDF021786800F022FD0121786800F01EFD002178682C
S32D0000FF7800F01AFD0021786800F016FD0F21786800F012FD786800F028FA0121786800F0DAF90021786800F099
S32D0000FFA0AFF900BF0837BD4680BD00BF40F00F4010A9010080B582B000AF78607B680022DA617B6801221A62A5
S32D0000FFC87B680E225A607B681A229A607B6800225A617B6800229A617B684FF4A072DA607B68F0221A617B68A0
S32D0000FFF000221A70786801F00FFA7B6818460837BD4680BD80B582B000AF7860064B1B78002B05D1044B012258
S32D000100181A707868FFF7C2FD00BF0837BD4680BD2C1A002080B58AB002AFF860B9607A607E23009362237A68F0
S32D00010040B968F86800F0A3FE40F24E733B610023FB61FA693B699A4240DA0023BB61214AFB6913441B781A461C
S32D00010068BB69934232DAFB6901331C4AD35C002B06D1FF23FB75FF23BB75FF237B7512E0FB690133154AD35C27
S32D00010090012B06D1D423FB750023BB7526237B7505E0B523FB75BA23BB75B0237B757B7DBA7DF97DF86800F059
S32D000100B8C9F80246FB68DA61F86801F0A9F9F86801F0E2F8BB690133BB61C4E7FB690233FB61BAE700BF203789
S32D000100E0BD4680BD0400002080B58AB002AFF860B9607A602723009395237A68B968F86800F045FE40F2E633AC
S32D000101083B610023FB61FA693B699A4240DA0023BB61214AFB6913441B781A46BB69934232DAFB6901331C4A55
S32D00010130D35C002B06D1FF23FB75FF23BB75FF237B7512E0FB690133154AD35C012B06D10023FB750023BB7578
S32D0001015800237B7505E0D423FB750023BB7526237B757B7DBA7DF97DF86800F06BF80246FB68DA61F86801F0FE
S32D000101804BF9F86801F084F8BB690133BB61C4E7FB690233FB61BAE700BF2037BD4680BD5407002080B485B050
S32D000101A800AF78600B46FB70FB78062B29D801A252F823F0E1010100D9010100E7010100EF010100F7010100AF
S32D000101D0FD010100050201006FF07F43FB6014E00023FB6011E04FF47F03FB600DE04FF47F43FB6009E0FF23A2
S32D000101F8FB6006E04FF41903FB6002E0044BFB6000BFFB6818461437BD4680BC704700BF9999990080B584B09D
S32D0001022000AF786039603B681B0CFB733B681B0ABB733B687B737B7BBA7BF97B786800F005F803461846103776
S32D00010248BD4680BD80B487B000AF7860084611461A460346FB700B46BB7013467B70FB789B08DBB27B61BB782A
S32D000102709B08DBB23B617B789B08DBB2FB607B691A033B699B011A43FB68134318461C37BD4680BC704780B5E2
S32D0001029882B000AF78600B46FB70FB7819467868FFF77CFF03461946786800F004F800BF0837BD4680BD80B5B8
S32D000102C082B000AF7860396039687868FFF7A6FF02467B681A62786801F09EF8786800F0FFFB00BF0837BD46C8
S32D000102E880BD80B582B000AF7860786800F0F4FB00BF0837BD4680BD80B582B000AF78600B46FB70FB78194643
S32D000103107868FFF747FF03461946786800F004F800BF0837BD4680BD80B582B000AF7860396039687868FFF7F2
S32D0001033871FF02467B681A62786801F069F800BF0837BD4680BD80B582B000AF78600B46FB70FB7819467868B3
S32D00010360FFF720FF03461946786800F004F800BF0837BD4680BD80B582B000AF7860396039687868FFF74AFF60
S32D0001038802467B68DA61786801F042F800BF0837BD4680BD80B586B000AFF860B9607A603B6000237B617B69B4
S32D000103B0BA6813441B78002B0FD07B69BA6813441B783A687968F86800F020FE7B680C337B607B6901337B6136
S32D000103D8E9E700BF1837BD4680BD80B582B000AF7860FDF7DDF867210120FDF748F800210220FDF744F8A02110
S32D000104000320FDF740F850210420FDF73CF820210520FDF738F820210620FDF734F877210720FDF730F80021B4
S32D000104280820FDF72CF800210920FDF728F800210A20FDF724F804210B20FDF720F87B684FF0FF32DA637B68DD
S32D000104504FF0FF321A6400BF0837BD4680BD000080B586B000AFF860B9607A600020FDF72CF80346FB75FB7D83
S32D0001047803F00203002B00F0CE80FDF73FF8E020FCF7F0FF0220FEF76BFDFDF745F80120FEF766FDFDF732F8A0
S32D000104A0A520FCF7E3FF0120FEF75EFDFDF705F803469BB21B02BB82FCF7FFFF03469AB2BB8A1343BB82FCF7F0
S32D000104C8F8FF03469BB21B027B82FCF7F2FF03469AB27B8A13437B82BB8A1B09BB827B8A1B097B82FDF718F8BD
S32D000104F0FB68DB6BB3F1FF3F34D1FB681B6CB3F1FF3F2FD1BA8AFB68DA637A8AFB681A647B8AC3F57F630F33D7
S32D000105187B82BB8A184602F0C9FE49A3D3E9002302F02EFF02460B461046194603F00AFA0246BB681A607B8A42
S32D00010540184602F0B7FE42A3D3E9002302F01CFF02460B461046194603F0F8F902467B681A605AE0FB68DA6BFD
S32D00010568BB8AD31A1946F86800F074F80346632B0CDCFB681A6C7B8AD31A1946F86800F069F80346632B01DCB9
S32D00010590012300E00023002B2FD0BA8AFB68DA637A8AFB681A647B8AC3F57F630F337B82BB8A184602F07EFE33
S32D000105B823A3D3E9002302F0E3FE02460B461046194603F0BFF90246BB681A607B8A184602F06CFE1CA3D3E984
S32D000105E0002302F0D1FE02460B461046194603F0ADF902467B681A600FE0BB68164A1A607B68154A1A60FB6871
S32D000106084FF0FF32DA63FB684FF0FF321A64002310E001230EE0BB680D4A1A607B680C4A1A60FB684FF0FF3226
S32D00010630DA63FB684FF0FF321A64002318461837BD4680BDAFF30080144001144001B43F1EE0011EE001AE3F53
S32D00010658000080BF80B483B000AF786039603B68002B02DA3B685B423B603B6818460C37BD4680BC704780B5B9
S32D0001068084B000AF786039600023FB60786800F0EAFAFB683A6813441B78002B12D07B6859697B689869FB68DD
S32D000106A83A6813441B780246786800F091FC786800F0E9FAFB680133FB60E6E700BF1037BD4680BD80B590B0C5
S32D000106D000AF7860396007F10C033A680649184604F0E6FC07F10C0319467868FFF7C7FF00BF4037BD4680BD37
S32D000106F81CA9010080B592B000AF786039604FF00001386803F02EFC0346002B1FD0386803F03CFC03467B6423
S32D00010720786C03F01DFA03461946386803F062F903461F49184603F067FA0346184603F029FC03463B6407F124
S32D000107480C003B6C7A6C194904F0AEFC22E03B6883F000433B60386803F018FC03467B64786C03F0F9F9034612
S32D000107701946386803F03EF903460D49184603F043FA0346184603F005FC03463B6407F10C003B6C7A6C08499F
S32D0001079804F08AFC07F10C0319467868FFF76BFF00BF4837BD4680BD00007A442CA9010020A9010080B582B0CF
S32D000107C000AF78600B46FB70786800F04CFA7B6859697B689A69FB78786800F0FDFB786800F055FA00BF0837CE
S32D000107E8BD4680BD80B582B000AF78603960786800F035FA39687868FFF73DFF786800F019FA00BF0837BD4685
S32D0001081080BD80B582B000AF78603960786800F022FA39687868FFF769FF786800F006FA00BF0837BD4680BD1C
S32D0001083880B582B000AF78600B46FB70786800F00EFAFB7819467868FFF7B4FF786800F0F1F900BF0837BD46F9
S32D0001086080BD000080B483B000AF78600B46FB704D4B1B684C4A23F0080313604B4B1B684A4A23F48023136066
S32D00010888484B1B68474A43F480331360454B1B68444A23F440731360414B1B68404A23F4435323F03003136060
S32D000108B03E4B1A68FB785B0203F400733B4913430B603A4B1A68FB785B101B0203F48073364913430B60344BE4
S32D000108D81A68FB789B101B0103F01003304913430B602F4B1A68FB78DB105B0103F020032B4913430B602A4B7F
S32D000109001A68FB781B119B0103F04003264913430B60254B1A68FB785B11DB01DBB2224913430B60204B1A6852
S32D00010928FB789B111B0303F480531D4913430B601B4B1A6897F90330DB115BB25B0303F40053174913430B6005
S32D00010950164B1B68154A23F400331360134B1B68124A43F4003313600F4B1B680E4A43F0080313600D4B1B689D
S32D000109780C4A43F440731360094B1B68084A43F4435343F030031360064B1B68054A43F48023136000BF0C375C
S32D000109A0BD4680BC704700BF80F00F4040F00F4080B483B000AF78600B46FB70464B1B68454A23F00803136057
S32D000109C8444B1B68434A43F480331360414B1B68404A43F4802313603E4B1B683D4A23F4407313603A4B1B6846
S32D000109F0394A23F4435323F030031360374B1A68FB785B0203F40073344913430B60334B1A68FB785B101B0278
S32D00010A1803F480732F4913430B602D4B1A68FB789B101B0103F01003294913430B60284B1A68FB78DB105B0170
S32D00010A4003F02003244913430B60234B1A68FB781B119B0103F040031F4913430B601E4B1A68FB785B11DB0113
S32D00010A68DBB21B4913430B60194B1A68FB789B111B0303F48053164913430B60144B1A6897F90330DB115BB203
S32D00010A905B0303F40053104913430B600F4B1B680E4A23F4003313600C4B1B680B4A43F400331360084B1B68A1
S32D00010AB8074A43F008031360064B1B68054A23F48023136000BF0C37BD4680BC704700BF80F00F4040F00F40C8
S32D00010AE080B586B000AF78607B6800225A617B6800229A617B681B6AFB60FB68FB72FB681B0ABB72FB681B0C63
S32D00010B08DBB203F003037B722A217868FFF7A6FE00217868FFF748FF00217868FFF744FF01217868FFF740FFD7
S32D00010B303F217868FFF73CFF2B217868FFF792FE00217868FFF734FF00217868FFF730FF00217868FFF72CFF01
S32D00010B58EF217868FFF728FF2C217868FFF77EFE314B1B68304A23F4407313602F4B1B682E4A23F47F2323F0CB
S32D00010B80F00313602C4B1B682B4A23F01D031360274B1A687B681B6B254913430B60254B1A687B685B6B234938
S32D00010BA813430B60224B1A687B689B6B204913430B601E4B1B681D4A23F0080313601A4B1B68194A43F4802352
S32D00010BD0136000237B617B69EF2B19D800233B613B69B3F5A07F0FD2114B1B68104A23F4003313600E4B1B68B8
S32D00010BF80D4A43F4003313603B6901333B61EBE77B6901337B61E2E7084B1B68074A43F008031360044B1B68ED
S32D00010C20034A23F48023136000BF1837BD4680BD40F00F4080F00F40C0F00F4080B483B000AF78607B689B69CB
S32D00010C48002B07DD7B685B695A1C7B685A617B6800229A6100BF0C37BD4680BC704780B582B000AF78607B68EA
S32D00010C705A697B685B689A4205DB7B6800225A617868FFF72DFF00BF0837BD4680BD80B582B000AF78607B685F
S32D00010C989B695A1C7B689A617B689A697B689B689A4205D17868FFF7C5FF7868FFF7D7FF00BF0837BD4680BDD3
S32D00010CC080B586B002AFF860B9607A600123009301237A68B968F86800F059F8F86800F0D7FA00BF1037BD46F5
S32D00010CE880BD80B485B000AF786039607B681B68FB603B681A687B681A603B68FA681A6000BF1437BD4680BC0C
S32D00010D10704780B586B002AFF860B9607A603B60BA683B681A447B68009313467A68B968F86800F0ABF8BA68F1
S32D00010D383B68D118BA683B68D0187A68BB691344009303467A68F86800F09CF8BA683B68D1187A68BB69D018B8
S32D00010D607A68BB6913440093BB680246F86800F08DF87A68BB691A447B680093BB68B968F86800F083F800BF8C
S32D00010D881037BD4680BD80B588B000AFF860B9607A603B60FB681B78022B03D0FB681B78032B11D17B68FB6178
S32D00010DB0BA6AFB691344013BBB61FB68DA68BB68D31A3B613B683A69D31A01337B610DE0BB68FB613A68FB69D7
S32D00010DD81344013BBB617B687B61BA6A7B691344013B3B612A21F868FFF738FDFB691B0ADBB203F00F03DBB2C9
S32D00010E001946F868FFF7D4FDFB69DBB21946F868FFF7CEFDBB691B0ADBB203F00F03DBB21946F868FFF7C4FDEE
S32D00010E28BB69DBB21946F868FFF7BEFD2B21F868FFF714FD7B691B0ADBB203F00F03DBB21946F868FFF7B0FD3D
S32D00010E507B69DBB21946F868FFF7AAFD3B691B0ADBB203F00F03DBB21946F868FFF7A0FD3B69DBB21946F8687C
S32D00010E78FFF79AFD2C21F868FFF7F0FC00BF2037BD4680BD90B58BB000AFF860B9607A603B603A68BB68D31A12
S32D00010EA01946F868FFF7DAFBF861BA6B7B68D31A1946F868FFF7D2FBB861BA69FB699A42CCBF01230023FB750B
S32D00010EC8FB7D002B0CD03A1D07F1080311461846FFF707FF3B4607F138011846FFF701FFBA683B689A420CDDE1
S32D00010EF03A4607F1080311461846FFF7F6FE3B1D07F138011846FFF7F0FE3A68BB689A4206D1BB687A6819460A
S32D00010F18F868FFF7D1FE55E0BA6B7B68D31A184602F01AFE04463A68BB68D31A184602F013FE03461946204688
S32D00010F4002F016FF03463B617B68184602F008FE03467B62BB683B623B683A6A9A4235DCFB7D002B14D0786ADA
S32D00010F6802F0B6F94FF00002184B02F053F802460B461046194602F09DFC03463A6A1946F868FFF799FE13E0D3
S32D00010F90786A02F0A1F94FF000020E4B02F03EF802460B461046194602F088FC03461A46396AF868FFF784FE1A
S32D00010FB83969786A02F01CFD03467B623B6A01333B62C5E72C37BD4690BD00BF0000E03F80B584B000AFF86032
S32D00010FE0B9607A60FB707A6813465B0013449B00991CBA6813461B011344DA1CFB78F86800F004F800BF10379E
S32D00011008BD4680BD80B58EB002AFF860B9607A60FB70FB780A2B06D1F868FFF720FEF868FFF708FEF2E0FB780B
S32D000110307D2B02D8FB781F2B01D82023FB70FB78203BFB70112300930C237A68B968F868FFF79DFEFA781346DD
S32D000110589B0013446F4AD35C3B75FA7813469B00134401336B4AD35C7B75FA7813469B0013440233674AD35C48
S32D00011080BB75FA7813469B0013440333634AD35CFB75FA7813469B00134404335F4AD35C3B760023BB62BB6AF0
S32D000110A8062B00F3A180F86800F050F9F86800F0B3F8002387F82F3000237B627B6A042B35DC07F114027B6A27
S32D000110D013441B7803F00103002B14BF01230023FB76FB7E002B11D097F82F3083F00103DBB2002B03D0F86885
S32D000110F800F0CAF802E0F86800F08EF8F86800F08BF80DE097F82F30002B03D0F86800F01DF902E0F86800F01B
S32D000111207FF8F86800F07CF8FB7E87F82F307B6A01337B62C6E797F82F30002B03D0F86800F008F902E0F868EC
S32D0001114800F06AF8F86800F067F8002387F82F3000233B623B6A042B42DC07F114023B6A13441B7803F0010330
S32D00011170002B14BF01230023BB76BB7E002B11D097F82F3083F00103DBB2002B03D0F86800F07EF802E0F8689D
S32D0001119800F042F8F86800F03FF80DE097F82F30002B03D0F86800F0D1F802E0F86800F033F8F86800F030F8B0
S32D000111C0BB7E87F82F3007F114023B6A13441B785B08D9B207F114023B6A13440A461A703B6A01333B62B9E764
S32D000111E8BB6A0133BB625AE7F86800F0AFF8002387F82F300123FB61FB69232B06DCF86800F00AF8FB6901332B
S32D00011210FB61F5E73037BD4680BD00BF3C0B002080B483B000AF7860174B1B68164A43F480331360154B1B6837
S32D00011238144A23F008031360114B1B68104A43F4802313600E4B1B680D4A23F4003313600B4B1B680A4A43F4BE
S32D0001126000331360094B1B68084A43F008031360054B1B68044A23F48023136000BF0C37BD4680BC704700BFDA
S32D0001128840F00F4080F00F4080B483B000AF78602B4B1B682A4A43F480331360294B1B68284A23F00803136047
S32D000112B0254B1B68244A43F480231360224B1B68214A23F440731360204B1B681F4A23F47F2323F0F003136040
S32D000112D81D4B1B681C4A23F01D031360184B1A687B685B6A164913430B60164B1A687B689B6A144913430B605A
S32D00011300134B1A687B68DB6A114913430B600E4B1B680D4A23F4003313600B4B1B680A4A43F400331360094B4D
S32D000113281B68084A43F008031360054B1B68044A23F48023136000BF0C37BD4680BC704740F00F4080F00F408C
S32D00011350C0F00F4080B483B000AF78602B4B1B682A4A43F480331360294B1B68284A23F008031360254B1B68CA
S32D00011378244A43F480231360224B1B68214A23F440731360204B1B681F4A23F47F2323F0F00313601D4B1B687F
S32D000113A01C4A23F01D031360184B1A687B681B6B164913430B60164B1A687B685B6B144913430B60134B1A681A
S32D000113C87B689B6B114913430B600E4B1B680D4A23F4003313600B4B1B680A4A43F400331360094B1B68084ACF
S32D000113F043F008031360054B1B68044A23F48023136000BF0C37BD4680BC704740F00F4080F00F40C0F00F409A
S32D0001141880B485B000AF78607B681B6AFB60FB68FB72FB681B0ABB72FB681B0CDBB203F003037B727B6800226B
S32D000114405A627B6800229A627B680022DA627B6800221A637B6800225A637B6800229A637B681A6BFB7A5B02FF
S32D0001146803F400731A437B681A637B681A6BFB7A5B101B0203F480731A437B681A637B685A6BFB7A9B101B013E
S32D0001149003F010031A437B685A637B685A6BFB7ADB105B0103F020031A437B685A637B685A6BFB7A1B119B01CE
S32D000114B803F040031A437B685A637B685A6BFB7A5B11DB01DBB21A437B685A637B685A6BFB7A9B111B0303F405
S32D000114E080531A437B685A637B685A6B97F90B30DB115BB25B0303F400531A437B685A637B685A6BBB7A9B0381
S32D0001150803F480431A437B685A637B685A6BBB7A5B10DB039BB21A437B685A637B685A6BBB7A9B101B0403F4EF
S32D0001153080331A437B685A637B685A6BBB7ADB105B0403F400331A437B685A637B685A6BBB7A1B119B0403F4EF
S32D0001155880231A437B685A637B685A6BBB7A5B11DB0403F400231A437B685A637B689A6BBB7A9B1103F00103C5
S32D000115801A437B689A637B689A6B97F90A30DB115BB29B0003F004031A437B689A637B689A6B7B7ADB0003F0D7
S32D000115A808031A437B689A637B689A6B7B7A5B101B0103F010031A437B689A637B68DB69FB60FB68FB72FB6870
S32D000115D01B0ABB72FB681B0CDBB203F003037B727B685A6AFB7A5B0203F400731A437B685A627B685A6AFB7AA2
S32D000115F85B101B0203F480731A437B685A627B689A6AFB7A9B101B0103F010031A437B689A627B689A6AFB7A95
S32D00011620DB105B0103F020031A437B689A627B689A6AFB7A1B119B0103F040031A437B689A627B689A6AFB7A10
S32D000116485B11DB01DBB21A437B689A627B689A6AFB7A9B111B0303F480531A437B689A627B689A6A97F90B3084
S32D00011670DB115BB25B0303F400531A437B689A627B689A6ABB7A9B0303F480431A437B689A627B689A6ABB7AA2
S32D000116985B10DB039BB21A437B689A627B689A6ABB7A9B101B0403F480331A437B689A627B689A6ABB7ADB107E
S32D000116C05B0403F400331A437B689A627B689A6ABB7A1B119B0403F480231A437B689A627B689A6ABB7A5B11F1
S32D000116E8DB0403F400231A437B689A627B68DA6ABB7A9B1103F001031A437B68DA627B68DA6A97F90A30DB1146
S32D000117105BB29B0003F004031A437B68DA627B68DA6A7B7ADB0003F008031A437B68DA627B68DA6A7B7A5B1094
S32D000117381B0103F010031A437B68DA6200BF1437BD4680BC704780B483B000AF78607B6818460C37BD4680BC33
S32D00011760704780B584B000AFF860B9607A603B60FB682033B968184603F0BAFCFB687A681A60FB683A689A6009
S32D00011788FB68BA691A61FB68FA695A61FB681A68FB681B691A44FB685A60FB689A68FB685B691A44FB68DA60E2
S32D000117B0FB683A6A9A61FB687A6ADA61FB680022C3F8E82000BF1037BD4680BDF0B585B002AF78607B689B69AE
S32D000117D819461F48FEF7CBFD7B6819687B689A687B6818697B685B69009303461848FFF78CFA7B68DB691946CD
S32D000118001548FEF7B8FD7B6803F120047B681B681D467B681B691E467B682033184603F0CFFC024613465B00D5
S32D0001182813449B00F31A5B082B4418467B689A687B685B69113BD90F0B445B101344024621460348FEF7A6FDFF
S32D0001185000BF0C37BD46F0BDE819002080B584B002AF78607B689B6919461F48FEF783FD7B681B68591C7B68C4
S32D000118789B685A1C7B681B69981E7B685B69023B009303461648FFF740FA7B681B68991C7B689B689A1C7B68C3
S32D000118A01B69181F7B685B69043B009303460E48FFF72FFA7B681B68D91C7B689B68DA1C7B681B69981F7B68EF
S32D000118C85B69063B009303460548FFF71EFA7B680122C3F8E82000BF0837BD4680BD00BFE819002080B584B065
S32D000118F002AF786000211F48FEF73DFD7B681B68D91C7B689B68DA1C7B681B69981F7B685B69063B0093034670
S32D000119181648FFF7FAF97B681B68991C7B689B689A1C7B681B69181F7B685B69043B009303460E48FFF7E9F914
S32D000119407B681B68591C7B689B685A1C7B681B69981E7B685B69023B009303460548FFF7D8F97B680022C3F890
S32D00011968E82000BF0837BD4680BD00BFE819002080B584B000AFF860B9607A603B60FB681B68184602F0E8F816
S32D000119900246BB681946104602F0DEFA0346002B00F08180FB685B68184602F0D9F80246BB681946104602F080
S32D000119B8D9FA0346002B72D0FB689B68184602F0CBF802467B681946104602F0C1FA0346002B64D0FB68DB6823
S32D000119E0184602F0BDF802467B681946104602F0BDFA0346002B56D03A1D07F1080319462B48FEF72DFDFB6802
S32D00011A081B68184602F0A8F80246BB681946104602F09EFA0346002B3FD0FB685B68184602F09AF80246BB689C
S32D00011A301946104602F09AFA0346002B31D0FB689B68184602F08CF802467B681946104602F082FA0346002BDB
S32D00011A5823D0FB68DB68184602F07EF802467B681946104602F07EFA0346002B15D03B68002B10D1FB68D3F880
S32D00011A80E830002B03D1F868FFF7E8FE07E0FB68D3F8E830002B02D0F868FFF727FF012302E0002300E0002312
S32D00011AA818461037BD4680BDE819002080B586B000AFF860B9607A60BB687B617B683B6179693A690123F8681D
S32D00011AD0FFF752FF0346002B14BF01230023DBB2002B08D007F1100207F1140319460448FEF7B6FCE8E700BF89
S32D00011AF81837BD4680BD00BFE8190020B0B592B004AFF860B9607A603B60FB6C7B633B683B63F86C01F0CAFB70
S32D00011B2002460B464FF000004E4901F075FA02460B4614461D46386D01F0BCFB02460B462046294601F068FA63
S32D00011B4802460B461046194601F0FCFE03463B62386801F0ABFB02460B464FF00000404901F056FA02460B46DD
S32D00011B7014461D46B86C01F09DFB02460B462046294601F049FA02460B461046194601F0DDFE0346FB6178689B
S32D00011B9801F0E2FF03461946386A02F0E5F80346184602F0F3F90346BB61B86801F0D4FF03461946F86902F06A
S32D00011BC0D7F80346184602F0E5F903467B6100237B620123BB62BA6ABB689A423DDC0123FB62FA6A7B689A426A
S32D00011BE82DDC7B6AEC2202FB03F3FA68D0187A6A13469B0013449B001A467B6D9918FB6D0393BB6D02937B6933
S32D00011C100193BB6900933B6B7A6BFFF7A2FD7B6AEC2202FB03F3FA6813441846FFF7CEFD7B6A01337B627A6BA1
S32D00011C38BB6913447B63FB6A0133FB62CDE73A6B7B6913443B63FB6C7B63BB6A0133BB62BDE700BF3837BD466C
S32D00011C60B0BD00BF0000744000006E4080B582B000AF786039607B68012B07D13B684FF6FF72934202D103480D
S32D00011C88FEF794F900BF0837BD4680BDE819002080B500AF4FF6FF710120FFF7E3FF80BD80B582B000AF78608F
S32D00011CB0164B03F580535B6B144A43F0400302F580525363124B4FF400725A62104B4FF400721A620F4B1422D6
S32D00011CD85A700E4B1B7ADBB20C4A43F00103DBB213720A4B80229A7002212B20FBF750FB3D212A20FBF74CFB6C
S32D00011D007B6818460837BD4680BD00BF0070044000C004400060064080B582B000AF786039607B68012B07D169
S32D00011D283B684FF6FF72934202D10348FFF7B8FF00BF0837BD4680BD301A002080B500AF4FF6FF710120FFF73B
S32D00011D50E3FF80BD0000000080B582B000AF78607B681846FDF73CFC03460F49184601F04BFF0346184601F018
S32D00011D78AFFA09A3D3E9002301F02CFC02460B461046194601F0DEFD034618460837BD4680BD00BFAFF30080CE
S32D00011DA00000000000A0694000404A4480B582B000AF78600B46FB707B68FA7811461846FDF7FCFB7B6818461D
S32D00011DC80837BD4680BD000080B582B000AF786039607B68012B08D13B684FF6FF72934203D120210348FFF77A
S32D00011DF0DDFF00BF0837BD4680BD00BF341A002080B500AF4FF6FF710120FFF7E1FF80BD80B483B000AF7860C2
S32D00011E187B6800221A707B6818460C37BD4680BC7047000080B582B000AF78607B681B7883F00103DBB2002BFF
S32D00011E4052D07B6801221A702A4B03F580535B6B284A43F4806302F580525363264B4FF400725A60244B4FF41E
S32D00011E6800729A60234B1B684FF4165219462248FBF7E6FB204BDB78DBB21F4A23F00C03DBB2D3701C4BDB7847
S32D00011E90DBB21B4A43F02003DBB2D370184BDB7ADBB2174A23F02003DBB2D372154BD3F88431144A43F4005395
S32D00011EB8C2F88431114B5B68104A43F4005353600D4BDB78DBB20C4A43F00C03DBB2D3706420FDF745F87B689E
S32D00011EE001221A70012300E0002318460837BD4680BD00BF00700440009004403019002000A0064000E100E0CB
S32D00011F0880B483B000AF78607B681B7818460C37BD4680BC7047000080B487B000AFF860B9607A60FB700023BC
S32D00011F30FB7400237B617A697B689A422BD2194B1B78002B00D1FAE7BA687B691344164A12781A70134B002250
S32D00011F581A70BA687B6913441B780D2B16D0FB7C83F00103DBB2002B0CD0BA687B6913441B78FA789A4202D12F
S32D00011F800123FB7402E07B69013B7B617B6901337B61D0E700BF7B6918461C37BD4680BC704700BF4E1A002085
S32D00011FA84F1A002080B586B000AFF860B9607A6000237B617A697B689A420BD2BA687B6913441B781946064801
S32D00011FD0FBF70DFC7B6901337B61EFE77B6918461837BD4680BD00BF00A0064080B483B000AF78603960044AD2
S32D00011FF83B68136000BF0C37BD4680BC704700BF381A002080B582B000AF3248FBF7D2FB0346FB71304AFB7989
S32D000120201370304B01221A702F4B1B78022B33D0022B4FDC002B02D0012B14D04AE0FB79FF2B44D1284B0122D1
S32D000120481A70284B00221A70264B1B785A1CD1B2244A11701946244AFB79535433E0214B1B785A1CD1B21F4A78
S32D00012070117019461E4AFB7953541C4B1B780D2B27D11C4B1B68194A1278114618489847154B02221A701CE03D
S32D00012098FB79FF2B10D1124B01221A70114B00221A70104B1B785A1CD1B20E4A117019460D4AFB79535409E00E
S32D000120C00A4B00221A70084B00221A7002E000BF00E000BF00BF0837BD4680BD00A006404F1A00204E1A00207C
S32D000120E84D1A00204C1A00203C1A0020381A002080B582B000AF78607B681846FFF784FE7B6811491846FFF79C
S32D000121106DFF7B684FF0FF325A600E4B4FF000021A600D4B4FF000021A600C4B4FF000021A600B4B00221A60FC
S32D000121380A4B00221A700A4B00221A707B6818460837BD4680BD00BF052E01005C1A0020601A0020641A0020F5
S32D00012160681A00206C1A00206D1A002080B59AB000AFF860B9607A60FB681846FFF7C4FE034683F00103DBB222
S32D00012188002B03D0FB681846FFF74CFEAD4B1B7883F00103DBB2002B00F09B83FB681846FFF740FEA74B1B78E7
S32D000121B083F00103DBB2002B00F08F83BB68002B02DA0023BB6004E0BB680B2B01DD0B23BB60FB68BA685A60C4
S32D000121D89D48FEF786F800237B6300237B66002387F8633097F86330002B69D197499648FEF741FA2B2387F804
S32D0001220020302B2387F821302B2387F82230FB6807F1200103221846FFF7C8FE7863F86807F114014F230A2281
S32D00012228FFF77AFE78667B6E012B02D93B7D4F2B42D087498448FEF7D5FA86498248FEF7D1FA40F6C410FCF751
S32D000122508BFEF86807F1140130230A22FFF760FE78667B6E012B02D93B7D4F2B24D07C497748FEF7BBFA7B49B0
S32D000122787548FEF700FA0023FB65FB6D7A6E9A420CD907F11402FB6D13441B7819466E48FEF790FAFB6D013367
S32D000122A0FB65EEE76C496A48FEF7A0FA6E496848FEF79CFA00BF06E0012387F8633002E0012387F8633091E787
S32D000122C868496148FEF7D7F90023BB65BB6D7A6E9A420CD907F11402BB6D13441B7819465948FEF767FABB6D16
S32D000122F00133BB65EEE758495548FEF777FA5C495348FEF7BCF9412387F82030542387F821304D2387F822304D
S32D00012318592387F82330FB685B68002B00DA03339B10DBB23133DBB287F82430312387F82530302387F826309B
S32D00012340FB685B685A4203F0030302F0030258BF5342DBB23033DBB287F827300D2387F82830FB6807F120013A
S32D0001236809221846FFF71EFE7863F86807F114014F230A22FFF7D0FD78667B6E012B02D93B7D4F2B04D03949AC
S32D000123902F48FEF72BFAA0E200237B657B6D7A6E9A420CD907F114027B6D13441B7819462748FEF703FA7B6DEF
S32D000123B801337B65EEE726492348FEF713FA2C492148FEF758F9412387F82030542387F82130492387F8223056
S32D000123E0442387F82330FB685B68002B00DA03339B10DBB23133DBB287F82430302387F82530302387F82630E9
S32D00012408302387F827300D2387F82830FB6807F1200109221846FFF7C5FD7863F86807F114014F230A22FFF7DC
S32D0001243077FD78667B6E012B02D93B7D4F2B1DD00C490348FEF7D2F947E200BF581A0020E819002044A9010033
S32D0001245858A901005CA9010074A901008CA9010098A90100A8A90100B0A90100C4A90100E4A9010000233B654C
S32D000124803B6D7A6E9A420CD907F114023B6D13441B781946A848FEF791F93B6D01333B65EEE7A649A448FEF74D
S32D000124A8A1F9A549A248FEF7E6F8412387F82030542387F82130442387F822304C2387F82330FB685B68002B7C
S32D000124D000DA03339B10DBB23133DBB287F82430302387F82530302387F82630FB685B685A4203F0030302F0D5
S32D000124F8030258BF5342DBB23033DBB287F827300D2387F82830FB6807F1200109221846FFF748FD7863F8682F
S32D0001252007F114014F230A22FFF7FAFC78667B6E012B02D93B7D4F2B04D082497E48FEF755F9CAE10023FB6420
S32D00012548FB6C7A6E9A420CD907F11402FB6C13441B7819467648FEF72DF9FB6C0133FB64EEE774497248FEF782
S32D000125703DF975497048FEF782F8412387F82030542387F82130442387F82230482387F82330302387F824300C
S32D00012598302387F82530302387F82630302387F827300D2387F82830FB6807F1200109221846FFF7F7FC7863CC
S32D000125C0F86807F114014F230A22FFF7A9FC78667B6E012B02D93B7D4F2B04D059495648FEF704F979E10023C3
S32D000125E8BB64BB6C7A6E9A420CD907F11402BB6C13441B7819464E48FEF7DCF8BB6C0133BB64EEE74B494A4883
S32D00012610FEF7ECF84D494848FEF731F8412387F82030542387F82130432387F82230482387F82330302387F8BE
S32D000126382430302387F82530312387F82630412387F827300D2387F82830FB6807F1200109221846FFF7A6FCF1
S32D000126607863F86807F114014F230A22FFF758FC78667B6E012B02D93B7D4F2B04D031492D48FEF7B3F828E1AF
S32D0001268800237B647B6C7A6E9A420CD907F114027B6C13441B7819462548FEF78BF87B6C01337B64EEE7234933
S32D000126B02148FEF79BF826491F48FDF7E0FF412387F82030542387F82130572387F82230522387F823300D2325
S32D000126D887F82430FB6807F1200105221846FFF761FC7863F86807F114014F230A22FFF713FC78667B6E012BCE
S32D0001270002D93B7D4F2B04D00E490B48FEF76EF8E3E000233B643B6C7A6E9A421AD907F114023B6C13441B7842
S32D0001272819460348FEF746F83B6C01333B64EEE7E819002058A90100F8A90100C4A9010010AA010028AA010095
S32D0001275040AA010062496348FEF748F862496148FDF78DFF412387F82030542387F82130432387F822304E23EE
S32D0001277887F823300D2387F82430FB6807F1200105221846FFF70EFC7863F86807F114014F230A22FFF7C0FBC5
S32D000127A078667B6E012B02D93B7D4F2B04D04F494C48FEF71BF890E00023FB63FB6B7A6E9A420CD907F11402F4
S32D000127C8FB6B13441B7819464448FDF7F3FFFB6B0133FB63EEE740494048FEF703F842493E48FDF7FFFF0023CD
S32D000127F0BB63BB6B082B15DCBB6B7A681344197807F12002BB6B13440A461A70BB6B7A6813441B781946334825
S32D00012818FDF7D0FFBB6B0133BB63E6E72E492F48FDF7E0FF0D2387F82930FB6807F120010A221846FFF7B6FB13
S32D0001284078632C492748FDF71AFFF86800F0A0FA034619462348FDF7EFFF274B01221A7005233B630023FB6259
S32D00012868F86800F09FFA0346002B0CBF01230023DBB2002B22D0FA6A3B6B9A4215DD1748FDF72FFD1B49154810
S32D00012890FDF7F5FEBB68DBB219461248FDF7CCFF17491048FDF7A2FF16490E48FDF79EFFFEE7FB6807F1200116
S32D000128B80A221846FFF776FB7863D1E710490748FDF790FF40F6B830FCF74AFB0348FDF708FD6837BD4680BDC9
S32D000128E058A90100E819002054AA0100C4A901006CAA01007CAA0100581A002094AA0100B8AA0100F0AA01002C
S32D000129082CAB010080B584B000AFF8600B467A60FB72FB7A402B0AD9FB7A4C2B07D8FB7A413B7A681946F868A0
S32D00012930FFF71CFC0CE0FB7A602B09D9FB7A6C2B06D8FB7A613B7A681946F868FFF70EFC00BF1037BD4680BDBA
S32D00012958B0B5ADF50E6D06AF07F6C803A3F6C403186007F6C803A3F6C80319600123C7F8C4380023C7F8C0381B
S32D000129800023C7F8BC3807F2BC7300241D46002C05DB2846FEF7DBFEEC35013CF7E707F6C803A3F590739A4AD8
S32D000129A81C4615460FCD0FC42B68236007F57E7303241D46002C05DB2846FEF7C4FEEC35013CF7E707F6C803D2
S32D000129D0A3F5B8638F4A18461146F0231A4601F0AFFF07F5077300241D46002C05DB2846FEF7ADFEEC35013C10
S32D000129F8F7E707F6C803A3F5D86300221A60043300221A605A609A60DA6007F1300301241D46002C05DB2846AD
S32D00012A20FEF795FEEC35013CF7E707F6C803A3F50C63794A1C4615460FCD0FC40FCD0FC495E8030084E8030027
S32D00012A48D7F8C438002B00F087810023C7F8C0380023C7F8BC3800216E48FDF72CFC0123C7F8B03807F2BC70DE
S32D00012A706FF07F4305930023049307F5F56303930123029301230193C9230093012301220121FFF737F807F560
S32D00012A987E706FF07F4305936FF07F43049307F54273039301230293012301930223009328230422D7F8B01838
S32D00012AC0FFF720F8D7F8C038002B42D107F6A80207F6AC0319465148FDF7C2FC0346002BF0D00023C7F8B838D1
S32D00012AE8D7F8B838072BE9DC07F57E72D7F8B838EC2101FB03F3D018D7F8AC18D7F8A8280023FEF735FF0346B0
S32D00012B10002B14BF01230023DBB2002B13D007F57E72D7F8B838EC2101FB03F31344D7F8AC18D7F8A828184625
S32D00012B38FEF7BCFFD7F8B8380133C7F8C038D7F8B8380133C7F8B838CAE7D7F8C038013B072B79D801A252F84E
S32D00012B6023F000BF852B0100992B0100AD2B0100C12B0100D52B0100E92B0100FD2B01003D2C0100412387F8AC
S32D00012B88B73807F50273244A07CA03C31A805BE0422387F8B73807F50273204A07CA03C31A8051E0432387F8EF
S32D00012BB0B73807F502731C4A07CA03C31A8047E0442387F8B73807F50273184A07CA03C31A803DE0452387F8FB
S32D00012BD8B73807F50273144A07CA03C31A8033E0462387F8B73807F50273104A07CA03C31A8029E0472387F807
S32D00012C00B73807F502730C4A07CA03C31A801FE00CAC010020AC010010AD0100E8190020ACAB0100B8AB01009E
S32D00012C28C4AB0100D0AB0100DCAB0100E8AB0100F4AB0100482387F8B73807F50273504A07CA03C31A8000BF01
S32D00012C5000214E48FDF733FB07F507706FF07F4305930023049307F5027303930123029301230193C92300939F
S32D00012C783C2301220121FEF741FF07F130006FF07F4305936FF07F43049307F1080303930123029301230193B1
S32D00012CA03C2300933C2302220121FEF72BFFD7F8BC38002B42D107F6A80207F6AC0319463248FDF7CDFB03461D
S32D00012CC8002BF0D00023C7F8B838D7F8B838012BE9DC07F13002D7F8B838EC2101FB03F3D018D7F8AC18D7F83E
S32D00012CF0A8280023FEF740FE0346002B14BF01230023DBB2002B13D007F13002D7F8B838EC2101FB03F3134427
S32D00012D18D7F8AC18D7F8A8281846FEF7C7FED7F8B8380133C7F8BC38D7F8B8380133C7F8B838CAE7D7F8BC3886
S32D00012D40012B04D0D7F8BC38022B04D007E00023C7F8C43803E00123C7F8C43800BF73E607F6C803A3F6C802D6
S32D00012D6897F8B71807F6C803A3F6C40312681868FFF7C8FD00BF07F6C807BD46B0BD00BF00AC0100E819002079
S32D00012D9080B483B000AF78607B685B68DBB24133DBB218460C37BD4680BC704780B584B000AF7860FCF714F96B
S32D00012DB8F860114B1B7883F00103DBB2002B09D0FCF70AF90246FB68D31AB3F57A7F01D2012300E00023002B49
S32D00012DE000D0EAE7064B1B78002B04D0044B00221A70FF2300E0002318461037BD4680BD6E1A002080B582B02C
S32D00012E0800AF78600B46FB701D4B1B78002B32D07B6801331B781A067B6802331B781B041A437B6803331B7893
S32D00012E301B0213437A680432127813431A46134B1A607B685A79124B1A707B6806331B78AA2B0CBF012300239D
S32D00012E58DAB20E4B1A700E4B01221A700B4B1B78002B08D00B4800F049F80B4B1B680A4A23F40053136000BF9D
S32D00012E800837BD4680BD00BF581A0020681A00206C1A00206D1A00206E1A0020701A0020C0F00F4080B582B0AC
S32D00012EA800AF786039607B68012B07D13B684FF6FF72934202D10348FFF71AF900BF0837BD4680BD501A0020D7
S32D00012ED080B500AF4FF6FF710120FFF7E3FF80BD80B483B000AF7860054B00221A60044B00225A607B681846BE
S32D00012EF80C37BD4680BC7047701A002080B584B000AF7860154B1B68002B21D00023FB60124B5B68FA689A42FD
S32D00012F2014DA114AFB6852F82330002B0AD00E4AFB6852F823301846FAF787FE03461A460A4B1A70FB680133E9
S32D00012F48FB60E5E7054B00225A60044B00221A60044B1B7818461037BD4680BD701A00207C1A0020781A002043
S32D00012F7080B582B000AF786039607B68012B07D13B684FF6FF72934202D10348FFF7A8FF00BF0837BD4680BD9D
S32D00012F98701A002080B500AF4FF6FF710120FFF7E3FF80BD80B483B000AF78600A4B03F580531B6B084A43F078
S32D00012FC0010302F580521363064B5B68054A43F03203536000BF0C37BD4680BC704700BF0070044000000A406C
S32D00012FE838B5084C4FF41E652846E56001F09CF9A06020B10023C0E90053606038BDE060606038BDE41A0020C2
S32D0001301081F0004102E000BF83F0004330B54FEA41044FEA430594EA050F08BF90EA020F1FBF54EA000C55EA59
S32D00013038020C7FEA645C7FEA655C00F0E2804FEA5454D4EB5555B8BF6D420CDD2C4480EA020281EA030382EAA2
S32D00013060000083EA010180EA020281EA0303362D88BF30BD11F0004F4FEA01314FF4801C4CEA113102D04042F6
S32D0001308861EB410113F0004F4FEA03334CEA133302D0524263EB430394EA050F00F0A780A4F10104D5F1200E1D
S32D000130B00DDB02FA0EFC22FA05F2801841F1000103FA0EF2801843FA05F359410EE0A5F120050EF1200E012AC0
S32D000130D803FA0EFC28BF4CF0020C43FA05F3C01851EBE37101F0004507D54FF0000EDCF1000C7EEB00006EEBFA
S32D000131000101B1F5801F1BD3B1F5001F0CD349085FEA30004FEA3C0C04F101044FEA445212F5800F80F09A8093
S32D00013128BCF1004F08BF5FEA500C50F1000041EB045141EA050130BD5FEA4C0C404141EB0101013C28BFB1F516
S32D00013150801FE9D291F0000F04BF01460020B1FA81F308BF2033A3F10B03B3F120020CDA0C3208DD02F1140C7F
S32D00013178C2F10C0201FA0CF021FA02F10CE002F11402D8BFC2F1200C01FA02F120FA0CFCDCBF41EA0C01904044
S32D000131A0E41AA2BF01EB0451294330BD6FEA04041F3C1CDA0C340EDC04F11404C4F1200220FA04F001FA02F349
S32D000131C840EA030021FA04F345EA030130BDC4F10C04C4F1200220FA02F001FA04F340EA0300294630BD21FA3B
S32D000131F004F0294630BD94F0000F83F4801306BF81F480110134013D4EE77FEA645C18BF7FEA655C29D094EAAF
S32D00013218050F08BF90EA020F05D054EA000C04BF1946104630BD91EA030F1EBF0021002030BD5FEA545C05D136
S32D000132404000494128BF41F0004130BD14F580043CBF01F5801130BD01F0004545F0FE4141F470014FF00000C4
S32D0001326830BD7FEA645C1ABF194610467FEA655C1CBF0B46024650EA013406BF52EA033591EA030F41F400216A
S32D0001329030BD00BF90F0000F04BF0021704730B54FF4806404F132044FF000054FF0000150E700BF90F0000FF9
S32D000132B804BF0021704730B54FF4806404F1320410F0004548BF40424FF000013EE700BF42004FEAE2014FEA8C
S32D000132E031014FEA02701FBF12F07F4393F07F4F81F06051704732F07F4208BF704793F07F4F04BF41F400214B
S32D00013308704730B54FF4607401F0004521F000411CE700BF50EA010208BF704730B54FF000050AE050EA01028E
S32D0001333008BF704730B511F0004502D5404261EB41014FF4806404F132045FEA915C3FF4D8AE4FF003025FEA10
S32D00013358DC0C18BF03325FEADC0C18BF033202EBDC02C2F1200300FA03FC20FA02F001FA03FE40EA0E0021FA20
S32D0001338002F11444BDE600BF70B54FF0FF0C4CF4E06C1CEA11541DBF1CEA135594EA0C0F95EA0C0F00F0DEF8C8
S32D000133A82C4481EA030621EA4C5123EA4C5350EA013518BF52EA033541F4801143F4801338D0A0FB02CE4FF0C1
S32D000133D00005E1FB02E506F00042E0FB03E54FF00006E1FB03569CF0000F18BF4EF0010EA4F1FF04B6F5007F10
S32D000133F864F5407404D25FEA4E0E6D4146EB060642EAC62141EA55514FEAC52040EA5E504FEACE2EB4F1FD0C76
S32D0001342088BFBCF5E06F1ED8BEF1004F08BF5FEA500E50F1000041EB045170BD06F0004646EA010140EA02004B
S32D0001344881EA0301B4EB5C04C2BFD4EB0C0541EA045170BD41F480114FF0000E013C00F3AB8014F1360FDEBF94
S32D00013470002001F0004170BDC4F10004203C35DA0C341BDC04F11404C4F1200500FA05F320FA04F001FA05F27A
S32D0001349840EA020001F0004221F0004110EBD37021FA04F642EB06015EEA430E08BF20EAD37070BDC4F10C042E
S32D000134C0C4F1200500FA04F320FA05F001FA04F240EA020001F0004110EBD37041F100015EEA430E08BF20EAD9
S32D000134E8D37070BDC4F1200500FA05F24EEA020E20FA04F301FA05F243EA020321FA04F001F0004121FA04F2AB
S32D0001351020EA020000EBD3705EEA430E08BF20EAD37070BD94F0000F0FD101F00046400041EB010111F4801FBC
S32D0001353808BF013CF7D041EA060195F0000F18BF704703F00046520043EB030313F4801F08BF013DF7D043EAE7
S32D000135600603704794EA0C0F0CEA135518BF95EA0C0F0CD050EA410618BF52EA4306D1D181EA030101F0004118
S32D000135884FF0000070BD50EA410606BF1046194652EA430619D094EA0C0F02D150EA013613D195EA0C0F05D10E
S32D000135B052EA03361CBF104619460AD181EA030101F0004141F0FE4141F470014FF0000070BD41F0FE4141F444
S32D000135D8780170BD70B54FF0FF0C4CF4E06C1CEA11541DBF1CEA135594EA0C0F95EA0C0F00F0A7F8A4EB050414
S32D0001360081EA030E52EA03354FEA013100F088804FEA03334FF0805545EA131343EA12634FEA022245EA11151C
S32D0001362845EA10654FEA00260EF000419D4208BF964244F1FD0404F5407402D25B084FEA3202B61A65EB030504
S32D000136505B084FEA32024FF480104FF4002CB6EB020E75EB030E22BFB61A754640EA0C005B084FEA3202B6EB04
S32D00013678020E75EB030E22BFB61A754640EA5C005B084FEA3202B6EB020E75EB030E22BFB61A754640EA9C008C
S32D000136A05B084FEA3202B6EB020E75EB030E22BFB61A754640EADC0055EA060E18D04FEA051545EA16754FEA16
S32D000136C806164FEAC30343EA52734FEAC2025FEA1C1CC0D111F4801F0BD141EA00014FF000004FF0004CB6E7A4
S32D000136F011F4801F04BF01430020B4F1FD0C88BFBCF5E06F3FF6AFAEB5EB030C04BFB6EB020C5FEA500C50F152
S32D00013718000041EB045170BD0EF0004E4EEA113114EB5C04C2BFD4EB0C0541EA045170BD41F480114FF0000E9E
S32D00013740013C90E645EA060E8DE60CEA135594EA0C0F08BF95EA0C0F3FF43BAF94EA0C0F0AD150EA01347FF426
S32D0001376834AF95EA0C0F7FF425AF104619462CE795EA0C0F06D152EA03353FF4FDAE1046194622E750EA4106A4
S32D0001379018BF52EA43067FF4C5AE50EA41047FF40DAF52EA43057FF4EBAE12E74FF0FF3C06E000BF4FF0010C26
S32D000137B802E000BF4FF0010C4DF804CD4FEA410C7FEA6C5C4FEA430C18BF7FEA6C5C1BD001B050EA410C0CBFAA
S32D000137E052EA430C91EA030F02BF90EA020F0020704710F1000F91EA030F58BF994208BF90422CBFD8176FEA24
S32D00013808E37040F0010070474FEA410C7FEA6C5C02D150EA013C07D14FEA430C7FEA6C5CD6D152EA033CD3D0FF
S32D000138305DF8040B704700BF8446104662468C461946634600E000BF01B5FFF7B7FF002848BF10F1000F01BDEF
S32D000138584DF808EDFFF7F4FF0CBF012000205DF808FB00BF4DF808EDFFF7EAFF34BF012000205DF808FB00BF97
S32D000138804DF808EDFFF7E0FF94BF012000205DF808FB00BF4DF808EDFFF7CEFF94BF012000205DF808FB00BFB7
S32D000138A84DF808EDFFF7C4FF34BF012000205DF808FB00BF4FEA410212F5001215D211D56FF47873B3EB6252B1
S32D000138D012D94FEAC12343F0004343EA505311F0004F23FA02F018BF404270474FF00000704750EA013005D1D5
S32D000138F811F0004008BF6FF0004070474FF00000704700BF4A0011D212F5001211D20DD56FF47873B3EB6252E3
S32D000139200ED44FEAC12343F0004343EA505323FA02F070474FF00000704750EA013002D14FF0FF3070474FF0D5
S32D00013948000070474FEA4102B2F1E04324BFB3F5001CDCF1FE5C0DD901F0004C4FEAC0024CEA5070B2F1004F83
S32D0001397040EB830008BF20F00100704711F0804F21D113F13872BCBF01F00040704741F480114FEA5252C2F1C2
S32D000139981802C2F1200C10FA0CF320FA02F018BF40F001004FEAC1234FEAD32303FA0CFC40EA0C0023FA02F351
S32D000139C04FEA4303CCE77FEA625307D150EA01331EBF4FF0FE4040F44000704701F0004040F0FE4040F40000EA
S32D000139E8704700BF80F0004002E000BF81F0004142001FBF5FEA410392EA030F7FEA226C7FEA236C6AD04FEA9A
S32D00013A101262D2EB1363C1BFD218414048404140B8BF5B42192B88BF704710F0004F40F4000020F07F4018BF6D
S32D00013A38404211F0004F41F4000121F07F4118BF494292EA030F3FD0A2F1010241FA03FC10EB0C00C3F12003D9
S32D00013A6001FA03F100F0004302D5494260EB4000B0F5000F13D3B0F1807F06D340084FEA310102F10102FE2A44
S32D00013A8851D2B1F1004F40EBC25008BF20F0010040EA03007047490040EB0000013A28BFB0F5000FEDD2B0FA4F
S32D00013AB080FCACF1080CB2EB0C0200FA0CF0AABF00EBC25052421843BCBFD0401843704792F0000F81F4000120
S32D00013AD806BF80F400000132013BB5E74FEA41037FEA226C18BF7FEA236C21D092EA030F04D092F0000F08BF8D
S32D00013B000846704790EA010F1CBF0020704712F07F4F04D1400028BF40F00040704712F100723CBF00F50000FD
S32D00013B28704700F0004343F0FE4040F4000070477FEA226216BF08467FEA23630146420206BF5FEA412390EAB2
S32D00013B50010F40F4800070474FF0000304E000BF10F0004348BF40425FEA000C08BF704743F0964301464FF0B5
S32D00013B7800001CE050EA010208BF70474FF000030AE000BF50EA010208BF704711F0004302D5404261EB410196
S32D00013BA05FEA010C02BF84460146002043F0B64308BFA3F18053A3F50003BCFA8CF2083AA3EBC25310DB01FABA
S32D00013BC802FC634400FA02FCC2F12002BCF1004F20FA02F243EB020008BF20F00100704702F1200201FA02FC85
S32D00013BF0C2F1200250EA4C0021FA02F243EB020008BF20EADC7070474FF0FF0C1CEAD0521EBF1CEAD15392EA43
S32D00013C180C0F93EA0C0F6FD01A4480EA010C400218BF5FEA41211ED04FF0006343EA501043EA5111A0FB013179
S32D00013C400CF00040B1F5000F3EBF490041EAD3715B0040EA010062F17F02FD2A1DD8B3F1004F40EBC25008BF42
S32D00013C6820F00100704790F0000F0CF0004C08BF49024CEA502040EA51207F3AC2BFD2F1FF0340EAC250704749
S32D00013C9040F400004FF00003013A5DDC12F1190FDCBF00F000407047C2F10002410021FA02F1C2F1200200FA9B
S32D00013CB802FC5FEA310040F1000053EA4C0308BF20EADC70704792F0000F00F0004C02BF400010F4000F013AB8
S32D00013CE0F9D040EA0C0093F0000F01F0004C02BF490011F4000F013BF9D041EA0C018FE70CEAD15392EA0C0F65
S32D00013D0818BF93EA0C0F0AD030F0004C18BF31F0004CD8D180EA010000F00040704790F0000F17BF90F0004F64
S32D00013D30084691F0000F91F0004F14D092EA0C0F01D142020FD193EA0C0F03D14B0218BF084608D180EA010023
S32D00013D5800F0004040F0FE4040F40000704740F0FE4040F4400070474FF0FF0C1CEAD0521EBF1CEAD15392EA25
S32D00013D800C0F93EA0C0F69D0A2EB030280EA010C49024FEA402037D04FF0805343EA111143EA10130CF0004047
S32D00013DA88B4238BF5B0042F17D024FF4000C8B4224BF5B1A40EA0C00B3EB510F24BFA3EB510340EA5C00B3EB8A
S32D00013DD0910F24BFA3EB910340EA9C00B3EBD10F24BFA3EBD10340EADC001B0118BF5FEA1C1CE0D1FD2A3FF60F
S32D00013DF850AF8B4240EBC25008BF20F0010070470CF0004C4CEA50207F32C2BFD2F1FF0340EAC250704740F4F8
S32D00013E2000004FF00003013A37E792F0000F00F0004C02BF400010F4000F013AF9D040EA0C0093F0000F01F03A
S32D00013E48004C02BF490011F4000F013BF9D041EA0C0195E70CEAD15392EA0C0F08D142027FF47DAF93EA0C0F23
S32D00013E707FF470AF084676E793EA0C0F04D14B023FF44CAF08466EE730F0004C18BF31F0004CCAD130F00042AE
S32D00013E987FF45CAF31F000437FF43CAF5FE700BF4FF0FF3C06E000BF4FF0010C02E000BF4FF0010C4DF804CD48
S32D00013EC04FEA40024FEA41037FEA226C18BF7FEA236C11D001B052EA530C18BF90EA010F58BFB2EB030088BF89
S32D00013EE8C81738BF6FEAE17018BF40F0010070477FEA226C02D15FEA402C05D17FEA236CE4D15FEA412CE1D003
S32D00013F105DF8040B704700BF844608466146FFE70FB5FFF7C9FF002848BF10F1000F0FBD4DF808EDFFF7F4FF53
S32D00013F380CBF012000205DF808FB00BF4DF808EDFFF7EAFF34BF012000205DF808FB00BF4DF808EDFFF7E0FFC4
S32D00013F6094BF012000205DF808FB00BF4DF808EDFFF7D2FF94BF012000205DF808FB00BF4DF808EDFFF7C8FFE4
S32D00013F8834BF012000205DF808FB00BF4FEA4002B2F1FE4F0FD34FF09E03B3EB12620DD94FEA002343F00043C8
S32D00013FB010F0004F23FA02F018BF404270474FF00000704712F1610F01D1420205D110F0004008BF6FF0004079
S32D00013FD870474FF00000704708B5062001F01EF8012006F00DFB00BF9368002B00F081802DE9F04FB1F90C30F3
S32D000140000C461907804683B0174698B223D523690BB310F002033D682BD04FF0000ADFF8B4B256465E4533465A
S32D00014028524628BF5B464046002E4FD0E169D4F824C0E047002852DDBB681B1A8244361ABB60002BEAD100206F
S32D0001405003B0BDE8F08F2146404602F0ABFE002840F03481B4F90C303D6898B210F00203D3D110F0010942D137
S32D000140784E463EB38205D4F808B040F18180B3455A4600F2B18010F4906F40F0BE8020680192494600F0EAFCAB
S32D000140A0A3682168019AA3EB0B030A44B246A36022600026B868A0EB0A00D144B8600028C5D0B4F90C0080B2AB
S32D000140C8002ED7D1D5E900960835D2E7D5E900A60835A3E72146404603F068FF80B3B4F90C3043F040034FF066
S32D000140F0FF30A38103B0BDE8F08F002070471E46AA46994618461D4656B388B34A46D4E904132068B24228BFA1
S32D000141183246884205D9A16803EB010B5A4500F3A780934264DCE169D4F824C02A464046E047B0F1000BD2DD15
S32D00014140B9EB0B09CAD00120BB68A3EB0B035D44A6EB0B06BB60002B3FF479AF002ED4D10AF1080353E90256CD
S32D000141689A460833002EF9D032460A21284600F093FB002800F09D800130A0EB0509C1E720682369984217D803
S32D000141906369B34214D86FF00042B24228BF3246E16992FBF3F2D4F824C002FB03F340464A46E047B0F1000A18
S32D000141B895DDA6EB0A0679E7B345DA4628BFB2465246494600F052FCA3682268A3EB0A035244A3602260002B93
S32D000141E0EBD12146404603F0E5FE0028E5D07AE72068B34632464FE72946019200F03AFC019AA3689B1AA3603E
S32D00014208236813442360934696E723682169A3EB010B636903EB430A0AEBDA7A0BF101034FEA6A0A3344534511
S32D00014230524684BF9A46524643052CD51146404600F07EF800283BD05A462169019000F077FBA289019B22F453
S32D00014258906242F08002A28103EB0B002361AAEB0B03C4F814A0A3602060B34632460FE729465A4600F0FAFB00
S32D0001428023685B4423602146404603F093FE00283FF456AF27E7404600F0C6FC03460028DED12169404603F028
S32D000142A8B1FFB4F90C300C2223F08003C8F8002017E7721C914626E70C22B4F90C30C8F800200EE74FF0FF30E0
S32D000142D0BEE600BF00FCFF7F70B50D4E0D4D761BB61006D0002455F8043B01349847A642F9D1094E094D761B27
S32D000142F806F0FAFEB61006D0002455F8043B01349847A642F9D170BDFCB00100FCB0010028B10100FCB0010089
S32D00014320704700BF704700BF704700BF704700BF024B0146186800F003B800BF1C0D00202DE9F04F01F10B0677
S32D00014348162E83B0044624D8102900F2BA8000F05BFC102618220220B54F3A44A2F1080153688B4200F0BA807B
S32D000143705A68D96822F003021A449D68E9608D60516841F001012046516003F1080500F045FC284603B0BDE870
S32D00014398F08F36F0070600F19480B14200F2918000F032FCB6F5FC7FC0F09A81730A00F08F80042B00F26F81AD
S32D000143C0B30903F1390003F1380CC3009A4F3B44A3F108055B689D4206D10CE0002980F22781DB689D4206D041
S32D000143E85A6822F00302911B0F29F3DD60463D69DFF840C265457CD06A6822F00302931B0F2B00F37B81002B13
S32D00014410C7E904CC80F26C81B2F5007F80F01A81D308796801334FEA521E012202FA0EF20A4357F833E0C5F849
S32D0001443808E007EBC3010839E9607A6047F83350CEF80C50831001219940914257D8114206D120F00300490059
S32D00014460114200F10400FAD007EBC0094D468646D5F80C80454508D11DE1002B80F22481D8F80C80454500F02F
S32D000144881681D8F8042022F00302931B0F2BF0DD2046D8E9025408EB060146F00106C8F80460EC60A56043F052
S32D000144B00104C7E90411C1E902CC4C6048F8023000F0ACFB08F1080502E00C2323600025284603B0BDE8F08FE2
S32D000144D84FF4007340204FF03F0C73E7D3689A4208BF02307FF440AF3D69DFF848C1654582D17A68831001212F
S32D0001450099409142A7D9BD686B6823F003094E4503D8A9EB06030F2B7ADCDFF824B1494BDBF800201B680132C5
S32D00014528334405EB090A00F0338103F580530F3323F47F6828F00F084146204600F05CFD411C024600F0F380CE
S32D00014550824500F2EE803C4B196841441960084600F04E81DBF80010019301311BBFA2EB0A0A5044CBF8002067
S32D00014578186012F0070B00F01781CBF108010A44CBF5805190440831A1EB0801C1F30B0A51462046009200F072
S32D000145A02FFD421CDDE9002300F04F81801A00EB0A081968BA6048F001005144BD425060196000F02981B9F14D
S32D000145C80F0F40F227816868A9F10C0C2CF0070C00F0010040EA0C0068604FF0050E05EB0C00BCF10F0FC0E96A
S32D000145F001EE00F2328150681546144B1A688A4238BF1960124B1A688A4238BF196094E0AA1943F0010346F019
S32D0001461801066E602046BA60536000F0FBFA0835284603B0BDE8F08FD9681A44A1E600BF481100205011002025
S32D0001464050150020341B0020041B00202C1B0020301B0020B2F5206F4FEA522363D3142B00F2B78003F15C0173
S32D00014668C9005B3307EB010E7958AEF1080E8E4500F091804B6823F00303934202D989688E45F7D1D1F80CE0B4
S32D000146907A68C5E9021ECEF80850CD60D6E6142B59D9542B00F29D80330B03F16F0003F16E0CC3008AE60EF104
S32D000146B8010E1EF0030F05F108057FF4D5AE51E0424445465368D8F80C1043F00103536055F8083F2046D960A5
S32D000146E08B6000F09BFAF3E6F00806F1080237E62A442046536843F001035360083500F08DFAE5E6A91920462C
S32D0001470846F0010643F001046E60C7E90411C1E902CC4C60AB5000F07DFA0835D4E6930903F13901C9003833FF
S32D000147309CE7BD425FD0BD68686820F003084645A8EB060302D80F2B3FF762AF204600F065FA0025BCE603F1A7
S32D000147585C0003F15B0CC30034E659F808394B4540F0968010F0030F00F1FF30F5D17B6823EA01037B60490026
S32D0001478099423FF6C0AE19B9BDE649000EF1040E1942FAD0704667E603F11008D0E69A104FF001087B6808FAFC
S32D000147A802F21A437A6070E702EB08014942C1F30B0A51462046009200F01EFC431CDDE900237FF4EFAEDA4605
S32D000147D0EFE6542B25D8130B03F16F01C9006E3344E7B3F5AA7F25D8F30B03F1780003F1770CC300EAE5294B9D
S32D000147F8186840441860B1E6CAF30B0CBCF1000F7FF4ACAEBD68C84448F001006860F0E61546EEE60123536014
S32D0001482094E7B3F5AA7F23D8D30B03F17801C90077331BE740F25452934223D8B30C03F17D0003F17C0CC3004B
S32D00014848C0E5ABF1080BD844A8EB02084FF0000AABE605F108012046009303F0D3FCBD68009B68681968C4E6E5
S32D0001487040F254518B420BD8930C03F17D01C9007C33F3E64FF47E737F204FF07E0C9DE54FF47E717E23E9E670
S32D000148987B6870E7041B002001F0FF01102A2BDB10F0070F08D010F8013B013A8B422DD010F0070F42B3F6D13E
S32D000148C0F0B441EA012141EA014122F007047FF000070023F0E80256083C85EA010586EA010685FA47F5A3FAFD
S32D000148E887F586FA47F6A5FA87F68EB9EED1F0BC01F0FF0102F0070232B110F8013B013A83EA010313B1F8D14E
S32D000149100020704701387047002D06BF35460338073815F0010F07D1013015F4807F02BF013015F4C03F013079
S32D00014938F0BC0138704700BF844641EA000313F003036DD1403A41D351F8043B40F8043B51F8043B40F8043B2A
S32D0001496051F8043B40F8043B51F8043B40F8043B51F8043B40F8043B51F8043B40F8043B51F8043B40F8043B2D
S32D0001498851F8043B40F8043B51F8043B40F8043B51F8043B40F8043B51F8043B40F8043B51F8043B40F8043B05
S32D000149B051F8043B40F8043B51F8043B40F8043B51F8043B40F8043B51F8043B40F8043B403ABDD2303211D38D
S32D000149D851F8043B40F8043B51F8043B40F8043B51F8043B40F8043B51F8043B40F8043B103AEDD20C3205D395
S32D00014A0051F8043B40F8043B043AF9D2043208D0D2071CBF11F8013B00F8013B01D30B8803806046704700BF3E
S32D00014A28082A13D38B078DD010F003038AD0C3F10403D21ADB071CBF11F8013B00F8013B80D331F8023B20F84A
S32D00014A50023B7BE7043AD9D3013A11F8013B00F8013BF9D20B7803704B7843708B7883706046704788420DD9C0
S32D00014A788B1883420AD900EB020CBAB1624613F801CD02F801CD9942F9D170470F2A0ED8034602F1FF3C4AB12A
S32D00014AA00CF1010C013B8C4411F8012B03F8012F6145F9D1704740EA01039B0750D1A2F1100370B501F1200C70
S32D00014AC823F00F0501F1100E00F11004AC441B095EF8105C44F8105C5EF80C5C44F80C5C5EF8085C44F8085C49
S32D00014AF05EF8045C44F8045C0EF1100EE64504F11004E9D1013312F00C0F01EB031102F00F0400EB031327D0EC
S32D00014B18043C24F003064FEA940C1E441C1F8E465EF8045B44F8045FB442F9D10CF1010402F0030203EB840345
S32D00014B4001EB840102F1FF3C4AB10CF1010C013B8C4411F8012B03F8012F6145F9D170BD02F1FF3C03469BE7A0
S32D00014B682246EBE7830730B548D0541E002A3FD0CAB2034601E0013C3AD303F8012B9D07F9D1032C2DD9CDB279
S32D00014B9045EA05250F2C45EA054536D9A4F1100222F00F0C03F1200EE6444FEA121C03F1100242E9045542E99E
S32D00014BB8025510327245F8D10CF1010214F00C0F03EB021204F00F0C13D0ACF1040323F003030433134442F81D
S32D00014BE0045B9342FBD10CF003042CB1CAB21C4403F8012B9C42FBD130BD64461346002CF4D1F9E703461446B5
S32D00014C08BFE71A46A446E0E70148FFF789BB00BFF81A00200148FFF785BB00BFF81A00202DE9F84F17460029FF
S32D00014C3000F0988007F10B0580460C46FFF7E8FF162D5DD810252A46AF425ED854F8041C21F003069642A4F119
S32D00014C58080962DABC4BD3F808C009EB0600844500F09780D0F804C02CF0010303445B68DB0768D42CF0030C7D
S32D00014C8006EB0C03934247DACB0710D454F8083CA9EB030ADAF8043023F003018C44B444944580F211817318DB
S32D00014CA8934280F2E88039464046FFF745FB0746E0B154F8043C23F001034B44A0F10802934200F0D280321FE0
S32D00014CD0242A00F2F580132A00F2AC8003462246116819605168596092689A602146404603F08CFA4046FFF7BA
S32D00014CF891FF3846BDE8F88F25F00705002D2A469EDA0C23C8F8003000273846BDE8F88F1E46D0E90223D360B8
S32D00014D209A60731B0F2B22D8D9F8043003F0010333434E44C9F80430736843F00103736040462746FFF76AFF78
S32D00014D483846BDE8F88FC907ADD454F8083CA9EB030ADAF8041021F00301A0E7BDE8F84F1146FFF7E9BAD9F8E1
S32D00014D70041001F001012943C9F8041009EB05014E4443F001034B60736843F0010308317360404603F03AFA93
S32D00014D98D2E7DCF8040020F0030B06EB0B0C05F1100084454DDAC9073FF57DAF54F8081CA9EB010ADAF804101A
S32D00014DC021F003018B44B34458453FF76CAF5746DAF80C1057F8080F321F242AC160886000F2DB80132A40F2A6
S32D00014DE8D6802168CAF808106168CAF80C101B2A00F2DF8008340AF110022168116061685160A16891600AEBFA
S32D00014E100501ABEB050242F0010299604A60DAF8043003F001031D434046CAF80450FFF7F5FE6EE723680360D3
S32D00014E38636843601B2A68D804F1080200F108034AE709EB05029A60ACEB050343F00103536054F8043C03F02F
S32D00014E6001031D43404644F8045CFFF7D7FE27464FE750F8043C23F003031E4451E75746DAF80C1057F8080F03
S32D00014E88321F242AC16088604CD8132A48D92168CAF808106168CAF80C101B2A56D808340AF110021E4623681C
S32D00014EB0136063685360A3689360D1463C4630E72146FFF7D7FD11E7D0E902135746CB60996057F8081FDAF834
S32D00014ED80C30CB60321F242A99602DD8132A29D92368CAF808306368CAF80C301B2A42D808340AF110032268E7
S32D00014F001A6062685A60A2689A606646D1463C4607E7A3688360E368C360242A26D004F1100200F11003DBE6E1
S32D00014F283A46BFE7214638461E46D146FFF79EFD3C46F2E63B46DEE7214638466646D146FFF794FD3C46E8E624
S32D00014F5048110020A168CAF81010E168CAF81410242A20D010340AF118029FE7236903616169416104F1180217
S32D00014F7800F11803B0E6A368CAF81030E368CAF81430242A21D010340AF11803B3E73A4633E721463846FFF762
S32D00014FA069FD164B33E72269CAF818206269CAF81C2018340AF1200278E7A168CAF81010E168CAF81410242A83
S32D00014FC80DD010340AF1180217E72369CAF818306369CAF81C3018340AF120038BE72269CAF818206269CAF828
S32D00014FF01C2018340AF1200203E700BF4811002038B5074D0022044608462A6005F0E6FA431C00D038BD2B68BA
S32D00015018002BFBD0236038BD381B002038B5154B1F281D6820D8D5F8DC22044662B152F820304BB1012B15D0A8
S32D00015040591C0FD0002542F820509847284638BD284600F02BF8224601462846BDE8384000F00EB816232B60A7
S32D00015068012038BD002038BD16232B604FF0FF3038BD00BF1C0D002070B50C46084D03460026204611461C4665
S32D000150902E6005F08BFA431C00D070BD2B68002BFBD0236070BD00BF381B002005F06EBA0EB410B59DB06FF0D2
S32D000150B800411FABCDE906010491094953F8042B0290084C0868019302A9059400F0E2F8029B00221A701DB092
S32D000150E0BDE8104003B070471C0D00200802FFFF80EA0102844612F0030F4FD111F0030F32D14DF8044D11F0D9
S32D00015108040F51F8043B0BD0A3F101329A4312F0803F04BF4CF8043B51F8043B16D100BF51F8044BA3F10132CA
S32D000151309A4312F0803FA4F101320BD14CF8043BA24312F0803F04BF51F8043B4CF8044BEAD023460CF8013BA4
S32D0001515813F0FF0F4FEA3323F8D15DF8044B704711F0010F06D011F8012B0CF8012B002A08BF704711F0020F5E
S32D00015180BFD031F8022B12F0FF0F16BF2CF8022B8CF8002012F47F4FB3D1704711F8012B0CF8012B002AF9D1D9
S32D000151A8704700BF000000000000000000000000000000000000000090F800F06DE9024520F007016FF0000CCA
S32D000151D010F0070491F820F040F049804FF000046FF00700D1E9002391F840F000F1080082FA4CF2A4FA8CF205
S32D000151F883FA4CF3A2FA8CF34BBBD1E9022382FA4CF200F10800A4FA8CF283FA4CF3A2FA8CF3E3B9D1E90423A9
S32D0001522082FA4CF200F10800A4FA8CF283FA4CF3A2FA8CF37BB9D1E9062301F1200182FA4CF200F10800A4FA3E
S32D000152488CF283FA4CF3A2FA8CF3002BC6D0002A04BF04301A4612BAB2FA82F2FDE8024500EBD2007047D1E95A
S32D00015270002304F00305C4F100004FEAC50514F0040F91F840F00CFA05F562EA05021CBF63EA050362464FF0FE
S32D000152980004A9E72DE9F04FD5B00C460C9191460E930A9003F0D8F8036817931846FFF783FFA38916901906D9
S32D000152C003D52369002B00F08B8700242BAB4D46CDE92944CDE91944CDE91B44129428939846189400230894AC
S32D000152E80024CDE914342B78002B00F0DD81AA4604E01AF8013F002B00F01681252BF8D1BAEB050640F01481F3
S32D000153109AF80030002B00F0CB8100234FF0FF329AF801608DF8833009930AF1010A07921F462B244FF0200930
S32D000153380AF1010AA6F120035A2B00F22D81DFE813F0BA022B012B01B5022B012B012B016A002B012B014F0235
S32D00015360E3022B015A02C9022B01C4025B005B005B005B005B005B005B005B005B002B012B012B012B012B01E5
S32D000153882B012B01BF012B011A028600BF01BF01BF012B012B012B012B01B0022B012B01C3002B012B012B01CF
S32D000153B024022B015F022B012B013C072B012B012B012B012B012B012B012B01BF012B011A028800BF01BF0110
S32D000153D8BF01A302880081002B0196022B018202C500700281002B0124027E0039072B012B0119072B017E00DA
S32D00015400A6F1300300221AF8016B02EB820203EB4202A6F13003092BF5D909928EE7DDF828B0584603F01CF842
S32D0001542843681B931846FFF7C7FE1C900646584603F012F883681993002E40F07A869AF8006075E79AF800601B
S32D0001545047F0200770E747F01007BA060E9B40F18081073323F007031A465B6852F8084B0E929946002BC0F21C
S32D000154785F85079B013301F01F8054EA090327F0800B00F0E3840A2C79F1000380F08187303401238DF84F41C0
S32D000154A05F460B930DF24F1507990B989DF8832081424FF00003B8BF01460D9306910F9313931093002A7CD061
S32D000154C8069B0133069378E047F0100717F0200900F034810E9B073323F00703D3F8049053F8084B0E9327F413
S32D000154F0806B002300228DF88320079A511C00F00D8254EA09012BF0800740F00682002A41F01080002B40F0C0
S32D00015518A2841BF001030B9300F0378530238DF84F310DF24F15BBE7BAEB050600F0BC802A9B33442A93299BEF
S32D000155400133072BC8E90056299305DC08F10808089B33440893DBE60C990A9828AA03F04DFC80B90DF1AC0873
S32D00015568F2E70C990A9828AA03F044FC002800F08C800D9B1BB10D990A9802F043FE0C9B9B8913F0400F089B1C
S32D0001559018BF4FF0FF330893089855B0BDE8F08F002E00F0858000228DF8EC608DF88320012306930D920B9308
S32D000155B807920F92139210923BAD17F0020302D006990231069117F0840B07D109990698A1EB0009B9F1000F18
S32D000155E000F315832A9C8AB1299A0DF1830101320134C8F80010072A4FF001012A942992C8F8041000F3468318
S32D0001560808F1080883B1299B21AA01330234C8F80020072B4FF002022A942993C8F8042000F3488308F10808C3
S32D00015630BBF1800F00F00E82079B0B9AA3EB020BBBF1000F00F34F82FB0500F1A5810B9BC8F804301C44299B5A
S32D00015658C8F800500133072B2A94299300F3C78208F108087B0705D5099B069A9D1A002D00F32C83DDE90832C8
S32D0001568006998A42ACBF9B185B180893002C7FF46CAF002329930D9B1BB10D990A9802F0B5FD0DF1AC0855461E
S32D000156A82B78002B7FF423AE2A9B002B3FF467AF0C9C0A9828AA214603F09CFBA38960E70E9B073323F0070209
S32D000156D0F2E80234CDE91434DDE9143424F000440E92994618462146A74B4FF0FF3204F0A5FD002840F06284BD
S32D000156F8A34B484621464FF0FF32FEF7BDF8002840F05884DDE9140100220023FEF7AAF8002840F0AD879DF87A
S32D0001572083209A4D9A4B27F080070321472EC8BF1D4600230D9306910B9107930F9313931093BFE617F0100390
S32D0001574840F02E8417F0400200F054870E9A52F8044B0E929946A4B2C5E653F8044B0E93FB0600F118847D062F
S32D0001577040F1128444F3C0394B4624B27AE60E9B002253F8041B8DF883208DF8EC100E930EE70E9C079B54F840
S32D00015798045B4FF000098DF88390002D00F0D5865A1C00F052851A4649462846FFF774F80D90002801F05780A2
S32D000157C00D9BCDF81C905B1B0B930E9423EAE3739DF883200693CDF83490CDF83C90CDF84C90CDF840906DE614
S32D000157E80E9B53F8042B0992002A80F2C983099A0E93524209929AF8006047F0040797E547F0100B1BF0200943
S32D0001581000F081830E9B073323F00703D3F8049053F8084B0E93012364E60E9B53F8044B0E93302378268DF80F
S32D000158388430564B189347F0020B8DF885604FF00009022352E6BD0600F18284FC0600F17386780600F13C8716
S32D00015860B90540F16D860E9B089953F8042B0E931170554618E79AF800606C2E03BF9AF8016047F020070AF11D
S32D00015888010A47F0100753E59AF80060682E03BF9AF8016047F400770AF1010A47F0400746E59AF8006047F099
S32D000158B0080741E59AF8006047F001073CE59DF88330002B7FF4BFAD9AF800608DF8839032E59AF8006047F026
S32D000158D880072DE5524612F8016B2A2E01F0CD81A6F13003092B924698BF002201F288801AF8016B02EB82022A
S32D0001590003EB4202A6F13003092BF5D9079215E59AF800608DF883400EE5BB46012B3FF4B6AD022B54AD12D1E6
S32D00015928189A04F00F032409D35C05F8013D44EA09744FEA191954EA0903F2D154AB5B1B5F460B93ACE504F0A1
S32D000159500703E40844EA49744FEAD909303354EA09012A4605F8013DF1D11BF0010FE9D0302BE7D03023023A9F
S32D0001597805F8013C54AB9B1A5F460B9315468FE5FFFFEF7F3CAD010040AD01004CAD0100652E40F3E680DDE9D0
S32D000159A0140100220023FDF757FF002800F0CD81299BBF4AC8F80020013301340122072B2A942993C8F8042005
S32D000159C800F37D8508F10808229B129A934280F2D382169B179A1C44C8E90023299B2A940133072B299300F380
S32D000159F0EB8308F10808129B5D1E002D7FF736AE102D299BDFF8AC9240F36E8549462246B946DDF828B00C9CDB
S32D00015A1810260F4605E008F10808103D102D40F35B8501331032072BC8E90076CDE92932F1DD28AA21465846C4
S32D00015A4003F0DCF900287FF498ADDDE929320DF1AC08E6E7099B069AA3EB020BBBF1000F7FF7EAADBBF1100F7D
S32D00015A68299ADFF848922CDD1D9621464E460C9CDDF82890102306E0ABF1100BBBF1100F08F108081ADD0132E1
S32D00015A901031072AC8E90063CDE92921F0DD28AA214648460DF1AC0803F0A8F900287FF464ADABF1100BBBF178
S32D00015AB8100FDDE929214FF01003E4DCB1461D9E0C4601325C44072ACDE92924C8F80090C8F804B000F31D851A
S32D00015AE008F10808A8E5BBF1100F299ADFF8C4912DDD41462046A8464C460C9DDDF82890102306E0ABF1100BCA
S32D00015B08BBF1100F01F1080119DD01321030072AC1E90043CDE92920F0DD28AA2946484603F068F900287FF497
S32D00015B3024ADABF1100BBBF1100FDDE929202BA94FF01003E5DC4546A1468846044601325C44072ACDE929246C
S32D00015B58C8F80090C8F804B000F3CC8108F108086EE5129B012B40F37C81299EC8F80050013601340123072E19
S32D00015B802A942996C8F8043000F3E08108F10808169B179A01361C44072EC8E90023CDE9296400F3E08108F196
S32D00015BA80808DDE9140100220023FDF751FE002840F07481129B0136013B01351C44072EC8F800502996C8F894
S32D00015BD004302A9400F3598108F108081A9BC8F8043001361C44072E24ABCDE92964C8F800307FF739AD0C9966
S32D00015BF80A9828AA03F0FEF800287FF4BAAC2A9C0DF1AC082EE5B9F1100FDDE929212BDDCDE91D3B1F96DDF81C
S32D00015C2028B04E461024A9460C9D04E0103E102E08F1080817DD01321F4B1031072AC8E90034CDE92921F1DDEE
S32D00015C4828AA294658460DF1AC0803F0D3F800287FF48FAC103E102EDDE92921E7DCDDE91D3B4D46B1461F9E44
S32D00015C70C8F80490013209EB0104072A0E49C8F80010CDE9292400F3FF839DF8832008F10808A8E40C990A98A1
S32D00015C981D9328AA03F0AEF800287FF46AAC2A9C1D9B0DF1AC08ADE47CAD010090AD010080AD01000C990A9873
S32D00015CC028AA03F09BF800287FF457AC2A9C0DF1AC08ADE4102D299B21DD0A9FDDF83090102604E0103D102DD5
S32D00015CE808F1080817DD0133B04A1034072BC8E90026CDE92934F1DD28AA494638460DF1AC0803F077F8002819
S32D00015D107FF433AC103D102DDDE92934E7DC0133A44AC8F804502C44072BCDE92934C8F800207FF7A3AC0C996D
S32D00015D380A9828AA03F05EF800287FF41AAC2A9C98E42299002940F36683DDF84090129B9945A8BF9946B9F1BC
S32D00015D60000F0BDD299B01334C44072BC8E900592A94299300F32F8508F10808109EB9F1000FA8BFA6EB0906C1
S32D00015D88002E00F33882DDF840B07805AB4400F16682229B129A934202DBF90740F18E84169A17991444C8E940
S32D00015DB00012299A2A940132072A299200F3188508F10808129AAE18A6EB0B06D51AAE42A8BF2E46002E0DDD93
S32D00015DD8299BC8F800B001333444072BC8F804602A94299300F31A8608F10808002EA8BFAD1B002D7FF736AC6E
S32D00015E00102D299BDFF8B09140F36E8349462246B946DDF828B00C9C10260F4605E008F10808103D102D40F3B5
S32D00015E285B8301331032072BC8E90076CDE92932F1DD28AA2146584602F0DCFF00287FF498ABDDE929320DF11E
S32D00015E50AC08E6E7079B002B7FF41EAB5F46002307930B9354ADFFF71FBBFA073FF581AE299EC8F80050013656
S32D00015E7801340123072E2A942996C8F804307FF7A7AE0C990A9828AA02F0B4FF00287FF470ABDDE929640DF16C
S32D00015EA0AC089BE6129B5D1E002D7FF797AE102DDFF8049140F39683224607970A9C0C9F4FF0100B05E008F10A
S32D00015EC80808103D102D40F3878301361032072EC8E9009BCDE92962F1DD28AA3946204602F088FF00287FF400
S32D00015EF044ABDDE929620DF1AC08E6E70C990A9828AA02F07BFF00287FF437AB2A9C0DF1AC08FFF799BB1BF0F5
S32D00015F18100340F028811BF0400200F079830E9A52F8044B0E929946A4B20123FFF7DEBA2D2364428DF883303F
S32D00015F4069EB4909BB460123FFF7D7BA0C990A9828AA02F053FF00287FF40FABDDE929640DF1AC0814E60C998A
S32D00015F680A9828AA02F046FF00287FF402ABDDE929640DF1AC0814E6FD077FF573AB28E59AF800600E93FFF7EC
S32D00015F90D3B954ADFFF788BAB80500F1A6834FEAE4794B46FFF766BA0E9B53F8044B0E93FFF79DBA80AD0100AA
S32D00015FB890AD0100DDE9140102460B4604F03AF9002840F00F86612E00F04585412E00F06D84079B013326F06F
S32D00015FE02003069300F0A983472B00F08885DDE9141247F480730F931346002BC0F292850B9300231D938B4600
S32D000160080D93069B462B00F0FD83452B00F044850799019126A9049123A9039122A9029102210B9B0A980091CE
S32D000160305A4600F0CDFF069B472B054640F0318617F0010FB9460F9F40F0FC84269B5B1B1293069B472B00F04D
S32D000160588283069B462B00F01284229B1093109B069A013B412A229300F0AD85F2B20021002BB8BF109B8DF8BC
S32D000160809020BABFC3F101032D222B22092B8DF8912040F38D850DF19F04B64F2246104687FB0321DA17C2EB1D
S32D000160A8A10202EB8201A3EB4101303100F8011C19466329134600F1FF32ECDC3033D9B2831E9C4202F8011CBE
S32D000160D040F2F18513460DF1920201E013F8011B02F8011B9C42F9D10DF1A1030DF192021B1A134424AA9B1A05
S32D000160F81A93129B1A9A012B1A440B9240F39E850B9B169A13440B930B9A002329F4806722EAE27247F4807745
S32D000161200F930692139310931D9B002B40F03F839DF883200793FFF7C5B9199B002B3FF482A9199B1B78002B03
S32D000161483FF47DA99AF8006047F48067FFF7F0B80E9B089853F8041B0E93C217C1E900025546FFF79DBA0E9BB3
S32D0001617053F8044B0E930123FFF7BCB97E4B189317F0200900F0EC800E9B073323F00703D3F8049053F8084B39
S32D000161980E93F80709D554EA090306D030238DF8856047F002078DF8843027F4806B0223FFF79CB9BB46FFF797
S32D000161C025BB6E4B1893DBE70C990A9828AA02F015FE00287FF4D1A92A9C0DF1AC080AE40A984021FEF7ACF875
S32D000161E80C9B18601861002800F065850C9A40235361FFF766B8102E299BDFF87C9140F32982484642462146DC
S32D00016210A846B9460A9C0C9D4FF0100B074604E00832103E102E40F3138201331031072BC2E9007BCDE929312D
S32D00016238F2DD28AA2946204602F0DCFD00287FF498A9DDE929312BAAE7E72846CDF81C900E94FEF7B1FF0346E8
S32D000162600B90FFF7B3BA129BCDF82CA04246DDF84C801097EB1807935E46199FDDF87090DDF828A0DDF830B0E3
S32D000162880F9B13952146B8F1000F2FD0002B30D1013F08F1FF381B9BC2E90039299B01334944072B2A91299313
S32D000162B068DC0832079B38789B1B8342A8BF0346002B1C460BDD2998013019440728C2E900632A91299000F35C
S32D000162D8148138780832002CACBF051B0546002D0BDC06440F9BB8F1000FCFD1002B00F023820F9B013B0F936E
S32D00016300CDE7102D29981DDD102404E0103D102D02F1080216DD0130194B10310728C2E90034CDE92901F1DD9E
S32D0001632828AA5946504602F065FD00287FF421A9103D102DDDE929012BAAE8DC01300E4B556029440728CDE9E2
S32D000163502901136000F33282387808320644C5E717F0100300F0A1800E9B53F8044B0E9313E700BF6766666699
S32D000163784CAD010060AD010090AD010028AA5946504602F037FD00287FF4F3A82A992BAA8CE70BF4806300223E
S32D000163A00696CDF82CA0CDF8348054AFDDF864809A4616460CE00023204649460A2203F053FF0A2C79F1000318
S32D000163C81BD3044689462F4620460A220023494603F046FF30327D1E013607F8012CBAF1000FE4D098F8003020
S32D000163F09E42E0D1FF2EDED00A2C79F1000380F0408154AB5B1BDDF82CA0CDF864801296DDF83480069E0B930C
S32D000164185F46FFF745B8299BBC4AC8F80020013301340122072B2A942993C8F8042000F3388108F10808002919
S32D0001644040F09780129A07F0010313433FF40EA9169B17991A19C8E90013299B2A920133072B299300F347814A
S32D0001646808F108081299C8F8005001338C18072BCDE92934C8F804107FF7F2A8FFF7B7BB0C990A981D9328AA0F
S32D0001649002F0B4FC00287FF470A89DF883202A9C1D9B0DF1AC08FFF79EB817F0400200F0C2800E9A52F8044B18
S32D000164B80E929946A4B26CE6BB46FEF7E4BF0C990A9828AA02F096FC00287FF452A82A9C0DF1AC08FFF778BA23
S32D000164E014463A464F46914601332C44072BC8F80090C8F80450CDE929347FF7B5A8FFF77ABB28AA59465046F5
S32D0001650802F078FC00287FF434A838782A992BAAE1E60C990A9828AA02F06CFC00287FF428A82A9C0DF1AC0822
S32D00016530FFF782B8012BBB467FF4F3A9FEF7ACBF0E9B089953F8042B554611600E93FFF7ABB8062B294628BF1F
S32D00016558062307950D952A4606936D4D0E940B930F9113911091FEF7A9BF169B17981A19C8E90003299B2A92A1
S32D000165800133072B299300F3B68008F108080029BFF66CAF4E421031DFF8809180F297824146DDF828B0A84639
S32D000165A810240C9D04E00831103E102E40F3898201331032072BC1E90094CDE92932F2DD28AA2946584602F069
S32D000165D015FC00287EF4D1AFDDE929322BA9E7E7079F144601362C44072ECDE92964C8F80090C8F804507FF7B5
S32D000165F8EFAA46E40E9B17F4007914BF53F8044B53F8044B0E931CBF9146E4B2FEF76BBF0E9B1BF4007914BF71
S32D0001662053F8044B53F8044B0E931CBF9146E4B20123FEF75FBF0E9B17F4007914BF53F8044B53F8044B0E9322
S32D000166481CBF9146E4B2A4E5454690463A460C464F46914601333444072BCDE92934C8F80090C8F8046057DC1B
S32D0001667008F10808FFF78BBB2D228DF88320FFF750B81C9B1B99ED1A1A46284602F084FB98F801300BB108F11A
S32D000166980108204649460A220023002603F0E0FD8FE60C990A9828AA02F0A4FB00287EF460AF22992A9C0DF149
S32D000166C0AC08BCE6129AAE18A6EB0B06D51AAE42A8BF2E46FFF78EBB0E9B089953F8042B0E9311805546FEF7C2
S32D000166E8DFBF44F3C0194B4664B2FEF7BFBE0C990A9828AA02F07EFB00287EF43AAFDDE9293222990DF1AC0827
S32D000167103DE700BF7CAD010074AD010090AD01000C990A9828AA02F069FB00287EF425AF2A9C0DF1AC08FFF7A2
S32D000167382ABB0623079356E4DDE91235EB189E421997B346DDF82CA0109F90460C4628BF9B46FFF71EBB229BEB
S32D000167601093DA1C02DB079A934204DD023E26F02003069377E4109B129A9342C0F2488119F0010F00F011828D
S32D00016788169A13440B9319F4806F03D0109B002B00F3C7810B9B23EAE3730693672600230F931393BCE42D22D4
S32D000167B000238DF883200793FEF786BE28AA5946504602F01BFB00287EF4D7AE38782A992BAA06448AE50C99C8
S32D000167D80A9828AA02F00EFB00287EF4CAAE2A9C0DF1AC08FFF7C6BA0C990A9828AA02F001FB00287EF4BDAE17
S32D00016800229B2A9C0DF1AC08FFF7DCBA0799019126A9049123A9039122A9029103210B9B0A9800915A4600F0C7
S32D00016828D3FB0378302B054600F0F181229B079AB94613440F9FEC180B99584600220023FDF706F810B12346E7
S32D00016850FFF7FDBB269BA342BFF4F9AB30215A1C26921970269B9C42F9D8FFF7F0BB079B9DF883200E94069340
S32D000168780B9307900F9013901090FEF71FBE229A1092002A40F3E081079909F001030B4340F0B781109B0B9350
S32D000168A0662619F4806F40F041810B9B23EAE373069378E730238DF8843058238DF88530079B632B47F00204A0
S32D000168C800F3BF8000230D933BADDDE9141247F481730F931346002B2746C0F285800B9326F0200306930023CC
S32D000168F08B461D93612E00F04081412E7FF485AB22AA0B99584602F0C9F900224FF07F53FCF73AFD02460B46EE
S32D00016918CDE9102300220023FCF79AFF08B101232293AC4B0B93079BCDE912A6CDE91E78DDF82CA0DDE9106735
S32D0001694003F1FF39AB46109506E00022002309F1FF39FCF781FFE8B9A14B002230463946FCF712FD0F4606464F
S32D00016968FCF7A8FF0446FCF7A1FC0B46024639463046FCF74DFB1AF80430B9F1FF3FD8464D460BF8013B064659
S32D000169900F46DAD130463946924BDDF848A0139ECDF848800022A946DDF87C80109D1E9FCDE91001FCF778FF8E
S32D000169B8002855D1DDE91001884B0022FCF748FF08B1E1074CD44B46002B06DB01335B4430220BF8012B5B450A
S32D000169E0FBD1ABEB0503B94612930F9FFFF731BB26F020030693DDE914349B4604F100430B932D231D9375E7F7
S32D00016A0800230793FEF796BC129B169A9A18109B0B92002B40F3098167263EE70C990A9828AA02F0E7F9002857
S32D00016A307EF4A3AD229D129B2A9C5D1B0DF1AC08FFF7D8B9079BEC18FAE60A98591CFDF777FC0546002800F02B
S32D00016A5826810D9039E730238DF88430782329E7129B26930B9B1BF8012CD97B8A425B4609D1302003F8010C35
S32D00016A80269B5A1E269213F8012C9142F6D0392A0BBF0B9A0132927AD2B203F8012CA0E707990B9B0A984C1C91
S32D00016AA826A9049123A9039122A9029102215A460194009100F088FA0546B9462C440F9FBAE6454688460133AD
S32D00016AD03244072BCDE92932C8F80090C8F804607FF7C2AC0C990A9828AA02F087F900287EF443ADDDE9293250
S32D00016AF80DF1AC08B6E4079B002B08BF0123079347F480730F93159B002BC0F2B180DDF850B00D900B931D9086
S32D00016B20FFF77ABA00230D9365E7672619990B78FF2B00F0B2800024109A204603E001300131FF2B08D09342AE
S32D00016B4806DAD21A4B78002BF5D10B780134F4E71991109213900F940F9A139B1C9913440B9A01FB03230B93B1
S32D00016B7023EAE3730693FFF7D7BA22AA0B99584602F08CF800224FF07F53FCF7FDFB02460B46CDE9102300222D
S32D00016B980023FCF75DFE08B101232293104B0B93C1E6109B0B93EEE5002963D130228DF892200DF19302303333
S32D00016BC002F8013B24ABD31A1A93FFF796BA06F10F02D2B20121FFF74FBA00BF60AD0100000030400000E03FB8
S32D00016BE84CAD0100159B384D002BB4BF2D229DF88320364BB8BF8DF8832027F08007FEF790BD169BD318194431
S32D00016C100B91662645E60B99584600220023FCF71BFE00287FF406AE079BC3F10103229301E6C3F101031A4414
S32D00016C3822EAE2730B9206936726B0E519F0010F3FF462AAFFF75CBA079A09F0010959EA020304D10123069392
S32D00016C6066260B939FE5169B01331A4422EAE2730B920693662696E50D90BCE60DF192029DE70E9B9AF8016085
S32D00016C88924653F8042B0E9342EAE2720792FEF74FBB00230F9313935EE7079C0DE70C998B8943F04002134604
S32D00016CB08A81FEF76ABC02231A93FFF71EBA0A9A0C2313604FF0FF330893FEF765BC00BF44AD010048AD0100E0
S32D00016CD8F8B50D461446064610B1836B002B43D0B4F90C20A369A360170790B21BD52369CBB1EDB281042F4621
S32D00016D0022D522686169D31A994229DD0133A1680139A160511C2160157062699A422AD0A389DB0701D50A2DA4
S32D00016D2825D03846F8BD2146304600F03FF820BBB4F90C20236990B2EDB281042F46DCD442F40052A281626ECA
S32D00016D50616922F4005262662268D31A9942D5DC2146304601F026F958B922680123CEE701F054F9B8E7214672
S32D00016D78304601F01BF90028D3D04FF0FF37D0E738B50C46084D8446114620461A4600232B60644603F02CFC8C
S32D00016DA0431C00D038BD2B68002BFBD0236038BD381B002038B5334B1B6805460C460BB19A6B12B3B4F90C3032
S32D00016DC818079AB225D5216900292DD012F0010007D00020A06060694042A06139B1002038BD950758BF6069C6
S32D00016DF0A0600029F7D1120658BF0846F4D543F04003A3814FF0FF3038BD184601F006F9B4F90C3018079AB29E
S32D00016E18D9D4D1062AD5520714D4216943F00803A3819AB20029D1D102F42070B0F5007FCCD02146284601F078
S32D00016E4013FBB4F90C3021699AB2C3E7216B51B104F14002914204D0284601F0D7F9B4F90C30002222632169F7
S32D00016E680022C4E9001223F02403D7E7092243F040032A604FF0FF30A38138BD1C0D0020024B13B1024800F0DC
S32D00016E9005B870470000000041810100002301461A46184602F026B82DE9F04F03690C69A34283B0C0F286809E
S32D00016EB8013C01F11405A30000F11408009355F8243058F8242001338A469A4208EB8401814605EB84070191BF
S32D00016EE0B2FBF3F638D30023AE4640469B465EF8041B02681FFA81FC06FB0C33090C4FEA134C06FB01CC99B2E9
S32D00016F08ABEB01011FFA8CF311FA82F1C3EB124202EB214289B241EA0241774540F8041B4FEA1C434FEA224B60
S32D00016F30DDD2009B58F8033073B9019B043B984504D307E0984504F1FF3403D253F80429002AF7D0C9F810406F
S32D00016F585146484601F076FD00282BDB01364046002355F8041BD0F800C08AB29A1A0B0C12FA8CF2C3EB1C43E1
S32D00016F8003EB224392B242EA0342AF4240F8042B4FEA2343E9D258F8242008EB84036AB9043B984504D307E01D
S32D00016FA8984504F1FF3403D253F80429002AF7D0C9F81040304603B0BDE8F08F002003B0BDE8F08F0000000022
S32D00016FD02DE9F04F016C99B090469946CDE90489259D044641B1426C4A60012393408B6001F0D0FA00232364F2
S32D00016FF8B9F1000AB4BF012300232B60764BBCBF2AF0004ACDF814A033EA0A0300F0AA80DDE904231046194672
S32D0001702000220023CDE90A01FCF716FC074670B1249A01231360269B002B00F0E48269481860431E0393039876
S32D0001704819B0BDE8F08F16AB019317AB00932046DDE90A2301F0BCFD5FEA1A56054640F09780DDE916763E4460
S32D0001707006F23240202840F3B583C0F140000AFA00FA06F2124028FA00F04AEA0000FCF701F90123013EA1F173
S32D00017098F8710F93524B0022FBF7BAFF48A3D3E90023FCF76DF948A3D3E90023FBF7B2FF804630468946FCF7C6
S32D000170C0F9F845A3D3E90023FCF75EF902460B4640464946FBF7A2FF80468946FCF7EEFB002283460023404659
S32D000170E84946FCF7BFFB002840F07C82BBF1160F00F26B823B4B03EBCB03D3E90023DDE90A01FCF7AFFB002880
S32D0001711072D00023BE1B0E93731E0BF1FF3B069300F15E8200230993BBF1000F6BDA099BCDF81CB0A3EB0B03B0
S32D000171380993CBF100030D93229B092B4FF0000B66D8052B40F34883043B22930026229B023B032B00F2688664
S32D00017160DFE813F05C04590450043304249A42F20F73CAF3130A13605AEA08031AD1269B002B00F064861A4BC8
S32D0001718803930833269A0398136019B0BDE8F08FDDE90A12C2F31303084643F07F510F97A6F2FF36169F41F4F1
S32D000171B0401173E7269B002B40F0EA830D4B039341E700BFAFF3008061436F63A787D23FB3C8608B288AC63FB3
S32D000171D8FB799F501344D33F0000F07F7DAD01000000F83FA8AE0100A4AD0100A0AD0100BE1B731E069300F100
S32D0001720085840E900990069B5B44CDE9063B00230D93229B092B98D90023CDE9223301264FF0FF330C960893C0
S32D00017228089B129300216164204601F089F90390002800F00186039B2364089B0E2B00F21381002E00F01081C8
S32D000172500799002940F35C84AE4B01F00F0203EBC2034FEA2118C905D3E9006740F11484A94BDDE90A01D3E9D8
S32D000172780823FCF7AFF9CDE9100108F00F084FF0030AB8F1000F13D0DFF8849218F0010F09D030463946D9E9CF
S32D000172A00023FCF771F80AF1010A06460F465FEA680809F10809EDD1DDE9100132463B46FCF78CF9804689463A
S32D000172C80E9B43B1934B002240464946FCF7CAFA002840F030855046FBF7E8FF42464B46FCF74EF88C4B002267
S32D000172F0FBF794FEA1F15073CDE910011193089B002B00F09780079B1493089B13930C9B002B00F0A584139A2C
S32D000173187E4B8249039E03EBC20353E902230020FCF758F9DDE91023FBF772FECDE9100149464046FCF7BEFAB7
S32D000173400746FBF7B7FF02460B4640464946FBF763FE3037DDE9102306F8017B80468946FCF784FA002840F0F0
S32D000173682985CDF854B00027DDE910AB1095139D13942AE00137AF4280F22C85684B504659460022FBF7FCFF8E
S32D00017390654B002282468B4640464946FBF7F4FF89468046FCF78AFA0446FBF783FF02460B4640464946FBF7FF
S32D000173B82FFE303406F8014B52465B4680468946FCF750FA002840F0F38442464B4651490020FBF71DFE524679
S32D000173E05B46FCF743FA0028C8D0DDE91343109D039A079302E0964200F0C884B24616F8013D392BF7D0013354
S32D00017408DBB23370079B01330793C8E15046FBF74DFF42464B46FBF7B3FF3F4B0022FBF7F9FDA1F15073CDE9DC
S32D00017430100111933D4B404649460022FBF7ECFDDDE910894B46424606460F46FCF72CFA8146002840F0AA845F
S32D00017458DDE91001024601F1004330463946FCF701FA002840F04583179B002BC0F28C80079A0E2A00F388803F
S32D00017480244B03EBC203D3E900AB239B002B1BDA089B002B18DC40F02E83244B002250465946FBF771FF024663
S32D000174A80B46DDE90A01FCF7E7F9DDF820904E46002800F0C782239BDDF80C80DF43C9E2DDE90A7852465B46D9
S32D000174D038464146FCF782F8FCF7F0F981460990FBF7E8FE52465B46FBF74EFF039E0B46024641463846FBF75E
S32D000174F88FFD09F1300306F8013B089B012B00F05C830694012704951C462AE0A8AE010080AE01000000F03F58
S32D0001752000001C400000E03F000024400000144052465B4640464946FCF750F8FCF7BEF90546FBF7B7FE52464C
S32D000175485B46FBF71DFF01370B46024649464046FBF75EFD05F13003A74206F8013B00F02983AC4B0022FBF73F
S32D000175700BFF0022002380468946FCF76DF90028D6D0049D069C079B01330793B2460AE10C9A002A3DD0229AB2
S32D00017598012A40F39C82089B03F1FF380D9B4345C0F26D82A3EB0808089B002BC0F23C83069A1A440692099A93
S32D000175C017461A4409920121204601F08BF8064623E00123BE1B0E93731E06937FF5A2ADC6F1010309930023F6
S32D000175E806939DE55846FBF761FE42464B46FCF72FF900287FF47AAD0BF1FF3B76E5864B0393039819B0BDE873
S32D00017610F08FDDF83480099F0C9E002F0CDD069900290B4608DD099AB942A8BF3B46D21AFF1ACB1A0992069337
S32D000176380D9BDBB10C9B002B00F05D82B8F1000F0FDD31464246204601F024F92A4601460646204601F070F875
S32D0001766029460546204600F095FF0D9BB3EB080240F0D8820121204601F034F8BBF1000F814600F3B480229B72
S32D00017688012B40F386814FF0000A0120BBF1000F40F0B580069A104410F01F0000F09380C0F12003042B40F397
S32D000176B0D283099BC0F11C0003440244099307440692099B002B05DD29461A46204601F045F90546069B002BAD
S32D000176D805DD49461A46204601F03CF981460E9B002B40F03681089B002B40F31D810C9B002B40F0A080079B41
S32D0001770001330793DDF80C80DDF820A0012707E0294600230A22204600F046FF0137054649462846FFF7C0FBFD
S32D00017728574500F1300308F8013BEDDB089A002AC8BF9346039AD8BF4FF0010B93440027294601222046049336
S32D0001775001F004F94946054601F078F9002840F3A8811BF8013C039A0BF1FF3B04E05A4500F0AA811BF8013D4A
S32D00017778392B0BF1010AF6D001338BF800304946204600F003FF56B12FB1B74203D03946204600F0FBFE3146EB
S32D000177A0204600F0F7FE2946204600F0F3FE00238AF80030249B079A1A60269B002B3FF442AC0398C3F800A007
S32D000177C819B0BDE8F08F1C20099B03440993069B03440744069370E70126B8E4C0F1200008FA00F04FE40146BF
S32D000177F05A46204601F052F8229B012B814640F3B3814FF0000AD9F8103009EB8303186900F01AFFC0F12000E3
S32D0001781840E700BF000024407CAD0100314600230A22204600F0BCFE129B002B064640F3E782CDE90783002FC8
S32D0001784000F31A81BAF1000F40F0D581B046049B039F089903F001027B1E1944229B0C92134309910A93494610
S32D000178682846FFF71DFB31468346284601F0EAF8424649468246204601F004F9C26801460BF13003002A42D1E4
S32D0001789006902846089301F0D9F806990490204600F078FE049A089B1AB90A99002900F09B82BAF1000FC0F210
S32D000178B8638122994AEA010A0C9951EA0A0100F05B81002A00F3B481099A3B7007F1010A9742D34600F0B28154
S32D000178E0294600230A22204600F05EFE4645054631464FF000034FF00A02204612D000F053FE414606460023B0
S32D000179080A22204600F04CFE57468046A7E72046049300F03BFE049B0122C6E700F040FE5746064680469AE7A0
S32D00017930229B022B79DC0C9B002B80D1079B4946013328460793FFF7AFFADDF80CB000F130030BF8013B00279F
S32D00017958F6E64946284601F075F80028BFF6C3AE294600230A22204600F01AFE079B03F1FF380C9B0546002B65
S32D000179807FF450AF129B002B40F335820893B9E6AF4B03930333FFF7F9BBDDE9041200297FF475AEC2F3130394
S32D000179A8002B7FF470AEA94B1340002B00F0FE81099B01330993069B013306934FF0010A63E601230C93239B1D
S32D000179D0079A134412930133012B1F460893B8BF01270021172F61647FF722AC012204235B0003F11400B842D5
S32D000179F8114602F10102F7D9616415E401230C93239B002B4CDD129308931F46E5E700230C93D8E700230C93FC
S32D00017A20F2E7129BCDF81C800893089B002B7FF446AD49460522204600F0B6FD01468146284601F003F8002832
S32D00017A487FF739AD0398079F3123804600F8013B013703904946204600F098FD7B1CDDF80CA00793CDF80C80DC
S32D00017A70002E7FF494AE96E631463A46204600F06DFF0646DEE60D9BCDF83480A8EB03039B444FF000088BE56F
S32D00017A98DDE90A234FF0020ACDE91023FFF7F1BB012323930893FFF7BBBB03D1049BDB073FF553AEDA461BF858
S32D00017AC0013D302BFAD05EE6079B039A013307933123137057E60F9A002A00F0268103F23343069ADDF83480D1
S32D00017AE81A440692099A17461A44099267E54FF000094E46DFE429460D9A204600F0CAFE0546B3E50E9067E594
S32D00017B1000F00F81079A504B564206F00F0203EBC203D3E90023DDE90A01FBF72DFC36118046894600F07181AF
S32D00017B38484F00234FF0020AF20706D5D7E90023FBF71EFC0AF1010A0123761007F10807F2D1002B3FF4B4AB1F
S32D00017B6080468946FFF7B0BB049B002B7FF449AEDDE90412C2F31303002B3FF418AF40E6002A12DD294601222F
S32D00017B882046049300F0E6FE4946054600F05AFF0028049B40F31881392B00F0F9800BF13103BA460AF8013B0C
S32D00017BB0079B0133374607934646E4E50995069C049D02460B46FBF729FA52465B4680468946FBF769FE60B995
S32D00017BD852465B4640464946FBF73AFE00283FF4CEAC099BD9077FF5CAAC039A02E47168204600F0A5FC074623
S32D00017C00002800F00E81336902339A0006F10C010C30FCF795FE39460122204600F09EFE804614E62946204654
S32D00017C2800F038FE054621E5DDE908239F1AC6E4392B00F0AD80BA460133B3E7079A01323746079246467BE53D
S32D00017C50A0AD01000000F07FA8AE010080AE0100DDF84CA0844901EBCA01DDE9102351E90201FBF789FBCDE91B
S32D00017C78100149464046FBF71DFE0646FBF716FB0B46024649464046FBF7C2F9039F53463036012B07F8016BC8
S32D00017CA08046894600F0AE80139E039B1E44734B002240464946FBF767FB89468046FBF7FDFD8246FBF7F6FADD
S32D00017CC80AF1300A02460B4640464946FBF7A0F907F801ABB74280468946E4D1664B0022DDE91001FBF796F906
S32D00017CF042464B46FBF7BAFD002864D1DDE910235F490020FBF788F942464B46FBF7CCFD00283FF4ADABB24693
S32D00017D18013E1AF8013C302BF9D0149B013307933DE5169BC3F13603D7E6DDE90A894FF0020AFFF7C5BA089BD4
S32D00017D40002B3FF467AB129B002B7FF791AB079A013ACDE913324046484B00224946FBF713FB804689460AF1E9
S32D00017D680100FBF7A3FA42464B46FBF709FB434B0022FBF74FF9A1F15073CDE910011193FFF7C1BA079B01335C
S32D00017D9007933123FFF739BB079BBB4601330793392337460BF8013B4646DCE44FF000094E464BE69A466CE4DA
S32D00017DB8109D139C149B01330793B246EFE4149B039A0793FFF716BB7FF4EBAEDA077FF5E8AEE1E6DDF854B0B4
S32D00017DE0109D139CFFF744BB392BD5D0BAF1000F3FF7D9AED9E6229B022B3FF712AECDF81C809BE53E466DE74B
S32D00017E08229B022B3FF709AE129BCDF81C80089311E54FF0020AFFF753BA194B19483A4640F2EA2101F0A8F874
S32D00017E30002666643146204600F086FB039078B9114B124800224FF4D57101F099F8104B0393FFF7F8B83FF474
S32D00017E5834ACC0F13C00B7E4039B236401224FF0FF33239612930C920893FFF7FDBA00BFA8AE0100000024401C
S32D00017E800000E03F00001C40B0AD0100C4AD0100A4AD0100B1F90C20F8B50C461107074642D4636842F4006283
S32D00017EA8002BA28159DDA56A002D54D000233E683B6093B212F4805253D1E16901233846A847421C63D0A3898A
S32D00017ED0A56A5B0705D56368C01A236B0BB1E36BC01AE169024600233846A847411C3ED13B68002B3BD01D2B72
S32D00017EF801D0162B52D1A3892269226023F4006300216160A381216B3E6021B304F14003994202D0384600F01C
S32D00017F2075F900202063F8BD2669C6B193B2256826609A070CBF63690023AD1BA3600CE0D4F824C0E1692B4691
S32D00017F4832463846E047B0F1000CA5EB0C05664416DD002DF0DC0020F8BDE36B002BA2DCF9E7206DB1E7B4F98B
S32D00017F700C302269226023F40063A3810022DB046260C4D52065C2E7A38943F040034FF0FF30A381F8BD3B68E5
S32D00017F98002B98D01D2B06D0162B04D0A38943F04003A381F8BD3E60D5E700BF38B50C46054608B1836BA3B1DB
S32D00017FC0B4F90C00B8B1636EDB0701D4810515D528462146FFF75EFF636EDA07054602D4A3899B050ED5284660
S32D00017FE838BD00F017F8B4F90C000028E7D10546284638BDA06DFCF793F9E5E7A06DFCF791F9284638BD00BF2B
S32D00018010014900F001BA00BF699001002DE9F04782463948FCF780F9DAF83840002C66D1DAF80450354ACAF87D
S32D000180383C200323CAE9B843DFF8CC90DFF8CC80334F344E04230AF53B72CAF8E8222146C5E90243C5E90044A4
S32D00018060C5E904446C660822AC6105F15C00FCF77DFDC5E90759C5E90987EE6205F15800FCF74EF9DAF80850E5
S32D00018088254BEB602146C5E90044C5E904446C66AC60AC61082205F15C00FCF763FDC5E90759C5E90987EE6269
S32D000180B005F15800FCF734F9DAF80C50194BEB602146C5E90044C5E904446C66AC60AC61082205F15C00FCF7AD
S32D000180D849FD05F15800C5E90759C5E90A76C5F82480FCF719F90123CAF838300448BDE8F047FCF717B9BDE865
S32D00018100F0470148FCF712B9001B0020118001000D8D0100318D0100718D0100918D01000900010012000200AF
S32D000181280148FCF7FDB800BFFC1A00200148FCF7F9B800BFFC1A002038B5084B084D5B1B9C1007D0043B1D4432
S32D00018150013C55F804399847002CF9D1BDE8384002F0E2BF0000000000000000F8B5244F0C460646FCF74CFDBA
S32D00018178BA685568C4F57E630F3325F003052B4423F47F6323F00F03A3F58054B4F5805F07DB00213046FCF713
S32D000181A02FFFBB682B44984204D03046FCF736FD0020F8BD61423046FCF722FF01300DD0104ABB682D1B45F09C
S32D000181C801055D60136830461B1B1360FCF722FD0120F8BD00213046FCF70EFFBA68831A0F2BDEDD43F00103C1
S32D000181F05360054B03491B68C01A0860D5E700BF48110020041B002050150020002961D0F8B50C460646FCF7FC
S32D00018218FBFC54F8042C7B4FA4F1080522F0010105EB010CB868DCF80430604523F0030300F08B80D207CCF8C9
S32D00018240043032D454F8082CAD1A1144AA6807F1080082426AD00CEB0304D4F804E0EC68D4601EF0010FA260D3
S32D0001826800F0978041F001036B60CCF80010B1F5007F35D27A68CB0848090121013381401143796007EBC302DF
S32D0001829057F83310083AC5E9021247F83350CD603046BDE8F840FCF7B9BC0CEB03025268D00710D4194407F1B9
S32D000182B80800DCF80830834273D0DCF80C20DA60936041F001036B606950D0E7704741F00103B1F5007F44F891
S32D000182E0043CCCF80010C9D3B1F5206F4FEA512348D28B0903F1390003F13802C300F818FB580838984259D06B
S32D000183085A6822F003028A4202D99B689842F7D1D868C5E902308560DD603046BDE8F840FCF778BC0CEB030269
S32D000183305268D20763D40B44DCE90212CA60916043F001026A603046EB50BDE8F840FCF765BC0B44D10707D46D
S32D0001835854F8082CAD1A1344D5E90212CA60916043F001026A60284ABD6012689A4293D8264B30461968FFF7BD
S32D00018380F5FE8DE7142B0AD9542B1FD80B0B03F16F0003F16E02C300B1E719448DE703F15C0003F15B02C30062
S32D000183A8A9E741F00103C7E90455C5E902006B60695071E779689210012404FA02F20A437A60A6E7B3F5AA7F2D
S32D000183D006D8CB0B03F1780003F17702C3008EE740F25452934206D88B0C03F17D0003F17C02C30083E74FF444
S32D000183F87E737E227FE741F001036B60CCF800104AE700BF4811002054150020341B00202DE9F84307468846BE
S32D0001842000F538764FF00009D6E90154013D11D4A389012B05F1FF3508D9B4F90E300133214603D03846C047CA
S32D0001844849EA00096B1C04F16804EDD13668002EE6D14846BDE8F883004870474C1600202DE9F0418B890C46C4
S32D00018470990796B008D504F143030122C4E90432236016B0BDE8F081B4F90E100029064627DB6A4600F062FE38
S32D00018498002821DB019D05F47045A5F50055B5FA85F54FF480686D094FF4006741463046FBF742FFB4F90C30C9
S32D000184C0F0B1204AF26343F08003C4F81480A3812060206135BB3B43A38116B0BDE8F081A38913F0800519D0F7
S32D000184E84FF0400841463046FBF726FF0025B4F90C302F460028E0D19A05BED423F0030304F1430243F00203B2
S32D000185100121C4E90421A3812260B2E74FF480682F46C7E7B4F90E10304600F02DFE10B9B4F90C30CFE7A389CB
S32D0001853823F0030343F001031BB2C8E711800100C36C70B505460C464BB153F8240080B1026843F8242000231D
S32D00018560C0E9033370BD2122042100F029FD0346E8640028EDD1002070BD012101FA04F6721D9200284600F004
S32D000185881BFD0028F3D0C0E90146E4E731B1C36C4A6853F82200086043F82210704700BF2DE9F0410D69074681
S32D000185B00E461C4601F1140E0020DEF800108BB202FB03434FEA134C090C02FB01CC01309BB203EB0C43854253
S32D000185D84EF8043B4FEA1C44EBDC3CB1B368AB4207DD06EB850301355C6135613046BDE8F0817168384601319F
S32D00018600FFF7A2FF8046A8B13269023206F10C0192000C30FCF794F9FB6C726853F82210316043F822604646DC
S32D0001862806EB850301355C613561DFE7024B03484246B52100F0A0FCB0AD010020AE0100020C12040346CAB9BC
S32D000186500304102013F07F4F04BF1B02083013F0704F04BF1B01043013F0404F04BF9B000230002B05DB13F0D6
S32D00018678804F00F1010008BF202070470020E5E70368024613F0070007D0D9071DD498071FD55B081360012079
S32D000186A0704799B209B91B0C1020D9B209B908301B0A190704BF1B090430990704BF9B080230D90703D45B0859
S32D000186C800F1010003D01360704700207047202070479B0813600220704700BF38B5C36C04460D464BB15868A3
S32D000186F0B0B102685A6000220123C0E90435C26038BD2122042100F05BFC0346E0640028EDD1094B09480022AE
S32D000187184FF4A07100F030FC1C220121204600F04BFC0028F1D001220223C0E90123DEE7B0AD010020AE0100D5
S32D000187402DE9F04F0E691569AE4285B08846144605DB2A46234635460C4616469846A3686168AF19BB42B8BFA3
S32D000187680131FFF7EDFE0190002800F08780019B03F1140909EB870AD14505D24B46002243F8042B9A45FBD831
S32D0001879008F1140808EB860B04F11403D8451A4603EB85055FD22B1B153B23F0030304331534A54238BF0423BB
S32D000187B8CDE902A7AC461F46924605E0000C29D1C34509F1040948D958F8040B85B2002DF4D056464C46002311
S32D000187E056F8040B216882B21FFA81FE05FB02EE000C0A0C734405FB002202EB13429BB243EA0243B44544F897
S32D00018808043B4FEA1243E7D849F8073058F8040C000CD5D0D9F80030544619464D4600222688090C00FB0611A8
S32D000188300A449BB243EA024345F8043B54F8046B2968360C8BB200FB063303EB1243A4454FEA1342E8D8C3450F
S32D0001885849F8073009F10409B6D8DDE902A7002F02DC05E0013F03D05AF8043D002BF9D0019B18461F6105B0BA
S32D00018880BDE8F08F034B0448019A40F25D1100F077FB00BFB0AD010020AE010012F003032DE9F041144606468D
S32D000188A832D10D46A41020D0D6F84880B8F1000F33D0E3074FF0000707D4641015D0D8F80000A8B18046E30719
S32D000188D0F7D5424629463046FFF732FFB5B16968F36C641053F821202A6043F821500546E9D12846BDE8F081C4
S32D000188F8424641463046FFF71FFFC8F8000007608046E0E70546D8E7013B0F4A52F823200023FFF745FE054631
S32D00018920C4E701213046FFF70FFE804640B1012340F27122C0E904320023B0640360BCE7044B054842464FF4BF
S32D00018948A07100F019FB00BF70AF0100B0AD010020AE01002DE9F0470C4690462669A368496806EB6216751C25
S32D000189709D4207464FEA621904DD5B009D4201F10101FADC3846FFF7DFFD8446002851D0B9F1000F00F11400F2
S32D000189980EDD09F105024FEA820E03460CEB8202002143F8041B9342FBD1AEF114031844216904F1140318F06B
S32D000189C01F0803EB81012DD0C8F1200986464FF0000A1A6802FA08F242EA0A024EF8042B53F8042B994222FA67
S32D000189E809FAF2D80B1B153B23F00303043304F11502914238BF0423BAF1000F18BF2E4640F803A0FB6C6268BF
S32D00018A10CCF8106053F822102160604643F82240BDE8F087043853F8042B40F8042F9942F9D8EBE7034B04486D
S32D00018A38624640F2D91100F09FFA00BFB0AD010020AE01000B6984460069C01A15D10CF1140C14310CEB830291
S32D00018A6010B401EB830301E0944508D252F8044D53F8041D8C42F7D004D24FF0FF3010BC70477047012010BC16
S32D00018A88704700BF2DE9F84F0F691369FF1A002F0E4690467AD101F11405143202EB830205EB830301E09D4242
S32D00018AB073D253F8041D52F8044DA142F7D064D37168FFF741FD8146002872D03569D8F81020C76008F1140E4C
S32D00018AD806F1140009F1140A06F1100C0EEB820200EB8507564600215EF8044B5CF804BFA3B211FA8BF1CB1A0B
S32D00018B00210CC1EB1B4101EB23419BB243EA0143724546F8043B4FEA2141E9D8A2EB0804153C08F115084245EC
S32D00018B2824F0030606F1040638BF0426304424F0030238BF002287425244B24416D95646044654F8043B11FA79
S32D00018B5083F10A1402EB134289B241EA0243A74246F8043B4FEA2241EFD87A1E101A20F00302524423B952F81B
S32D00018B78043D013D002BFAD0C9F810504846BDE8F88F334601274646984695E7F9DB002792E70021FFF7D4FC9D
S32D00018BA0814668B101220023C9E904234846BDE8F88F074B07484A464FF4107100F0E0F9034B04484A4640F2D3
S32D00018BC8322100F0D9F900BFB0AD010020AE010070B5012182B016461D46FFF7B1FC044600284BD02B46C5F3EC
S32D00018BF00A55C3F313030DB143F48013002E019322D068460096FFF73FFD002836D0019B0099C0F1200203FA46
S32D00018C1802F20A43C34001936261002B14BF02210121A3612161ADB1069AA5F2334303441360079BC0F135007C
S32D00018C401860204602B070BD01A8FFF71DFD019B0121C4E904132030002DE9D104EB8102A0F232431069069A44
S32D00018C681360FFF7EDFC079BC0EB41112046196002B070BDDDE900236261CEE7034B0448224640F20A3100F06E
S32D00018C9077F900BFB0AD010020AE0100DFF860C0F8B521F000430027634504460D461646176022DC844653EA1D
S32D00018CB80C0C1ED0DFF844C001EA0C0C0A46BCF1000F09D10E4B0022FAF75AFB6FF0350704460A4621F0004379
S32D00018CE022F0FF421B1522F4E002A3F2FE3342F07F553B4445F40015336020462946F8BDFFFFEF7F0000F07F59
S32D00018D080000504310B50C46B1F90E1000F07CFA002803DB236D0344236510BDA38923F48053A38110BD00BF6C
S32D00018D302DE9F0410C46B1F90C101F46CB05054616460BD421F48051A1813B46B4F90E1032462846BDE8F041EA
S32D00018D58FEF716B8B4F90E100223002200F028FAB4F90C10EAE700BF10B50C46B1F90E1000F01EFAA389421C3B
S32D00018D800EBF23F4805343F480532065A38110BDB1F90E1000F050B930B540EA0104A30701D1032A0FD884465E
S32D00018DA801F1FF3E07E01EF8011F03F8011B541EC1B19C4622466346002AF4D130BD0B468446194653F8045B62
S32D00018DD0A5F1013424EA050414F0803FE4D1043A032A4CF8045B1946EFD8DDE76244002CE8D003F8011B9342AC
S32D00018DF8FBD130BD2DE9F04F936883B09146002B6DD017688D6880460C460868083743E0A38913F4906F2ED043
S32D00018E20D4E90415A0EB010A05EB450505EBD5750AEB06006D100130A8422A4684BF05462A465B0536D5114680
S32D00018E484046FBF779FA00283AD0524621690190FBF772FDA289019B22F4906242F08002A281A5EB0A0203EB9A
S32D00018E700A006561A260236120603546B24659465246FBF7F7FDD9F80830A16820684D1B50449E1BA560206099
S32D00018E98C9F808601EB3083757E902B6002EFAD0B542AA46B4D93546B246E4E74046FBF7B7FE03460028D4D18D
S32D00018EC021694046FFF7A2F90C23C8F80030A389002243F040034FF0FF30A381C9E9012203B0BDE8F08F0020A1
S32D00018EE8C9F8040003B0BDE8F08F00BF2DE9F047DFF87CA00646DAF8000098460F469146FBF70EFA1B4B1B68B5
S32D00018F10D3F8484124B365681F2D26DC5EB96B1C0235DAF80000636044F82570FBF7FEF90020BDE8F08704EB9D
S32D00018F3885010123C1F88890D4F88821AB401A43022EC4F88821C1F80881E4D1D4F88C211343C4F88C31DEE739
S32D00018F6003F5A674C3F84841D5E7DAF80000FBF7DDF94FF0FF30DCE75815002038AD010000B50B4C256814469F
S32D00018F88EE681A4685B003460D464CB107490095CDE901143046064900F0C8F8FBF71CF804490C46F3E700BFD3
S32D00018FB01C0D00207CAF01008CAF010088AF010038B5A1FB02148CBBFBF7BAF90546E0B150F8042C22F00302B3
S32D00018FD8043A242A17D8132A1AD91B2AC0E900441DD9242A14BF00F1100200F118024FF00003C0E9024404BF74
S32D0001900004614461C2E900339360284638BD2146FBF7ACFD284638BD02460023C2E900339360284638BD00F10E
S32D000190280802F6E700F016F80C2300250360E8E738B5074D0022044608462A6001F092FA431C00D038BD2B68F5
S32D00019050002BFBD0236038BD381B0020014B1868704700BF1C0D002070B500294BD006460C4610B1836B002BA4
S32D0001907848D0636ED80734D5B4F90C30002B3ED021463046FEF702FFE36A054633B1E169304698470028B8BF49
S32D000190A04FF0FF35A3891A063BD4216B41B104F14003994202D03046FFF7A8F800232363616C21B13046FFF7B0
S32D000190C8A1F800236364FFF72BF8636E0022DB07A28127D5A06DFBF721F9FFF727F8284670BDA3899905CBD4B7
S32D000190F0A06DFBF719F9B4F90C30002BC4D1656E15F0010508D00025284670BDFEF786FF636ED807B4D4E8E7A0
S32D00019118A06DFBF707F9284670BD21693046FFF771F8BEE7A06DFBF7FDF8D3E70EB410B583B005AB064C53F8D5
S32D00019140042B01930146206800F0B4F803B0BDE8104003B0704700BF1C0D002070B50C46084D03460026204617
S32D0001916811461C462E6001F005FA431C00D070BD2B68002BFBD0236070BD00BF381B002038B5074D002204462D
S32D0001919008462A6001F002FA431C00D038BD2B68002BFBD0236038BD381B0020014B93F8280170475C1500200B
S32D000191B838B50C46084D8446114620461A4600232B60644601F0F6F9431C00D038BD2B68002BFBD0236038BDB0
S32D000191E0381B002082B049B15AB16BB113780B601278101E18BF012002B0704701A9002AF3D1104602B0704734
S32D000192086FF00100F4E700BF38B50C46084D8446114620461A4600232B60644601F0D2F9431C00D038BD2B68F7
S32D00019230002BFBD0236038BD381B00202DE9F84F4B6E9C0490462DD59368126843B38B46064602F1080959E9D2
S32D00019258025A5FEA9A0715D0043D002401E0A7420ED055F8041F5A46304600F091FF431C04F10104F3D1002369
S32D00019280C8E90133BDE8F88FD8F808302AF0030AA3EB0A03C8F8083009F10809002BDAD10020ECE7FAF7A4FE85
S32D000192A80023C8E90133BDE8F88F00BF2DE9F04FBDB0CDE904301C460191174618B1836B002B00F08682019A32
S32D000192D0536EDE0740F18F81B2F90C108AB2900408D441F4005201994B6E8A8123F4005392B24B66110740F188
S32D000192F8F780019B1B69002B00F0F28002F01A030A2B00F0FB8013AB10930023CDE91133CDE90A3308930DF16A
S32D000193204C09099303933B78002B00F051813C4604E014F8013F002B00F02C81252BF8D1E51B40F029812378EF
S32D00019348002B00F041814FF0000300258DF83B30671C637802954FF0FF3B2B240137A3F120025A2A00F25281CE
S32D00019370DFE812F098025001500194025001500150016A005001500136026B0250014102A6025001A2025B0003
S32D000193985B005B005B005B005B005B005B005B00500150015001500150015001500150015001230284005001FB
S32D000193C0500150015001500150015001500150015001DD00500150015001070250015902500150011E0550010A
S32D000193E8500150015001500150015001500150015001230286005001500150014F02860080005001450250019F
S32D000194108102DF006F028000500107027E003E0550015001400550017E00A3F13002002117F8013B01EB810169
S32D0001943802EB4101A3F13002092AF5D902918EE7DDF814804046FFF707F843680A931846FBF7B2FE0B900646F4
S32D000194604046FEF7FDFF83680993002E40F07B843B7877E73B7845F0200573E745F01005AC06049E40F16F814B
S32D00019488073626F007063246736852F8086B04929846002BC0F22D84BBF1FF3F00F0108556EA080325F0800AEA
S32D000194B000F008840A2E78F1000380F0BD84303601238DF8EF60554600930DF1EF04DDF800809DF83B30D845CD
S32D000194D8B8BFD846002B00F0A88008F10108A4E0019D05982946FDF761FC002840F08885AA8902F01A030A2B30
S32D000195007FF405AF0199B1F90E30002BFFF6FFAE4B6EDE0702D4950540F156850199059823463A463DB0BDE8FA
S32D00019528F04F00F093BD45F0100515F0200800F00781049E073626F007063346D6F8048053F8086B049325F46B
S32D00019550806A00234FF000028DF83B20BBF1FF3F00F0C88156EA08022AF0800540F0C181BBF1000F40F0AB8426
S32D00019578002B40F0A8831AF00103009300F0D68330238DF8EF300DF1EF049CE7E51B1BD0119B129A01332A4404
S32D000195A0072BC9E900751292119305DC09F10809039B2B440393C6E6002A00F07F830199059810AAFFF73AFE85
S32D000195C840B90DF14C09EFE7129B002B40F0098500231193019A536ED90740F1A68093895B0600F119850398BB
S32D000195F03DB0BDE8F08F019BB3F90C108D058AB23FF56DAE1D46986DFAF78EFEB5F90C108AB264E6002BDBD0AF
S32D000196188DF88C304FF001084FF000038DF83B30CDF8008023AC4FF0000B15F00203069318BF08F1020815F088
S32D000196408403079305D1029BA3EB0806002E00F36C82DDE91121501C9DF83B608EB10DF13B020131C9F800209B
S32D0001966807284FF00102CDE91101C9F8042000F33B82024609F108090130069BDBB10FAB0231C9F80030072847
S32D000196904FF00203CDE91101C9F8043040F34082002900F006830199059810AAFFF7C6FD002893D1DDE91121E5
S32D000196B80DF14C09501C079B802B00F05881009BABEB0306002E00F3B681009BC9F8004019440728CDE911012C
S32D000196E0C9F8043040F34481002900F072820199059810AAFFF7A2FD00287FF46FAF12990DF14C09680705D5DB
S32D00019708029BA3EB0804002C00F36982DDE902234245ACBF9B1843440393002940F0D581002311930DF14C097B
S32D00019730F9E5019B9B899A053FF556AF019CA06DFAF7F4FDA3894FE715F0100340F0238315F0400200F0EB8313
S32D00019758049A52F8046B04929846B6B2F3E656F8043B0496E80600F1ED82690640F1E78243F3C0381EB24346D1
S32D000197808BE6049E56F8044B4FF000038DF83B30002C00F0B183BBF1FF3F00F02E835A4600212046FBF77CF870
S32D000197A8002800F01284031B009304964FF0000B89E6049E4FF000038DF83B304FF0010856F8043B8DF88C30F6
S32D000197D00496CDF8008023AC29E7FEF71FFC76E5049B53F8042B0292002A80F29F82029A0493524202923B78C9
S32D000197F845F00405B2E53B786C2B03BF7B7845F02005013745F01005A8E53B78682B03BF7B7845F40075013724
S32D0001982045F040059EE545F0100A1AF0200800F05582049E073626F007063346D6F8048053F8086B049301238E
S32D0001984884E63B788DF83B4088E5049B53F8046B049330238DF83C3078238DF83D30B94B089345F0020A4FF087
S32D00019870000802236EE6AE0600F18382EC0600F13383680600F19283A90540F12D83049E039A56F8043B04969C
S32D000198981A7044E53B7845F001055FE59DF83B30002B7FF4E1AD20238DF83B303B7855E53B7845F0800551E5CD
S32D000198C0394611F8013B2A2B00F0B383A3F13002092A0F464FF0000B3FF645AD17F8013B0BEB8B0B02EB4B0B61
S32D000198E8A3F13002092AF5D939E5AA46012B3FF4DDAD022B3CAC12D1089A06F00F033609D35C04F8013D46EA19
S32D0001991008764FEA181856EA0803F2D13CAB1B1B55460093D3E506F00703F60846EA48764FEAD808303356EA88
S32D000199380801224604F8013DF1D11AF0010FE9D0302BE7D03023023A04F8013C3CAB9B1A554600931446B6E527
S32D000199600099139401231491129111930DF14C0909F10809C6E6029BA3EB0806002E7FF7A2AE102E40F351830C
S32D00019988DFF8C4A15346CDE906B4BA46DDF814B0019C2F461D4607E002F1020C09F108090246103E102E1EDD9B
S32D000199B0501C103110230728CDE91101C9F80050C9F80430ECDD10AA002900F08B80214658460DF14C09FFF7B6
S32D000199D831FC00287FF4FEADDDE91121103E102E02F1010CE0DCDDE906B42B463D4657469A463144BCF1070F84
S32D00019A00CDE911C1C9F800A0C9F8046040F39581002900F0BB820199059810AAFFF70EFC00287FF4DBAD009BDB
S32D00019A28DDE91121ABEB0306002E02F101000DF14C097FF74AAE102EDFF80CA131DD5346CDE90645BA46059C8A
S32D00019A50019D4FF0100B1F4607E002F1020C09F108090246103E102E19DD501C10310728C9E9007BCDE91101FC
S32D00019A78EFDD10AA19B3294620460DF14C09FFF7D9FB00287FF4A6ADDDE91121103E102E02F1010CE5DCDDE982
S32D00019AA006453B46604657469A4631440728CDE91101C9F800A0C9F8046000F3E68009F10809013005E64FF0F7
S32D00019AC8010C0A460DF14C09C8E70199059810AAFFF7B0FB00283FF423AE7BE54FF0010C0A460DF14C095CE7C0
S32D00019AF0002900F0DB800199059810AAFFF79EFB00287FF46BADDDE911210DF14C09501CB7E502210FAB1491CB
S32D00019B18139301200DF14C09024609F10809501CC9E5102E40F35782DDE911C1DFF81CA0CDE90CB410235446DF
S32D00019B40DDF804B0DDF814A062460DE04CAD0100E0B00100D0B0010002F1020C09F108090246103E102E1BDD6B
S32D00019B68501C10310728C9E90043CDE91101EFDD10AA21B3594650460DF14C09FFF75AFB00287FF427ADDDE9D3
S32D00019B901121103E102E02F1010C4FF01003E3DCA246DDF830B00D9C62463144072ACDE91121C9F800A0C9F839
S32D00019BB8046000F3A78009F10809501C48E50A464FF0010C0DF14C09C7E76C07119150D5029BA3EB0804002C22
S32D00019BE04BDD0DF14C09102C40F30982DFF8ECA2119A059EDDF804B053461025BA461F4606E0901C09F10809D5
S32D00019C081A46103C102C19DD531C1031072BC9E90075CDE91131F0DD10AA29B359463046FFF708FB00287FF442
S32D00019C30D5ACDDE91121103C102C02F101000DF14C09E5DC3B4657469A4621440728C9E900A4CDE911017FF7D6
S32D00019C585DAD71B10199059810AAFFF7EBFA00287FF4B8AC129951E501200A460DF14C09C7E7DDE90223424521
S32D00019C80ACBF9B18434403934EE500293FF468AE0199059810AAFFF7D1FA00287FF49EAC1198129901300DF1BB
S32D00019CA84C0912E5069B002B77D101200A460DF14C0900E511920DF14C0975E4BBF1000F7FF4F9AB55464FF089
S32D00019CD0000BCDF800B03CACFFF7F9BB1AF010033AD11AF0400200F01381049A52F8046B04929846B6B2012304
S32D00019CF82CE42D2376428DF83B3068EB4808AA46012327E400297DD00199059810AAFFF791FA00287FF45EACE6
S32D00019D20DDE911210DF14C09501C95E404933B78FFF718BB3CACFFF7CABB09F108090CF101006246BFE4AA056B
S32D00019D4800F138814FEAE3781E464346FFF7A1BB049B53F8046B04930123FFF7F7BB099B002B3FF481AB099BE1
S32D00019D701B78002B3FF47CAB3B7845F48065FFF7F1BADDE9031656F8042B0496CB17C2E90013FFF7C8BA049B8D
S32D00019D9853F8046B0493FFF7D6BB02210FAB149113930DF14C09B8E64B4A089215F0200836D0049E073626F054
S32D00019DC007063246D6F8048052F8086B0492EA0709D556EA080206D08DF83D30302345F002058DF83C3025F4D0
S32D00019DE8806A0223FFF7B2BBAA461AE53B4A0892DCE720460496FBF7DFF94FF0000B0090FFF761BB9DF83B2063
S32D00019E10002A00F0C18001200DF13B02149013920DF14C09014628E415F0100242D0049A52F8046B0492CAE7B6
S32D00019E380AF48063CDF800B0CDF81890BB46DDF8249000253CAC1F4609E03046414600F007FA0A2E78F10003C1
S32D00019E601BD306468846304641460A22002300F0FBF91146303104F8011C0A220023013C0135002FE5D099F893
S32D00019E880010A942E1D1FF2DDFD00A2E78F1000364D23CAB1B1BCDF824905F46DDF81890DDF800B000935546DE
S32D00019EB0FFF70DBB15F0400147D0049951F8046B04919046B6B282E7AA46FFF7F3BA012BAA467FF412ADFFF700
S32D00019ED8F2BA00BFD0B0010060AD01004CAD0100049E039A56F8043B1A600496FFF717BABBF1060FD84628BFFA
S32D00019F004FF00608504CCDF800800496FFF78FBB049B1AF4007814BF53F8046B53F8046B04931CBF9046F6B2CE
S32D00019F280123FFF713BB049B15F4007814BF53F8046B53F8046B04931CBF9046F6B2FFF702BB049A15F40078F9
S32D00019F5014BF52F8046B52F8046B04921CBF8846F6B234E70B9B0A99E41A1A462046FEF713FF99F801300BB109
S32D00019F7809F10109304641460A220023002500F06FF96AE701200A460DF14C09FFF797BB069B002B7FF4B9ADEB
S32D00019FA00A4601200DF14C09FFF78DBB049E039A56F8043B04961A80FFF7B5B943F3C0185EB24346FFF769BA6C
S32D00019FC8886DFAF7AFF9FFF7A5BACDF800B004968346FFF778BA119A1299DFF868A00132DFE50199059810AA6A
S32D00019FF0FFF724F900283FF4EFAAFFF7EFBA1198DFF848A0013020E6019B5B6EDB0707D4019B9B899F0503D4A0
S32D0001A018019B986DFAF786F94FF0FF330393FFF7E2BADFF824A08446E3E4049A7B780F4652F8041B049241EA33
S32D0001A040E17BFFF78FB900BF74AD0100D0B00100E0B00100F0B51F468B89ADF26C4D23F00203ADF80C304B6E3C
S32D0001A0681993CB89ADF80E30CB6907934B6A09931AAB009304934FF48063154606460293059316A800230C46AB
S32D0001A0900693FAF745F92A463B4669463046FFF709F9051E07DB69463046FDF783FF002818BF4FF0FF35BDF804
S32D0001A0B80C305B0603D5A38943F04003A3811698FAF72CF928460DF26C4DF0BD49B1FF2A02D80A700120704758
S32D0001A0E08A2303604FF0FF3070470846704700BF2DE9F04383B0074688461446FFF756F8012803D108F1FF33FB
S32D0001A108FE2B37D9424604F15C0301A9384600F073F8421C064633D038B39DF804C00DF10509002509E02368FA
S32D0001A1305A1C226083F800C00135B54219D219F801CBA368013B002BA360F0DAD4F818E0734561462246384690
S32D0001A15802DBBCF10A0FE6D1FCF7BAFD431CE7D10646304603B0BDE8F0834646304603B0BDE8F0835FFA88FC86
S32D0001A1808DF804C00646CEE7A389304643F04003A38103B0BDE8F08330B5536E13F0010FB2F90C30144683B032
S32D0001A1A805469AB201D198051CD5900406D4626E43F4005342F40052A381626622462846FFF792FF636EDA0746
S32D0001A1D0054602D4A3899B0502D5284603B030BDA06DFAF7A3F8284603B030BDA06D0191FAF79AF8B4F90C30DC
S32D0001A1F801999AB2D9E700BF70B5054684B01C4639B10B4ED6F8E060B047431C09D004B070BD0A460649D1F804
S32D0001A220E06001A9B047431CF5D100228A2322602B6004B070BD00BF5C1500204FEA410C7FEA6C5C02D150EA38
S32D0001A248013C0AD14FEA430C7FEA6C5C02D152EA033C02D14FF0000070474FF00100704753B94AB9002908BF09
S32D0001A27000281CBF4FF0FF314FF0FF3000F074B9ADF1080C6DE904CE00F006F8DDF804E0DDE9022304B07047EB
S32D0001A2982DE9F047089E0D4604468846002B4DD18A42944668D9B2FA82F252B101FA02F3C2F1200120FA01F116
S32D0001A2C00CFA02FC41EA030894404FEA1C45210CB8FBF5FE1FFA8CF705FB1E8341EA03430EFB07F199420BD986
S32D0001A2E81CEB03030EF1FF3080F01E81994240F21B81AEF1020E63445B1AA4B2B3FBF5F005FB103344EA0344E8
S32D0001A31000FB07F7A7420AD91CEB040400F1FF3380F00881A74240F2058164440238E41B40EA0E4000211EB144
S32D0001A338D4400023C6E90043BDE8F0878B4208D9002E00F0EE800021C6E900050846BDE8F087B3FA83F10029EE
S32D0001A3604AD1AB4202D3824200F2F980841A65EB030301209846002EE2D0C6E90048DFE702B9FFDEB2FA82F27A
S32D0001A388002A40F09180A1EB0C054FEA1C471FFA8CFE0121B5FBF7F307FB1350250C45EA00450EFB03F0A842B3
S32D0001A3B008D91CEB050503F1FF3802D2A84200F2CB8043462D1AA4B2B5FBF7F007FB105544EA05440EFB00FEC4
S32D0001A3D8A64508D91CEB040400F1FF3502D2A64500F2BB802846A4EB0E0440EA03409EE7C1F120078B4022FAA9
S32D0001A40007FC4CEA030C20FA07F405FA01F31C43FD404FEA1C4900FA01F3B5FBF9F8200C1FFA8CFE09FB1855D4
S32D0001A42840EA054508FB0EF0A84202FA01F20BD91CEB050508F1FF3A80F08880A84240F28580A8F102086544AB
S32D0001A4502D1AA4B2B5FBF9F009FB105544EA054500FB0EFEAE4508D91CEB050500F1FF346CD2AE456AD9023808
S32D0001A478654440EA0840A0FB0294A5EB0E05A542C846A64656D353D05EB1B3EB080265EB0E0505FA07F722FA66
S32D0001A4A001F3CD401F43C6E900750021BDE8F087C2F1200320FA03F10CFA02FC25FA03F395400D434FEA1C470B
S32D0001A4C81FFA8CFEB3FBF7F107FB11302B0C43EA004301FB0EF0984204FA02F408D91CEB030301F1FF382FD262
S32D0001A4F098422DD9023963441B1AADB2B3FBF7F007FB103345EA034500FB0EF3AB4208D91CEB050500F1FF3893
S32D0001A51816D2AB4214D902386544ED1A40EA014138E73146304607E78646E5E61846FAE64B45A9D2B9EB020874
S32D0001A54064EB0C0E0138A3E74046EAE7204694E74146D1E7D0467BE7023B654432E7084609E76444023842E789
S32D0001A568704700BF024B58221A604FF0FF307047381B0020024B58221A604FF0FF307047381B0020024B5822D5
S32D0001A5901A604FF0FF307047381B0020024B58221A600020704700BF381B0020024B58221A604FF0FF307047DA
S32D0001A5B8381B0020024B58221A604FF0FF307047381B0020024B58221A604FF0FF307047381B0020044A0549B3
S32D0001A5E01368002B08BF0B4618441060184670473C1B0020401B0020024B58221A604FF0FF307047381B0020E2
S32D0001A608FEE700BF3131333044364B4B52000000343034004C6F6F7020697465726174696F6E20693D00000071
S32D0001A6302C2076616C3D00002C206D696E4364533D0000000000000040787D0100D8B80500000000000000019C
S32D0001A6580000090200001A03000000040000020500001A0600001B0700001A08000009090000090A00001A0BF2
S32D0001A6800000DB0C00001A0D000000000000000F00001A1000001A1100001A120000000000001A1400000000DF
S32D0001A6A800001A1600001A1700001A1800001A1900001A1A00001A1B00001B1C00001B1D00001A1E00000000AD
S32D0001A6D000001A2000001A2100001A2200001A2300001A2400001A2500001B260000022700001A280000022919
S32D0001A6F800001B2A000000000000000000000000000000000000000000000000000000000000000000001A33A1
S32D0001A72000001A3400001A350000000000001A3700001B3800000000000000000000000000001B3C00001B3D1A
S32D0001A74800000000000000000101010101010101020202020202000000000000000000000004040404040303B4
S32D0001A7700101010101010101000001010101010000010100000101000000000001000000000000000B0000009D
S32D0001A7980A00000007000000060000000500000004000000010000000000000000000000010000000800000068
S32D0001A7C0090000000A0000000B00000011000000100000000F0000000E0000000D0000000C0000000B000000EA
S32D0001A7E80A00000009000000080000000700000019000000180000001A0000001B0000001C000000010000009D
S32D0001A810060000000F0000000E0000000D0000000C0000000B0000000A00000009000000080000000E000000A9
S32D0001A8380F00000004000000050000000600000007000000110000000100000014000000010000001400000091
S32D0001A860000000001300000000000000130000000B0000000A000000120000001100000010000000100000004B
S32D0001A888040000000500000007000000060000000B0000000A0000000700000006000000050000000400000060
S32D0001A8B00100000000000000000000000100000008000000090000000A0000000B000000110000001000000030
S32D0001A8D80F0000000E0000000D0000000C0000000B0000000A00000009000000080000000700000019000000D5
S32D0001A900180000001A0000001B0000001C0000007630322E30392E3030000000256400002D25642E2530336469
S32D0001A9280000000025642E2530336400747275650000000066616C7365000000456E74657220636D64206D6F44
S32D0001A95064652E2E2E0000002000000057616974696E6720666F7220726573706F6E73652E2E2E00456E746586
S32D0001A9787220636D64206D6F6465204641494C45440000007769746820446174613A2000547279696E672061B2
S32D0001A9A06761696E2E2E2E00446174613A20000053657420776972656C6573732069642E2E2E00004572726FC2
S32D0001A9C87220776974682052435320636F6E66696775726174696F6E00000000536574206E6574776F726B20FC
S32D0001A9F069642E2E2E00000053657420636F7572736520696420286C6F77292E2E2E000053657420636F7572C5
S32D0001AA187365206964202868696768292E2E2E00536574206368616E6E656C20323620323438304D487A000005
S32D0001AA4057726974696E6720636F6E6669672E2E2E0000004578697420636F6D6D616E64206D6F64652E2E2EFB
S32D0001AA68000000005465616D204B65792053656E743A2000436F6E6E656374696E6720746F20526567696F6E4C
S32D0001AA902000000052435320756E61626C6520746F20636F6E6E65637420746F20726567696F6E200000000024
S32D0001AAB84D616B652073757265206E6F206F746865722050726F7465692061726520636F6E6E656374656420F5
S32D0001AAE0746F2074686520726567696F6E000000526573746172742074686520726567696F6E20616E64207290
S32D0001AB086574727920636F6E6E656374696E67207769746820796F75722050726F74657573210000524353200C
S32D0001AB30456E61626C6564205375636365737366756C6C792C2050726F6772616D2072756E6E696E6720696EEA
S32D0001AB582033207365636F6E64730000557365204C454654202F20524947485420746F206368616E67652072EC
S32D0001AB806567696F6E000000557365204D4944444C4520746F2073656C65637400000000526567696F6E3A2037
S32D0001ABA80000000043686F6963653A204100000043686F6963653A204200000043686F6963653A2043000000C9
S32D0001ABD043686F6963653A204400000043686F6963653A204500000043686F6963653A204600000043686F6915
S32D0001ABF863653A204700000043686F6963653A204800000053656C6563742052435320526567696F6E000000EC
S32D0001AC204100000000000000000000000000000000000000420000000000000000000000000000000000000082
S32D0001AC484300000000000000000000000000000000000000440000000000000000000000000000000000000056
S32D0001AC70450000000000000000000000000000000000000046000000000000000000000000000000000000002A
S32D0001AC9847000000000000000000000000000000000000004800000000000000000000000000000000000000FE
S32D0001ACC049000000000000000000000000000000000000004A00000000000000000000000000000000000000D2
S32D0001ACE84B000000000000000000000000000000000000004C00000000000000000000000000000000000000A6
S32D0001AD104F6B00000000000000000000000000000000000043616E63656C000000000000000000000000000014
S32D0001AD38200D0020494E4600696E66004E414E006E616E00303132333435363738396162636465660000000009
S32D0001AD603031323334353637383941424344454600000000286E756C6C290000300000002020202020202020E6
S32D0001AD882020202020202020303030303030303030303030303030304E614E00496E66696E6974790000000055
S32D0001ADB042616C6C6F6320737563636565646564000000002F746D702F6A656E6B696E732D4743432D31302D0C
S32D0001ADD8706970656C696E652D3333385F32303231313031385F313633343531363139352F7372632F6E6577E5
S32D0001AE006C69622F6E65776C69622F6C6962632F7374646C69622F64746F612E630000002F746D702F6A656E6E
S32D0001AE286B696E732D4743432D31302D706970656C696E652D3333385F32303231313031385F313633343531EF
S32D0001AE50363139352F7372632F6E65776C69622F6E65776C69622F6C6962632F7374646C69622F6D7072656367
S32D0001AE782E630000000000000080E03779C34143176E05B5B5B89346F5F93FE9034F384D321D30F94877825A3E
S32D0001AEA03CBF737FDD4F1575000000000000F03F000000000000244000000000000059400000000000408F40A5
S32D0001AEC8000000000088C34000000000006AF8400000000080842E4100000000D01263410000000084D7974102
S32D0001AEF00000000065CDCD41000000205FA00242000000E876483742000000A2941A6D42000040E59C30A2429D
S32D0001AF180000901EC4BCD64200003426F56B0C430080E03779C3414300A0D8855734764300C84E676DC1AB438A
S32D0001AF40003D9160E458E143408CB5781DAF154450EFE2D6E41A4B4492D54D06CFF08044F64AE1C7022DB54465
S32D0001AF68B49DD9794378EA4405000000190000007D0000002C2066756E6374696F6E3A200000000061737365DB
S32D0001AF907274696F6E2022257322206661696C65643A2066696C6520222573222C206C696E6520256425732595
S32D0001AFB8730A00000020202020202020202028282828282020202020202020202020202020202020208810101D
S32D0001AFE01010101010101010101010101004040404040404040404101010101010104141414141410101010150
S32D0001B0080101010101010101010101010101010110101010101042424242424202020202020202020202020205
S32D0001B0300202020202020202101010102000000000000000000000000000000000000000000000000000000081
S32D0001B05800000000000000000000000000000000000000000000000000000000000000000000000000000000C9
S32D0001B08000000000000000000000000000000000000000000000000000000000000000000000000000000000A1
S32D0001B0A800000000000000000000000000000000000000000000000043000000504F5349580000002E00000075
S32D0001B0D02020202020202020202020202020202030303030303030303030303030303030F8B500BFF8BC08BC6D
S32D0001B0F89E467047896E010065C4000065CA0000D9ED000095FB0000991C0100451D0100011E0100D12E0100AF
S3190001B1209D2F0100E92F0100F8B500BFF8BC08BC9E467047AF
S30D0001B134B47EFF7F010000005B
S32D0001B13C01FFFFFF170034022D0036022B00380229003A02270006023000060225000602320006022300060271
S32D0001B164340006022100060204002E01040006021F00060204003001040006021D000602040032010400060248
S32D0001B18C1B0006020400340104000602190006020400360104000602170006020400380104000602150006023F
S32D0001B1B404003A01040006021300060204003C01040006021100060204003E01040006020F00060204004001F5
S32D0001B1DC040006020D00060204004201040006020B000602040044010400060209000602040046010400060200
S32D0001B2040700060204004801040006020500060204004A01040006020300060204004C010400060201000602DA
S32D0001B22C04004E0104000B020400500104000902040052010400080203005401030008020300540103000802FC
S32D0001B25403001D011A001D010300080203001C011C001C010300080203001B011E001B010300080203001A017B
S32D0001B27C0400180204001A01030008020300190104001A0204001901030008020300180104001C020400180196
S32D0001B2A4030008020300170104001E02040017010300080203001601040006021500050204001601030008029C
S32D0001B2CC030015010400060217000502040015010300080203001501030006021900050203001501030008027F
S32D0001B2F403001501030005021B000402030015010300080203001501030004021C000402030015010300080257
S32D0001B31C03001501030004021C000402030015010300080203001501030004021C00040203001501030008022E
S32D0001B34403001501030004021C000402030015010300080203001501030004021C000402030015010300080206
S32D0001B36C03001501030004021C000402030015010300080203001501030004021C0004020300150103000802DE
S32D0001B39403001501030004021C000402030015010300080203001501030004021C0004020300150103000802B6
S32D0001B3BC03001501030004021C000402030015010300080203001501030004021C00040203001501030008028E
S32D0001B3E403001501030004021C000402030015010300080203001501030004021C000402030015010300080266
S32D0001B40C03001501030004021C000402030015010300080203001501030004021C00040203001501030008023D
S32D0001B43403001501030004021C000402030015010300080203001501030004021C000402030015010300080215
S32D0001B45C03001501030004021C000402030015010300080203001501030004021C0004020300150103000802ED
S32D0001B48403001501030004021C000402030015010300080203001501030004021C0004020300150103000802C5
S32D0001B4AC03001501030004021C000402030015010300080203001501030004021C00040203001501030008029D
S32D0001B4D403001501030004021C000402030015010300080203001501030004021C000402030015010300080275
S32D0001B4FC03001501030004021C000402030015010300080203001501030004021C00040203001501030008024D
S32D0001B52403001501030004021C000402030015010300080203001501030004021C000402030015010300080224
S32D0001B54C03001501030004021C000402030015010300080203001501030004021C0004020300150103000802FC
S32D0001B57403001501030004021C000402030015010300080203001501030004021C0004020300150103000802D4
S32D0001B59C03001501030004021C000402030015010300080203001501030004021C0004020300150103000802AC
S32D0001B5C403001501030004021C000402030015010300080203001501030004021C000402030015010300080284
S32D0001B5EC03001501030004021C000402030015010300080203001501030004021C00040203001501030008025C
S32D0001B61403001501030004021C000402030015010300080203001501030004021C000402030015010300080233
S32D0001B63C03001501030004021C000402030015010300080203001501030004021C00040203001501030008020B
S32D0001B66403001501030004021C000402030015010300080203001501030004021C0004020300150103000802E3
S32D0001B68C03001501030004021C000402030015010300080203001501030004021C0004020300150103000802BB
S32D0001B6B403001501030004021C000402030015010300080203001501030005021B000402030015010300080293
S32D0001B6DC030015010300060219000502030015010300080203001501040006021700050204001501030008026B
S32D0001B70403001601040006021500050204001601030008020300170104001E0204001701030008020300180128
S32D0001B72C04001C0204001801030008020300190104001A02040019010300080203001A010400180204001A01DF
S32D0001B7540300080203001B011E001B010300080203001C011C001C010300080203001D011A001D010300080287
S32D0001B77C0300540103000802030054010300080204005201040009020400500104000B0204004E0104000602A9
S32D0001B7A40100060204004C01040006020300060204004A01040006020500060204004801040006020700060235
S32D0001B7CC04004601040006020900060204004401040006020B00060204004201040006020D00060204004001D1
S32D0001B7F4040006020F00060204003E01040006021100060204003C01040006021300060204003A0104000602E8
S32D0001B81C1500060204003801040006021700060204003601040006021900060204003401040006021B000602A8
S32D0001B84404003201040006021D00060204003001040006021F00060204002E0104000602210006023400060261
S32D0001B86C2300060232000602250006023000060227003A02290038022B0036022D0034021700FFFF43000201FC
S32D0001B894930003019200040191000501900006012B000102630006012A00030262000601290005026100060161
S32D0001B8BC2800070226000501230006010C000601130006010800010205000902050001021600020105000A015D
S32D0001B8E4090002010500080106000B010700100109000A0106000202050007020500020207000B0104000301A1
S32D0001B90C02000D010800030102000A0104000E010600100107000E0104000302050005020500030205000E0170
S32D0001B9340300130107000F0103001001050010010600100103000402040005020400040204001001020014012B
S32D0001B95C06000F01020012010400100105001201020005020300050203000502030012010100150105000F0105
S32D0001B98402001301030010010500120102000602020005020200060203001201010009010500070105000F01F2
S32D0001B9AC01000801050007010300100104000801030007010300060202000502020006020200130101000701EC
S32D0001B9D408000701040007010900060108000701040006010C00060105000601040005020300050203000502BF
S32D0001B9FC020006010E0007010900060104000601090006010A000601040006010B00060105000601050005028C
S32D0001BA240300050203000502020006010E0006010B00050104000601090006010A000601040006010B00060167
S32D0001BA4C0400070105000502030005020300050202000E01060006010B00060103000601090006010B00050144
S32D0001BA74040006010B0006010300070106000502030005020300050203001001030006010B0006010300060120
S32D0001BA9C090006010B000501040006010B000601030006010700050203000502030005020300110102000601F3
S32D0001BAC40B00060103000601090006010B000501040006010B00060102000601080005020300050203000502CD
S32D0001BAEC04001101010006010B00060103000601090006010B000501040006010B00060101000601090005029B
S32D0001BB140300050203000502050017010A00060104000601090006010A000601040006010B000C010A00050260
S32D0001BB3C03000502030005020700160109000601040006010900070109000601050006010B000B010400010143
S32D0001BB6405000502030005020300050210000E0107000701040006010A00070107000601060007010A000A0116
S32D0001BB8C0400030104000602020005020200060211000F0103000801050006010A0008010400080106000D01F6
S32D0001BBB4040009010300060104000602010005020100060204002801050006010B00120108000C0105001201A9
S32D0001BBDC0300130204002701060006010C00110109000B0106001101040011020500120101001301070006014C
S32D0001BC040D000F010B000A0107000F0106000F020600120101001201080006010E000C010E00090108000C012C
S32D0001BC2C09000D020700110102000601020008010A00060110000901110007010A0009010B000B0208000F011C
S32D0001BC54040006018F0006018F0006018F0006018F0006018F0006018F0006018F0006018F00FFFF000000000F
S32D0001BC7C0000005F00000007000700147F147F14242A7F2A12231308646236495522500005030000001C224118
S32D0001BCA4000041221C00082A1C2A0808083E080800503000000808080808006060000020100804023E51494551
S32D0001BCCC3E00427F400042615149462141454B311814127F1027454545393C4A4949300171090503364949498C
S32D0001BCF436064949291E003636000000563600000008142241141414141441221408000201510906324979411A
S32D0001BD1C3E7E1111117E7F494949363E414141227F4141221C7F494949417F090901013E414151327F08080891
S32D0001BD447F00417F41002040413F017F081422417F404040407F0204027F7F0408107F3E4141413E7F090909F9
S32D0001BD6C063E4151215E7F09192946464949493101017F01013F4040403F1F2040201F7F2018207F6314081489
S32D0001BD94630304780403615149454300007F4141020408102041417F0000040201020440404040400001020480
S32D0001BDBC0020545454787F484444383844444420384444487F3854545418087E090102081454543C7F08040425
S32D0001BDE47800447D40002040443D00007F10284400417F40007C041804787C0804047838444444387C141414CF
S32D0001BE0C08081414187C7C080404084854545420043F4440203C4040207C1C2040201C3C4030403C4428102880
S32D0001BE34440C5050503C4464544C44000836410000007F0000004136080008082A1C08081C2A0808200D002051
S32D0001BE5C000000000C10002074100020DC100020000000000000000000000000000000000000000000000000CB
S32D0001BE84000000000000000000000000000000000000000000000000000000000000000000000000000000008F
S32D0001BEAC0000000000000000000000000000000000000000000000000000000000000000000000000000000067
S32D0001BED4000000000000000000000000000000000000000000000000000000000000000000000000000000003F
S32D0001BEFC000000000000000001000000000000000E33CDAB34126DE6ECDE05000B0000000000000000000000EA
S32D0001BF2400000000000000000000000000000000000000000000000000000000000000000000000000000000EE
S32D0001BF4C00000000000000000000000000000000000000000000000000000000000000000000000000000000C6
S32D0001BF74000000000000000000000000000000000000000000000000000000000000000000000000000000009E
S32D0001BF9C0000000000000000000000000000000000000000000000000000000000000000000000000000000076
S32D0001BFC4000000000000000000000000000000000000000000000000000000000000000000000000000000004E
S32D0001BFEC0000000000000000000000000000000000000000000000000000000000000000000000000000000026
S32D0001C01400000000000000000000000000000000000000000000000000000000000000000000000000000000FD
S32D0001C03C00000000000000000000000000000000000000000000000000000000000000000000000000000000D5
S32D0001C06400000000000000000000000000000000000000000000000000000000000000000000000000000000AD
S32D0001C08C0000000000000000000000000000000000000000000000000000000000000000000000000000000085
S32D0001C0B4000000000000000000000000000000000000000000000000000000000000000000000000000000005D
S32D0001C0DC0000000000000000000000000000000000000000000000000000000000000000000000000000000035
S32D0001C104000000000000000000000000000000000000000000000000000000000000000000000000000000000C
S32D0001C12C00000000000000000000000000000000000000000000000000000000000000000000000000000000E4
S32D0001C15400000000000000000000000000000000000000000000000000000000000000000000000000000000BC
S32D0001C17C0000000000000000000000000000000000000000000000000000000000000000000000000000000094
S32D0001C1A4000000000000000000000000000000000000000000000000000000000000000000000000000000006C
S32D0001C1CC0000000000000000000000000000000000000000000000000000000000000000000000000000000044
S32D0001C1F4000000000000000000000000000000000000000000000000000000000000000000000000000000001C
S32D0001C21C00000000000000000000000000000000000000000000000000000000000000000000000000000000F3
S32D0001C24400000000000000000000000000000000000000000000000000000000000000000000000000000000CB
S32D0001C26C00000000000000000000000000000000000000000000000000000000000000004811002048110020B1
S32D0001C29450110020501100205811002058110020601100206011002068110020681100207011002070110020D1
S32D0001C2BC7811002078110020801100208011002088110020881100209011002090110020981100209811002019
S32D0001C2E4A0110020A0110020A8110020A8110020B0110020B0110020B8110020B8110020C0110020C011002061
S32D0001C30CC8110020C8110020D0110020D0110020D8110020D8110020E0110020E0110020E8110020E8110020A8
S32D0001C334F0110020F0110020F8110020F8110020001200200012002008120020081200201012002010120020EA
S32D0001C35C181200201812002020120020201200202812002028120020301200203012002038120020381200202E
S32D0001C3844012002040120020481200204812002050120020501200205812002058120020601200206012002076
S32D0001C3AC68120020681200207012002070120020781200207812002080120020801200208812002088120020BE
S32D0001C3D490120020901200209812002098120020A0120020A0120020A8120020A8120020B0120020B012002006
S32D0001C3FCB8120020B8120020C0120020C0120020C8120020C8120020D0120020D0120020D8120020D81200204E
S32D0001C424E0120020E0120020E8120020E8120020F0120020F0120020F8120020F8120020001300200013002093
S32D0001C44C08130020081300201013002010130020181300201813002020130020201300202813002028130020D3
S32D0001C474301300203013002038130020381300204013002040130020481300204813002050130020501300201B
S32D0001C49C5813002058130020601300206013002068130020681300207013002070130020781300207813002063
S32D0001C4C48013002080130020881300208813002090130020901300209813002098130020A0130020A0130020AB
S32D0001C4ECA8130020A8130020B0130020B0130020B8130020B8130020C0130020C0130020C8130020C8130020F3
S32D0001C514D0130020D0130020D8130020D8130020E0130020E0130020E8130020E8130020F0130020F01300203A
S32D0001C53CF8130020F813002000140020001400200814002008140020101400201014002018140020181400207A
S32D0001C56420140020201400202814002028140020301400203014002038140020381400204014002040140020C0
S32D0001C58C4814002048140020501400205014002058140020581400206014002060140020681400206814002008
S32D0001C5B47014002070140020781400207814002080140020801400208814002088140020901400209014002050
S32D0001C5DC9814002098140020A0140020A0140020A8140020A8140020B0140020B0140020B8140020B814002098
S32D0001C604C0140020C0140020C8140020C8140020D0140020D0140020D8140020D8140020E0140020E0140020DF
S32D0001C62CE8140020E8140020F0140020F0140020F8140020F81400200015002000150020081500200815002023
S32D0001C6541015002010150020181500201815002020150020201500202815002028150020301500203015002065
S32D0001C67C38150020381500204015002040150020FFFFFFFF00000200F41A00204300000000000000000000005C
S32D0001C6A40000000000000000000000000000000000000000430000000000000000000000000000000000000024
S32D0001C6CC00000000000000000000000043000000000000000000000000000000000000000000000000000000FC
S32D0001C6F40000000043000000000000000000000000000000000000000000000000000000000000004300000091
S32D0001C71C00000000000000000000000000000000000000000000000000000000430000000000000000000000AB
S32D0001C7440000000000000000000000000000000000000000430000000000000000000000000000000000000083
S32D0001C76C000000000000000000000000D5A00100E591010000000000BCAF0100CCB0010088AF010088AF010058
S32D0001C79488AF010088AF010088AF010088AF010088AF010088AF010088AF0100FFFFFFFFFFFFFFFFFFFFFFFFFA
S32D0001C7BCFFFF000001004153434949000000000000000000000000000000000000000000000000000000415352
S3250001C7E4434949000000000000000000000000000000000000000000000000000000000059
S7050000C25DDB
