S01100002E2E2F50726F746575732E73313966
S32D0000C000000000205DC2000011C3000017C300001DC3000023C3000029C3000000000000000000000000000073
S32D0000C028000000002FC3000035C30000000000003BC3000041C300001DCB000029CB000035CB000041CB000016
S32D0000C0504DCB000059CB000065CB000071CB00007DCB000089CB000095CB0000A1CB0000ADCB0000B9CB0000B6
S32D0000C078C5CB0000D1CB0000DDCB0000E9CB0000F5CB000001CC00000DCC000019CC000025CC000031CC0000D9
S32D0000C0A03DCC000049CC000055CC000061CC00006DCC000079CC000085CC000091CC00009DCC0000A9CC0000FC
S32D0000C0C8B5CC0000C1CC0000CDCC0000D9CC0000E5CC0000F1CC0000FDCC000009CD000015CD000021CD000021
S32D0000C0F02DCD0000E51D010039CD000045CD000051CD00005DCD000069CD000075CD000081CD00008DCD0000A5
S32D0000C11899CD0000A5CD0000B1CD0000BDCD0000C9CD0000D5CD0000E1CD0000EDCD0000F9CD000005CE0000E0
S32D0000C14011CE00001DCE000029CE000035CE000079F6000041CE00004DCE000059CE000065CE000071CE0000DB
S32D0000C1687DCE000089CE000095CE0000A1CE0000ADCE0000B9CE0000C5CE0000D1CE0000DDCE0000E9CE00009F
S32D0000C190F5CE000001CF00000DCF00006DF2000035F10000D1F10000A1C800000DF3000019CF000025CF000086
S32D0000C1B831CF0000ACAE010000000020C8160000ACAE01000000FF1F00000000C8160020840400000000FF1FE3
S32D0000C1E00000000080B489B000AFF860B9607A60BB68FB61FB68BB6100237B617A697B689A420BD2BA69131DFB
S32D0000C208BB61FB69191DF96112681A607B6904337B61EFE700BF2437BD4680BC704780B485B000AF786039609E
S32D0000C2307B68FB600023BB60BA683B689A4208D2FB681A1DFA6000221A60BB680433BB60F2E700BF1437BD46FE
S32D0000C25880BC704780B586B000AF72B6234B4CF220521A80214B4DF628121A80204B4FF4E9721A801F4B7B615F
S32D0000C2807B691F4A934214D27B691A1D7A611B683B617B691A1D7A611B68FB607B691A1D7A611B68BB60BA68E9
S32D0000C2A8F9683869FFF79AFFE6E77B69134A93420ED27B691A1D7A611B68FB607B691A1D7A611B68BB60B9688B
S32D0000C2D0F868FFF7A8FFECE70B4B7B600B4A7B681A6007F001FF62B600F0A2FB00F0C8F8FEE700BF0E2005402A
S32D0000C2F800200540BCC10000D4C10000E4C1000008ED00E000C0000080B400AFFEE780B400AFFEE780B400AFF4
S32D0000C320FEE780B400AFFEE780B400AFFEE780B400AFFEE780B400AFFEE780B400AFFEE780B400AFFEE780B426
S32D0000C34800AFFEE7FFFFFFFFFFFFFFFFFFFFFFFFFFFFFFFFFFFFFFFFFFFFFFFFFFFFFFFFFFFFFFFFFFFFFFFF57
S32D0000C370FFFFFFFFFFFFFFFFFFFFFFFFFFFFFFFFFFFFFFFFFFFFFFFFFFFFFFFFFFFFFFFFFFFFFFFFFFFFFFFFC7
S32D0000C398FFFFFFFFFFFFFFFFFFFFFFFFFFFFFFFFFFFFFFFFFFFFFFFFFFFFFFFFFFFFFFFFFFFFFFFFFFFFFFFF9F
S32D0000C3C0FFFFFFFFFFFFFFFFFFFFFFFFFFFFFFFFFFFFFFFFFFFFFFFFFFFFFFFFFFFFFFFFFFFFFFFFFFFFFFFF77
S32D0000C3E8FFFFFFFFFFFFFFFFFFFFFFFFFFFFFFFFFFFFFFFFFFFFFFFFFFFFFFFFFFFFFFFFFFFFFFFFFEFFFFFF50
S32D0000C44010B5054C237833B9044B13B10448AFF300800123237010BDC81600200000000010C4000008B5034B4F
S32D0000C4681BB103490348AFF3008008BD00000000CC16002010C40000B0B588B000AF3D493D4806F051F93D4B67
S32D0000C4903C1D1D460FCD0FC495E8030084E80300394BFB61394803F038FE394802F0B0FF0246BB6801210C4699
S32D0000C4B81946104607F062FC0346002B01D100231C46E3B2002B0DD02F4802F09DFF034619462C4804F00EF8C9
S32D0000C4E04FF000002B4902F06DFCDEE74FF00002294BF86900F064F84FF000024FF08043264800F05DF84FF0C4
S32D0000C508FF322549254800F0D3F84FF00002244B224800F051F84FF0FF3222491F4800F0C7F84FF00002204B4E
S32D0000C5301C4800F045F84FF0FF321E49194800F0BBF84FF000021C4B164800F039F801221A49144800F0B0F8D0
S32D0000C5584FF00002124B0F4800F02EF84FF0FF320D490E4800F0A4F8002318462037BD46B0BD00BFD4A3010083
S32D0000C5805C1A0020E0A3010000007042F4190020E41600200000D03F0000F03F0000F0C10000B4420000F04164
S32D0000C5A800001840000048420000344000003442000038400000344390B587B000AFF860C7E900231EA3D3E9D7
S32D0000C5D00023D7E9000106F0C3FD02460B461046194602460B4606F005FC02460B461046194607F065F80346DA
S32D0000C5F87B61154802F0E4FE144802F0E1FEF86800F026F83861386900F0DCF80E4802F0C5FE04460D4802F0D3
S32D0000C620C1FE034623447A699A42CCBF01230023DBB2002B00D0EDE700F0B2F800BF1C37BD4690BDAFF3008072
S32D0000C64875524D20983E44400417002008170020B0B582B000AF7860124805F065FA0346184606F021FD0246ED
S32D0000C6700B464FF000000E4906F09CFE02460B4614461D46786806F013FD02460B462046294606F065FD0246DB
S32D0000C6980B461046194607F057F8034618460837BD46B0BD401A0020000027400000000090B589B000AFF8606C
S32D0000C6C0B9601346FB71304BFB613049B86807F051FA0346BB61B969F86907F097F90346184606F0E5FC26A306
S32D0000C6E8D3E9002306F038FD02460B461046194602460B4606F07AFB02460B461046194606F0DAFF03467B6186
S32D0000C7101F4802F059FE1F4802F056FE97F90730184607F01FF90346F968184607F06EF903461846FFF790FFD8
S32D0000C73838613B6983F000431946154800F07CFC3969144800F078FC0F4802F027FE04460E4802F023FE0346F0
S32D0000C76023447A699A42CCBF01230023DBB2002B00D0EDE700F014F800BF2437BD4690BD75524D20983E444063
S32D0000C7885E36B6410000B4430417002008170020F4160020FC16002080B500AF064800F009FC064800F006FCC4
S32D0000C7B04FF00000044902F005FB00BF80BD00BFF4160020FC1600200000D03F80B582B000AF7860796805489B
S32D0000C7D800F032FC7968044800F02EFC00BF0837BD4680BDF4160020FC16002080B582B000AF786039607B68CA
S32D0000C800012B2BD13B684FF6FF72934226D10821144802F0EBFD0021134802F0E7FD0121124802F0E3FD02219B
S32D0000C828114802F0DFFD114A0021114800F084FB0E4A01210F4800F07FFB05210E4802F0FFFA19210D4802F054
S32D0000C850FBFA0D4A02210D4800F072FB00BF0837BD4680BDE4160020E8160020EC160020F0160020000010418A
S32D0000C878F4160020FC16002004170020081700206666E6400C17002080B500AF4FF6FF710120FFF7ABFF80BDF0
S32D0000C8A080B500AF0F4BD3F8A03003F48053002B14BF01230023DBB2002B10D0094BD3F8A030084A23F48053BF
S32D0000C8C8C2F8A030064806F005FA064B1B68054A23F40053136000BF80BD00BF00C004407C1A0020C0F00F4001
S32D0000C8F080B400AF124B4FF480725A63114B5B69104A43F4005353610E4B1B680D4A43F4005313600A4B0C4A55
S32D0000C9181A630C4BD3F888310A4A43F08063C2F88831084B9B68074A43F08063936000BFBD4680BC704700BF98
S32D0000C94000C00440C0F00F4003010A0000E100E080B400AF334B00225A70324B98221A70304B9B79DBB203F0DA
S32D0000C9681003002B14BF01230023DBB2002B00D0F2E72A4B9B79DBB29B08DBB203F00303022B14BF0123002362
S32D0000C990DBB2002B00D0F0E7224B18221A71214B00225A71204B03F580531A461F4B53641C4B54225A711B4BCA
S32D0000C9B89B79DBB203F02003002B0CBF01230023DBB2002B00D0F2E7144B9B79DBB203F04003002B0CBF0123AC
S32D0000C9E00023DBB2002B00D0F2E70E4B1B78DBB20C4A03F03F03DBB213700A4B9B79DBB29B08DBB203F0030372
S32D0000CA08032B14BF01230023DBB2002B00D0F0E700231846BD4680BC704700BF004006400070044000001301D5
S32D0000CA3080B500AF314B03F580539B6B2F4A43F4785302F580529363FFF752FFFFF780FF2B4B58221A602A4BD2
S32D0000CA581B684FF47A7202FB03F3284A1360274B1B681A46234B03F580535B6C1B0E03F00F030133B2FBF3F3DC
S32D0000CA801A46214B1A601D4B03F58053DB6B1B4A43F0225302F58052D363184B03F580531B6B164A43F0006313
S32D0000CAA802F580521363174B4FF480721A61642002F05AF8134B5B69124A23F010035361104B00221A600F4B9E
S32D0000CAD010225A610E4803F0ADF902F081FD02F0DFFD0C4802F0A6F80B4806F04BF94FF4FA6002F051F900BF15
S32D0000CAF880BD00BF00700440401900203C1900204419002000D00340F419002038190020EC1A002080B500AF3A
S32D0000CB20FFF711FC00BF80BD80B500AFFFF70BFC00BF80BD80B500AFFFF705FC00BF80BD80B500AFFFF7FFFB60
S32D0000CB4800BF80BD80B500AFFFF7F9FB00BF80BD80B500AFFFF7F3FB00BF80BD80B500AFFFF7EDFB00BF80BD77
S32D0000CB7080B500AFFFF7E7FB00BF80BD80B500AFFFF7E1FB00BF80BD80B500AFFFF7DBFB00BF80BD80B500AF9D
S32D0000CB98FFF7D5FB00BF80BD80B500AFFFF7CFFB00BF80BD80B500AFFFF7C9FB00BF80BD80B500AFFFF7C3FBDB
S32D0000CBC000BF80BD80B500AFFFF7BDFB00BF80BD80B500AFFFF7B7FB00BF80BD80B500AFFFF7B1FB00BF80BDB3
S32D0000CBE880B500AFFFF7ABFB00BF80BD80B500AFFFF7A5FB00BF80BD80B500AFFFF79FFB00BF80BD80B500AFD9
S32D0000CC10FFF799FB00BF80BD80B500AFFFF793FB00BF80BD80B500AFFFF78DFB00BF80BD80B500AFFFF787FB52
S32D0000CC3800BF80BD80B500AFFFF781FB00BF80BD80B500AFFFF77BFB00BF80BD80B500AFFFF775FB00BF80BDEE
S32D0000CC6080B500AFFFF76FFB00BF80BD80B500AFFFF769FB00BF80BD80B500AFFFF763FB00BF80BD80B500AF14
S32D0000CC88FFF75DFB00BF80BD80B500AFFFF757FB00BF80BD80B500AFFFF751FB00BF80BD80B500AFFFF74BFBCA
S32D0000CCB000BF80BD80B500AFFFF745FB00BF80BD80B500AFFFF73FFB00BF80BD80B500AFFFF739FB00BF80BD2A
S32D0000CCD880B500AFFFF733FB00BF80BD80B500AFFFF72DFB00BF80BD80B500AFFFF727FB00BF80BD80B500AF50
S32D0000CD00FFF721FB00BF80BD80B500AFFFF71BFB00BF80BD80B500AFFFF715FB00BF80BD80B500AFFFF70FFB41
S32D0000CD2800BF80BD80B500AFFFF709FB00BF80BD80B500AFFFF703FB00BF80BD80B500AFFFF7FDFA00BF80BD66
S32D0000CD5080B500AFFFF7F7FA00BF80BD80B500AFFFF7F1FA00BF80BD80B500AFFFF7EBFA00BF80BD80B500AF8E
S32D0000CD78FFF7E5FA00BF80BD80B500AFFFF7DFFA00BF80BD80B500AFFFF7D9FA00BF80BD80B500AFFFF7D3FABD
S32D0000CDA000BF80BD80B500AFFFF7CDFA00BF80BD80B500AFFFF7C7FA00BF80BD80B500AFFFF7C1FA00BF80BDA4
S32D0000CDC880B500AFFFF7BBFA00BF80BD80B500AFFFF7B5FA00BF80BD80B500AFFFF7AFFA00BF80BD80B500AFCA
S32D0000CDF0FFF7A9FA00BF80BD80B500AFFFF7A3FA00BF80BD80B500AFFFF79DFA00BF80BD80B500AFFFF797FA35
S32D0000CE1800BF80BD80B500AFFFF791FA00BF80BD80B500AFFFF78BFA00BF80BD80B500AFFFF785FA00BF80BDDF
S32D0000CE4080B500AFFFF77FFA00BF80BD80B500AFFFF779FA00BF80BD80B500AFFFF773FA00BF80BD80B500AF05
S32D0000CE68FFF76DFA00BF80BD80B500AFFFF767FA00BF80BD80B500AFFFF761FA00BF80BD80B500AFFFF75BFAAC
S32D0000CE9000BF80BD80B500AFFFF755FA00BF80BD80B500AFFFF74FFA00BF80BD80B500AFFFF749FA00BF80BD1B
S32D0000CEB880B500AFFFF743FA00BF80BD80B500AFFFF73DFA00BF80BD80B500AFFFF737FA00BF80BD80B500AF41
S32D0000CEE0FFF731FA00BF80BD80B500AFFFF72BFA00BF80BD80B500AFFFF725FA00BF80BD80B500AFFFF71FFA24
S32D0000CF0800BF80BD80B500AFFFF719FA00BF80BD80B500AFFFF713FA00BF80BD80B500AFFFF70DFA00BF80BD56
S32D0000CF3080B500AFFFF707FA00BF80BD0000000080B584B000AFF8600B467A60FB72FB68FA7A1A71FB6800220D
S32D0000CF585A711749786806F011FF0346002B02D0134B7B600AE04FF07E51786806F0F2FE0346002B02D04FF0D8
S32D0000CF807E537B60786806F093F809A3D3E9002306F0E6F802460B461046194606F0D8FB0246FB681A60FB6878
S32D0000CFA818461037BD4680BDABAAAAAAAAAA20400000404180B582B000AF78607B685B79002B09D07B680022EA
S32D0000CFD05A717B6819791E230022034801F064FE00BF0837BD4680BD3819002080B584B000AF786039603B6817
S32D0000CFF87F2B02DD7F23FB7308E03B6813F1800F02DA8023FB7301E03B68FB737B685B79FA7B9A4209D07B68B1
S32D0000D020FA7B5A717B681979FA7B1E23034801F03BFE00BF1037BD4680BD00BF38190020B0B584B000AF78606C
S32D0000D04839603749386806F07BFE0346002B02D0334B3B6008E03349386806F08FFE0346002B01D02F4B3B6052
S32D0000D070386806F01DF804460D467B681B68184606F016F84FF00002294B06F093F902460B462046294606F0E7
S32D0000D09863F802460B461046194606F055FB03463B604FF00001386806F05EFE0346002B10D0386805F0F8FF85
S32D0000D0C017A3D3E9002306F04BF802460B461046194606F0F5FA0346FB6018E0386805F0E7FF4FF00002134B87
S32D0000D0E806F03AF802460B46104619464FF000020D4B06F05BF902460B461046194606F0DBFA0346FB60F968A3
S32D0000D1107868FFF76BFF00BF1037BD46B0BD00BF52B81E85EB51F43F0000C8C20000C842000059400000604093
S32D0000D13880B483B000AF03460A46FB711346BB71BB79002B03D1134B00221A7002E0114B01221A703823FB713A
S32D0000D1600E4B1A78FB791343FB710D4B9B78DBB20B4A43F01003DBB29370094B9B78DBB2074A43F02003DBB235
S32D0000D1889370054AFB79137100BF0C37BD4680BC704700BF141700200060064080B483B000AF01237B607B688F
S32D0000D1B0312B04DC00BF7B6801337B60F7E700BF0C37BD4680BC704780B582B000AF03460A46FB711346BB71EE
S32D0000D1D8134B1B7800211846FFF7AAFF00F024F8104AFB79137100F01FF80E4ABB79137100F01AF80B4B9B783A
S32D0000D200DBB20A4A23F02003DBB29370074B9B78DBB2064A23F01003DBB29370FFF7C2FF00BF0837BD4680BD6C
S32D0000D228151700200060064080B483B000AF174B1B78002B24D100237B60154BDB78DBB203F00203002B0CBF8F
S32D0000D25001230023DBB2002B0DD07B6842F21072934203DD0B4B01221A7004E07B6801337B6000BFE5E7084BCF
S32D0000D278DB78DBB2064A43F00203DBB2D37000E000BF0C37BD4680BC704700BF161700200060064080B582B05F
S32D0000D2A000AF0346FB71FB79184600F05FF800BF0837BD4680BD80B582B000AF03460A46FB711346BB7100F015
S32D0000D2C835F8FB795B00DBB21846FFF7E3FFBB791846FFF7DFFF00F037F800BF0837BD4680BD80B500AFFF20B3
S32D0000D2F000F03CF80346184680BD80B584B000AF0346FB7100F016F8FB795B005BB243F001035BB2DBB2184632
S32D0000D318FFF7C0FFFFF7E5FF0346FB7300F014F8FB7B18461037BD4680BD000080B400AF044B9B68034A43F491
S32D0000D3408013936000BFBD4680BC704740F00F4080B400AF044B5B68034A43F48013536000BFBD4680BC704791
S32D0000D36840F00F4080B485B000AF0346FB710023BB73164BDB6A03F00043012B0CBF01230023DBB2002B03D055
S32D0000D390FB7B0133FB73F0E70E4BDB6A0D4A43F00043D3620B4AFB7953630A4BDB6A03F40033002B0CBF012383
S32D0000D3B80023DBB2002B00D0F3E7044B9B6BBB73BB7B18461437BD4680BC704700C00A4080B582B000AF204BDF
S32D0000D3E003F580531B6B1E4A43F4805302F5805213631C4B4FF480721A651B4B5B691A4A43F480135361FFF700
S32D0000D408A3FF164B4FF400725A65144B4FF400729A65124B4FF40072DA65124B124A1A60104B124ADA600023D4
S32D0000D4307B607B68092B06DCFF20FFF72FFF7B6801337B60F5E704A1D1E9000101F0BAFC00BF0837BD4680BDA4
S32D0000D4589A9999999999B93F0070044000A0044040F00F4000C00A40000C00800500003E90B486B000AFF860A6
S32D0000D480B9607A60FB68534A93420AD1524B03F580535B6B504A43F4806302F58052536345E0FB684D4A934286
S32D0000D4A80AD14B4B03F580535B6B494A43F4006302F58052536336E0FB68474A93420AD1434B03F580535B6BCF
S32D0000D4D0414A43F4805302F58052536327E0FB68404A93420AD13C4B03F580535B6B3A4A43F4005302F5805287
S32D0000D4F8536318E0FB683A4A93420AD1344B03F580539B6A324A43F4806302F58052936209E02F4B03F58053F0
S32D0000D5209B6A2D4A43F4006302F580529362FB68DB78DBB223F00C03DAB2FB68DA70FB6800229A70BB684FF476
S32D0000D5487A7203FB02F27B681B0192FBF3F39CB2FB681B78DBB223F01F03FB75230A9BB2DBB203F01F03DAB247
S32D0000D570FB7D1343DAB2FB681A70E2B2FB685A70BB684FF4FA4203FB02F27B681B0192FBF3F39AB263019BB282
S32D0000D598D31A9CB2FB689B7ADBB223F01F03FB75E3B203F01F03DAB2FB7D1343DAB2FB689A72FB68DB78DBB23E
S32D0000D5C043F00C03DAB2FB68DA7000BF1837BD4690BC704700A006400070044000B0064000C0064000D0064002
S32D0000D5E800A00E4080B483B000AF78607B681B79DBB203F02003002B0CBF01230023DBB2002B00D0F2E77B689E
S32D0000D610DB79DBB218460C37BD4680BC704780B483B000AF78600B46FB707B681B79DBB25BB2DB43DBB2DB092A
S32D0000D638DBB2002B00D0F4E77B68FA78DA7100BF0C37BD4680BC704780B487B000AFF860B9607A60FB687B6125
S32D0000D6607B685A1E7A60002B14BF01230023DBB2002B06D07B695A1C7A61BA68D2B21A70EEE700BF1C37BD4645
S32D0000D68880BC704780B584B000AF786039607B681B6BFB60FA683B689A4252D07B681B79002B35D07B685878D7
S32D0000D6B07B6803F134010123FA6801F0F7F80346002B14BF01230023DBB2002B01D001233CE07B6800221A71F3
S32D0000D6D87B685A6A7B681B6A1344FA689A4217D27B68DB78FB72FB7A012B11D97B681B6AFA681344FB607B680A
S32D0000D70058787B6803F134010123FA6801F0CEF8FB7A013BFB72EAE73B68002B15D07B6858787B6803F1340181
S32D0000D72801233A6800F0DAFF0346002B14BF01230023DBB2002B01D0012303E07B683A681A630023184610375C
S32D0000D750BD4680BD80B584B000AF786000217868FFF794FF0346FB73FB7B002B40F093807B681B78032B7DD164
S32D0000D7787B685B79002B79D07B6800221A637B6834334FF4007200211846FFF75DFF7B68552283F832227B68FA
S32D0000D7A0AA2283F833227B68522283F834207B68522283F835207B68612283F836207B68412283F837207B6840
S32D0000D7C8722283F818227B68722283F819227B68412283F81A227B68612283F81B227B681B69DAB27B6883F851
S32D0000D7F01C227B681B699BB21B0A9BB2DAB27B6883F81D227B681B691B0CDAB27B6883F81E227B681B691B0E36
S32D0000D818DAB27B6883F81F227B68DB68DAB27B6883F820227B68DB689BB21B0A9BB2DAB27B6883F821227B6870
S32D0000D840DB681B0CDAB27B6883F822227B68DB681B0EDAB27B6883F823227B6858787B6803F134017B685A693F
S32D0000D868012301F01FF87B6800225A717B685B7800220021184601F0E1F80346002B14BF01230023DBB2002B2F
S32D0000D89001D00123FB73FB7B18461037BD4680BD80B582B000AF78600B467B807B68002B08D07B681B78002BEB
S32D0000D8B804D07B68DB887A889A4201D0092311E07B685B78184601F03BF9034603F00103002B14BF012300239E
S32D0000D8E0DBB2002B01D0032300E0002318460837BD4680BD80B586B000AF78607B681A687B689B881946104679
S32D0000D908FFF7CAFF0346FB75FB7D002B40F0AC807B689B7903F02003002B00F0A5807B689B7903F04003002BD5
S32D0000D9301BD07B681B6858787B6803F128017B689A69012300F0B2FF0346002B14BF01230023DBB2002B01D0E6
S32D0000D95801238AE07B689B7923F04003DAB27B689A717B681A687B68DB6919461046FFF789FE0346FB75FB7D5D
S32D0000D980002B75D17B681B6A3B613B690B331A783B690B3342F02002D2B21A707B68DA683B691C33D2B21A7026
S32D0000D9A87B68DB689BB21B0A9AB23B691D33D2B21A707B68DB681A0C3B691E33D2B21A707B68DB681A0E3B692A
S32D0000D9D01F33D2B21A707B681A693B691A33D2B21A707B681B699BB21B0A9AB23B691B33D2B21A707B681B69D8
S32D0000D9F81A0C3B691433D2B21A707B681B691B0C9BB21B0A9AB23B691533D2B21A700023FB603B691633FA68CF
S32D0000DA20D2B21A70FB689BB21B0A9AB23B691733D2B21A70FB681A0C3B691833D2B21A70FB681A0E3B691933AC
S32D0000DA48D2B21A707B689B7923F02003DAB27B689A717B681B6801221A717B681B681846FFF774FE0346FB7502
S32D0000DA70FB7D18461837BD4680BD80B584B000AF78607868FFF736FF0346FB73FB7B002B02D17B6800221A607E
S32D0000DA98FB7B18461037BD4680BD000080B588B000AF7860396080233B610F23FB604FF0FF337B610223FB61DE
S32D0000DAC0FB69B3F5807F23D80123BB61BB69102B1AD8FB69BA6902FB03F33A6803FB02F27B68D31ABB60BB6885
S32D0000DAE8002B09DBBB687A699A4205D9BB687B61FB693B61BB69FB60BB690133BB61E1E7FB695B00FB61D7E7AE
S32D0000DB101D4BDB6A1C4A23F00803D3621A4BDB6A23F47F2323F47F63BB613B695B081B029AB2FB68013B1B01DE
S32D0000DB38DBB21A43BB691343114A43F46023D3620F4B5B6A03F00803002B0CBF01230023DBB2002B03D00A2002
S32D0000DB6001F01AF9F0E7084BDB6A074A43F00803D362054B1B6B044A43F48013136300BF2037BD4680BD00BFE7
S32D0000DB8800100B4080B582B000AF786039607B6800221A60414B424ADA62404BDB6A03F08073002B14BF0123E2
S32D0000DBB00023DBB2002B00D0F3E73A4B0022C3F8C020384B4FF481325A60364B28229A62344B4FF001125A64F7
S32D0000DBD83B689B6833491846FFF760FF2F4B5B6A03F00303002B14BF01230023DBB2002B00D0F3E72C4B40F2C2
S32D0000DC0043421A602A4B40F243425A60284B4FF488629A60264B40F24342DA60244B40F243421A61224B40F2D5
S32D0000DC2843425A61214B03F580531B6B1F4A43F4003302F580521363184B4FF6FF721A63164B1B4A5A63154B46
S32D0000DC50DB6A144A43F00063D362124BDB6A03F00063002B14BF01230023DBB2002B00D0F3E70C4B5B6A03F486
S32D0000DC788033002B14BF01230023DBB2002B02D07B6801221A60054B1B6B044A43F0800313630023184608376C
S32D0000DCA0BD4680BD00100B400080000160CC050000D0044000700440B3007F0080B400AF064B5A6A40F20733AB
S32D0000DCC81340002B14BF01230023DBB21846BD4680BC704700100B4080B485B000AF7860074B1B6B7A6813405D
S32D0000DCF0FB60FB68002B00D1F6E7FB6818461437BD4680BC704700BF00100B4080B584B000AF78607B681B78ED
S32D0000DD1803F03F03764A52F82330FB60FB68002B05D17B681B78002B01D00123DCE0714B1B6B704A43F0800388
S32D0000DD4013636E4B5B6A03F00103002B14BF01230023DBB2002B00D0F3E7684A7B685B689360FB6823F440031B
S32D0000DD68FB607B685B789B0503F44003FA681343FB607B685B78022B03D1FB6843F40013FB607B685B78042BEB
S32D0000DD9016D1FB6803F44033B3F5003F08D1FB6823F44033FB60FB6843F44033FB6007E0FB6823F44033FB6012
S32D0000DDB8FB6843F40033FB604E4B5B684D4A9BB253607B68DB68002B2AD0FB6803F44033B3F5403F03D0FB68AD
S32D0000DDE043F40013FB607B681B7A002B03D0FB6843F01003FB607B68DB68012B03D9FB6843F02003FB607B68D1
S32D0000DE08DB68B3F1FF3F0BD03A4B5A687B68DB681B04384913434B60FB6843F00203FB60344B00221A60334A50
S32D0000DE30FB68D3603248FFF753FF0346012B14BF01230023DBB2002B09D02C4B1B6B2B4A43F4702343F00103D9
S32D0000DE581363012348E0274B1B6B03F08003002B14BF01230023DBB2002B07D0214B1B6B204A43F0011313637F
S32D0000DE80012335E01D4B1B6B03F48033002B14BF01230023DBB2002B08D0184B1B6B174A43F0011313634FF088
S32D0000DEA8FF3321E0FB6803F44033002B15D0114B1A697B681A61FB6803F44033B3F5803F0BD10C4B5A697B68F2
S32D0000DED05A610A4B9A697B689A61084BDA697B68DA61064B1B6B054A43F001031363002318461037BD4680BDA4
S32D0000DEF808A4010000100B4001000E0080B592B000AF7860396000237B643B68BB63994B7B637B6B002B02D1E5
S32D0000DF2040F601235FE3964B3B633B6B002B02D140F60B2357E33B6B1B68FB62FB6A002B02D140F60B234EE3F8
S32D0000DF487B6841F20932934200F23F837B68B3F5985F08D87B68032B00F01A837B68092B00F0098331E37B6847
S32D0000DF70A3F59853013B082B00F22B8301A252F823F000BFA9DF000095E20000F1E40000ABE20000E9E2000006
S32D0000DF980FE4000057E4000099E30000B3E300007649786BFFF7EEFD78647B6C002B40F01083002387F84330D2
S32D0000DFC0002387F82B30002387F82A30002387F82930002387F84230002387F8283000233B7200237B7200232E
S32D0000DFE8FB6000233B7400237B6107F108031846FFF788FE0346002B14BF01230023DBB2002B02D001237B64E7
S32D0000E010E8E240F24C4000F0BFFE08233B7200237B724FF4D573FB6000233B7400237B6107F108031846FFF7B7
S32D0000E03869FEF863FB6B002B09D1BA69FB689A4202D001237B64C9E2012387F84230012387F8283097F82830B4
S32D0000E060002B00F0A58037233B7200237B720023FB6000233B7400237B6107F108031846FFF744FEF863FB6B92
S32D0000E088002B02D001237B64A8E269233B7200237B720023FB6000233B7400237B6107F108031846FFF72EFEC5
S32D0000E0B00346002B14BF01230023DBB2002B02D001237B648EE2BB6903F44013002B6FD00023FB630A2000F044
S32D0000E0D85FFEFB6B0133FB6337233B7200237B720023FB6000233B7400237B6107F108031846FFF707FE0346BA
S32D0000E100002B14BF01230023DBB2002B02D001237B6428E069233B7200237B7297F84230002B02D0184BFB6012
S32D0000E12802E04FF44013FB6000233B7400237B6107F108031846FFF7E5FD0346002B14BF01230023DBB2002BA6
S32D0000E15002D001237B6406E0BB69002B03DBFB6B632B00D8B6E77B6C002B40F03882FB6B632B0BD9002387F8DA
S32D0000E178423019E02C17002030190020FCA3010000003040012387F8433097F84230002B0AD0002387F8423002
S32D0000E1A0BB6903F08043002B02D0012387F8423097F82A30002B02D07B6B07221A6097F82930002B02D07B6B2B
S32D0000E1C808221A6097F82B30002B02D07B6B04221A6097F84330002B09D07B6B02221A6097F84230002B02D090
S32D0000E1F07B6B03221A6097F82B30002B0DD097F84330002B09D07B6B05221A6097F84230002B02D07B6B0622F1
S32D0000E2181A60924B00221A60904B00225A608F4B00229A608D4B0022DA608C4B00221A618A4B00225A61FB6A79
S32D0000E2409A68FB6A5B6819461046FFF72BFC854B40F243421A60834B40F243425A60814B4FF488629A607F4BB7
S32D0000E26840F24342DA607D4B40F243421A617B4B40F243425A617A4B03F580531B6B784A43F4003302F580525A
S32D0000E2901363A7E1B86BFFF739FDF863FB6B002B00F09F8102237B649BE1BB6B002B02D10C237B6496E16D4B36
S32D0000E2B8DB6A1B0A5B0003F4FF73FB63694BDB6A1B0903F00F035A1CFB6B02FB03F3FB63FB6A9A68FB6BB2FBE3
S32D0000E2E0F3F2BB6B1A607DE1BB6B002B02D10C237B6477E1BB6B1B68002B02D10C237B6470E1FFF7DBFC034687
S32D0000E308002B0CBF01230023DBB2002B3CD0534B00221A60514B00225A60504B00229A604E4B0022DA604D4BF0
S32D0000E33000221A614B4B00225A61FB6A9A68BB6B1B6819461046FFF7ADFB464B40F243421A60444B40F2434244
S32D0000E3585A60424B4FF488629A60404B40F24342DA603E4B40F243421A613C4B40F243425A613B4B03F58053A8
S32D0000E3801B6B394A43F4003302F58052136329E140F60A237B6425E1BB6B002B02D10C237B641FE1314B5B68FA
S32D0000E3A8C3F30C02BB6B1A6018E1BB6B002B02D10C237B6412E1FFF77DFC0346002B0CBF01230023DBB2002B18
S32D0000E3D019D0BB6B1B68B3F5805F02D30C237B6400E1224B5B68214A23F4FF5323F01F0353601E4B5A68BB6B05
S32D0000E3F81B68C3F30C031B4913434B60EEE040F60A237B64EAE0BB6B002B02D10C237B64E4E0144B9B6A5B08B3
S32D0000E42003F00303FB63FB6B002B03D1BB6B00221A60D7E0FB6B012B03D1BB6B01221A60D0E0FB6B102B03D14B
S32D0000E448BB6B02221A60C9E005237B64C6E0BB6B002B09D10C237B64C0E000BF00D004400070044000100B40D1
S32D0000E470FFF724FC0346002B0CBF01230023DBB2002B31D0BB6B1B68002B0AD1584B9B6A574A23F00603936220
S32D0000E498554B554A9B6A9362A0E0BB6B1B68012B0CD1514B9B6A504A23F0060393624E4B9B6A4D4A43F0020332
S32D0000E4C093628FE0BB6B1B68022B0AD1484B9B6A474A23F006039362454B454A9B6A936280E005237B647DE002
S32D0000E4E840F60A237B6479E0BB6B002B02D10C237B6473E03C4BDB6A3B4A43F00063D362394BDB6A03F00063AB
S32D0000E510002B14BF01230023DBB2002B00D0F3E7334B1B6B03F08003002B14BF01230023DBB2002B08D02E4B6E
S32D0000E5381B6B2D4A43F0800313637B6B00221A60294B5B6A03F48033002B14BF01230023DBB2002B07D07B6B6D
S32D0000E5601B68002B06D17B6B01221A6002E07B6B00221A607B6B1A68BB6B1A6032E0BB6B1C221A60BB6B0433CC
S32D0000E58804221A60BB6B08334FF41E721A6025E00220FFF7A1FB144B1B6B03F4E003002B14BF01230023DBB2CD
S32D0000E5B0002B07D00E4B1B6B0D4A43F4E003136304237B640A4B1B6B094A43F03203136308E040F609237B643A
S32D0000E5D804E000BF02E000BF00E000BF7B6C18464837BD4680BD00BF00100B4080B489B000AF786039607B68A4
S32D0000E6007B61364B3B613B69002B01D100235FE03B691B68022B0BD03B691B68032B07D03B691B68072B03D069
S32D0000E6283B691B68082B0BD12B4B5B6A03F00403002B14BF01230023DBB2002B00D0F3E73B68FB61FB69002B24
S32D0000E6503DD0FB69B3F5007F28BF4FF40073FB60FB6803339B08BB61BB69002B2AD01C4B1B6B03F4E003002B79
S32D0000E67814BF01230023DBB2002B09D0164B1B6B154A43F4E00343F02003136300231BE0114B5B6A03F4006304
S32D0000E6A0002B0CBF01230023DBB2002B00D0F3E70B497B691A1D7A610A6A1A60BB69013BBB61D1E7FA69FB687B
S32D0000E6C8D31AFB61BEE7012318462437BD4680BC704700BF2C17002000100B4080B58EB000AFB9607A601A4671
S32D0000E6F00346FB731346BB73414B7B63FB7B002B02D1BB7B002B01D1042375E03D4B1B78DBB203F00103002B67
S32D0000E71814BF01230023DBB2002B01D0032367E0BB68002B01D1002362E07B6B1B7B002B02D17B685B027B60A9
S32D0000E740BB7B012B28D111233B7500237B757B68BB6101233B77BB7B3B6207F11403194641F20230FFF7CEFB1F
S32D0000E7680346002B0CBF01230023DBB2002B38D04FF40071B868FFF739FF0346002B14BF01230023DBB2002BF5
S32D0000E7902BD00023BB7328E012233B7500237B757B68BB6101233B77BB7B3B6207F11403194641F20230FFF79E
S32D0000E7B8A5FB0346002B0CBF01230023DBB2002B0FD0BB7B5B021946B868FFF70FFF0346002B14BF01230023D2
S32D0000E7E0DBB2002B01D00023BB73BB7B002B01D0012300E0002300BF18463837BD4680BD18170020000000209D
S32D0000E80880B487B000AF786039607B68FB603B687B617B69002B3DD07B69B3F5007F28BF4FF400733B617A6957
S32D0000E8303B69D31A7B613B6903339B083B613B69002BEAD0184B1B6B03F4E003002B14BF01230023DBB2002BEB
S32D0000E8580AD0134B1B6B124A43F4E00343F0100313634FF0FF3316E00D4B5B6A03F48063002B0CBF0123002307
S32D0000E880DBB2002B00D0F3E7FB681A1DFA60064A1B6813623B69013B3B61D0E7012318461C37BD4680BC7047CE
S32D0000E8A800100B4080B58EB000AFB9607A601A460346FB731346BB735D4B7B63FB7B002B02D1BB7B002B01D107
S32D0000E8D00423ADE0594B1B78DBB203F00103002B14BF01230023DBB2002B01D003239FE0524B1B78DBB203F088
S32D0000E8F80403002B14BF01230023DBB2002B01D0022391E0BB68002B01D100238CE07B6B1B7B002B02D17B687B
S32D0000E9205B027B60BB7B012B28D118233B7500237B757B68BB6100233B77BB7B3B6207F11403194641F20230BE
S32D0000E948FFF7DCFA0346002B0CBF01230023DBB2002B38D04FF40071B868FFF751FF0346002B14BF01230023E7
S32D0000E970DBB2002B2BD00023BB7328E019233B7500237B757B68BB6100233B77BB7B3B6207F11403194641F226
S32D0000E9980230FFF7B3FA0346002B0CBF01230023DBB2002B0FD0BB7B5B021946B868FFF727FF0346002B14BFEA
S32D0000E9C001230023DBB2002B01D00023BB730D233B7500237B757B6B1B69BB6100233B7700233B6207F11403EB
S32D0000E9E8194641F20230FFF789FA0346002B14BF01230023DBB2002B01D0012314E07A6A0D4B1340002B01D00A
S32D0000EA1001230DE07B6A03F4F853B3F5106F00D0D5E7BB7B002B01D0012300E0002300BF18463837BD4680BDC8
S32D0000EA3818170020000000200880D9FF80B58CB000AF03463A60FB710B46BB713A4BBB62FB79002B01D00423BC
S32D0000EA6069E0012387F82F30364B1B78DBB203F00103002B14BF01230023DBB2002B01D0032358E0BB79032B17
S32D0000EA8850D801A252F823F0A1EA0000A9EA0000B9EA0000C9EA0000002387F82F3044E0BB6A9A683B681A605B
S32D0000EAB0002387F82F303CE03B684FF400721A80002387F82F3034E009233B7200237B72BB6A1B69FB60002304
S32D0000EAD83B7400237B6107F10803194641F20230FFF70CFA0346002B14BF01230023DBB2002B01D001231AE06A
S32D0000EB007B6A03F44003002B0CD13B6A9B0C03F07F035A1C7B6A1B0A03F00303013B9A403B681A60002387F8B1
S32D0000EB282F3002E0042387F82F3097F82F3018463037BD4680BD00BF181700200000002080B483B000AF0346F9
S32D0000EB50FB71FB79002B01D0012302E0034B1B78DBB218460C37BD4680BC70470000002080B483B000AF7860A2
S32D0000EB78164B03F580539B6B144A43F0010302F580529363124A7B689360114B05225A600F4B1B680E4A43F012
S32D0000EBA0010313600C4B1B6803F08003002B0CBF01230023DBB2002B00D0F3E7064B1B68054A23F00103136034
S32D0000EBC800BF0C37BD4680BC704700BF007004400000044080B582B000AF786039607B68012B07D13B684FF61A
S32D0000EBF0FF72934202D1034800F00EF800BF0837BD4680BD3819002080B500AF4FF6FF710120FFF7E3FF80BD1F
S32D0000EC1880B483B000AF78607B6800221A707B6818460C37BD4680BC7047000080B582B000AF78607B681B7873
S32D0000EC4083F00103DBB2002B21D0134B03F580531A464FF400639362104B4FF440721A620E4B4FF440725A628C
S32D0000EC680D4B1B68DA0F13445B104FF4614219460A48FEF7FDFB642000F08AF87B6801221A70012300E00023C7
S32D0000EC9018460837BD4680BD0070044000D004403C19002000B00E4080B582B000AF7860084611461A46034602
S32D0000ECB8FB700B46BB7013467B707F210E48FEF7AAFC08210C48FEF7A6FCFB7819460A48FEF7A1FCBB78194616
S32D0000ECE00748FEF79CFC7B7819460548FEF797FCFF210348FEF793FC00BF0837BD4680BD00B00E4080B487B06D
S32D0000ED0800AFF860B9607A60FB681F4AA2FB03239B09BA6813447B61FB681B4AA2FB031292094FF47A7101FB1C
S32D0000ED3002F29B1AFB60FB68DB03154AA2FB03239B097A6813443B613B69DB0B7A6913447B613B69C3F30E03CA
S32D0000ED583B610E4B1B687A699A4209D80B4B1B687A699A4206D1094B5B683A699A4201D9012300E00023002B44
S32D0000ED8000D0EAE700BF1C37BD4680BC704700BFD34D621000D0034080B584B000AF7860074B1B68FB60064BE7
S32D0000EDA85B68BB607B68BA68F9681846FFF7A6FF00BF1037BD4680BD00D0034080B584B000AFC7E900010E4B85
S32D0000EDD01B68FB600C4B5B68BB604FF000020B4BD7E9000104F0BCF902460B461046194604F08EFC0346BA68CA
S32D0000EDF8F9681846FFF782FF00BF1037BD4680BD00D0034000408F4080B483B000AF0B4B1B684FF47A7202FB34
S32D0000EE2003F37B60074B5B684FF47A7202FB03F3DB0B7A6813447B607B6818460C37BD4680BC704700D0034035
S32D0000EE4880B584B000AF78600B46FB700B23FB73FA7BFB781946786800F094F87B6818461037BD4680BD0000E9
S32D0000EE7080B485B000AF78607B68103B002B00DA1F335B11FB60FB68022B53D0FB68022B75DCFB68002B03D043
S32D0000EE98FB68012B25D06EE0394BD3F880217B68103B594203F01F0301F01F0158BF4B42012101FA03F3324969
S32D0000EEC01343C1F88031304B1A687B68103B594203F01F0301F01F0158BF4B42012101FA03F3294913430B608E
S32D0000EEE849E0274BD3F884217B68103B594203F01F0301F01F0158BF4B42012101FA03F31F491343C1F884311F
S32D0000EF101D4B5A687B68103B594203F01F0301F01F0158BF4B42012101FA03F3164913434B6024E0144BD3F875
S32D0000EF3888217B68103B594203F01F0301F01F0158BF4B42012101FA03F30D491343C1F888310B4B9A687B6803
S32D0000EF60103B594203F01F0301F01F0158BF4B42012101FA03F3044913438B6000BF00BF1437BD4680BC704773
S32D0000EF8800E100E080B584B000AF78600B46FB701346BB707B68FA781A70BB78FB737B681B781A46574B9B5C7B
S32D0000EFB0042B00F2A68001A252F823F0D1EF00001DF0000069F0000001F10000B5F00000FB7B1B0403F4702310
S32D0000EFD84D497A68127810464C4A52F8202043F4897343F0010341F82230494B5A697B681B781946454B53F897
S32D0000F000213003F01F03012101FA03F3DB43424913404B616720FFF72BFF72E0FB7B1B0403F470233D497A6841
S32D0000F02812781046394A52F8202043F4897343F0010341F82230384B5A697B681B781946324B53F8213003F0B1
S32D0000F0501F03012101FA03F3DB43314913404B616820FFF705FF4CE0FB7B1B0403F470232C497A6812781046C2
S32D0000F078264A52F8202043F4897343F0010341F82230274B5A697B681B7819461F4B53F8213003F01F03012134
S32D0000F0A001FA03F3DB43204913404B616920FFF7DFFE26E0FB7B1B0403F470231B497A6812781046134A52F87D
S32D0000F0C8202043F4897343F0010341F82230164B5A697B681B7819460C4B53F8213003F01F03012101FA03F3D1
S32D0000F0F0DB430F4913404B616B20FFF7B9FE00E000BF00BF1037BD4680BD00BF08A50100009004404CA501002D
S32D0000F11800F00F4000A0044040F00F4000B0044080F00F4000D0044000F10F40B0B48BB000AF224B3C1D1D46A9
S32D0000F1400FCD0FC495E80F0084E80F0000237B627B6A072B30DC1C4BD3F8A0207B6A9B0028333B4453F8243CD1
S32D0000F168012101FA03F31340002B14BF01230023DBB2002B18D0134A7B6A52F823305A1C10497B6A41F823201F
S32D0000F1900D4BD3F8A0207B6A9B0028333B4453F8243C012101FA03F307491340C1F8A0307B6A01337B62CBE782
S32D0000F1B800BF2C37BD46B0BC704700BF50A6010000A0044068190020B0B489B000AF224B3C1D1D460FCD0FC482
S32D0000F1E095E8030084E803000023FB61FB69052B30DC1C4BD3F8A020FB699B0020333B4453F81C3C012101FA70
S32D0000F20803F31340002B14BF01230023DBB2002B18D0FB690833124A52F823200132104941F823200D4BD3F8F7
S32D0000F230A020FB699B0020333B4453F81C3C012101FA03F307491340C1F8A030FB690133FB61CBE700BF24377D
S32D0000F258BD46B0BC704700BF70A6010000B0044068190020B0B48DB000AF234B3C461D460FCD0FC40FCD0FC4F6
S32D0000F28095E8070084E807000023FB62FB6A0A2B30DC1C4BD3F8A020FB6A9B0030333B4453F8303C012101FA9B
S32D0000F2A803F31340002B14BF01230023DBB2002B18D0FB6A0E33124A52F823200132104941F823200D4BD3F850
S32D0000F2D0A020FB6A9B0030333B4453F8303C012101FA03F307491340C1F8A030FB6A0133FB62CBE700BF3437A6
S32D0000F2F8BD46B0BC704700BF88A601000090044068190020B0B487B000AF214B3C461D460FCD0FC42B682360FF
S32D0000F32000237B617B69042B30DC1C4BD3F8A0207B699B0018333B4453F8183C012101FA03F31340002B14BF63
S32D0000F34801230023DBB2002B18D07B691933124A52F823200132104941F823200D4BD3F8A0207B699B001833E2
S32D0000F3703B4453F8183C012101FA03F307491340C1F8A0307B6901337B61CBE700BF1C37BD46B0BC704700BF75
S32D0000F398B4A6010000D004406819002080B483B000AF78607B681B781A46044B53F8223018460C37BD4680BCA7
S32D0000F3C0704700BF6819002080B483B000AF78607B681B781946044B002243F8212000BF0C37BD4680BC704760
S32D0000F3E86819002080B483B000AF78600B46FB707B68FA781A707B6818460C37BD4680BC704700000000000053
S32D0000F41080B586B000AF78607B681B781A463E4B53F822303B617B681B781A463B4B9B5CFB733B69DBB203F05F
S32D0000F4381F03DAB2384B1A723B69DBB203F01F03DAB2354B5A72354B1022C3F88820FB7B002B13D1304932483E
S32D0000F46000F05AFA304B1B6803F08003802B14BF01230023DBB2002B00D0F3E72A4B1B697B6112E026492948F8
S32D0000F48800F046FA274B1B6803F08003802B14BF01230023DBB2002B00D0F3E7214B1B697B611E4BD3F88831DB
S32D0000F4B01C4A43F01003C2F888311A4B9B68194A43F0100393607B699BB2184603F0CEFD0DA3D3E9002303F03C
S32D0000F4D843FE02460B46104619460BA3D3E9002303F064FF02460B461046194604F02CF90346BB60BB68184648
S32D0000F5001837BD4680BD00BFA4703D0AD7A30A4000000000E0FFEF40CCA5010028A501004819002000E100E0E0
S32D0000F52800B0034000B00B4080B586B000AF78607B681B781A46234B53F822303B617B681B781A46204B9B5C20
S32D0000F550FB733B69DBB203F01F03DAB21D4B1A723B69DBB203F01F03DAB21A4B5A72FB7B002B13D11749184811
S32D0000F57800F0CEF9164B1B6803F08003802B14BF01230023DBB2002B00D0F3E7104B1B697B6112E00D490F48D3
S32D0000F5A000F0BAF90D4B1B6803F08003802B14BF01230023DBB2002B00D0F3E7074B1B697B617B6918461837DF
S32D0000F5C8BD4680BDCCA5010028A501005819002000B0034000B00B4098B500AF204B5C221A701F4B10225A7041
S32D0000F5F01D4B41F234225A801B4B45F278629A80194B10229A71184B0722DA71164B4FF4C022DA60144B1F22B9
S32D0000F6181A72134B1F225A721149124800F078F90F49114800F074F90F4800F0D2F80D4800F0CFF80A490C48E6
S32D0000F64000F06AF90849094800F066F9094A064B14460FCB84E80F00064B5C221A70054B0422DA7100BF98BDD7
S32D0000F6684819002000B0034000B00B405819002080B500AF064B1B680133054A136000F03DF8044B0122C3F874
S32D0000F6900C2100BF80BD00BFEC1900200070034080B500AF0C4B01221A600C4800F01AF8094B0322C3F8082101
S32D0000F6B8094BD3F88831084A43F01003C2F88831054B9B68044A43F01003936000BF80BD00700340A086010091
S32D0000F6E000E100E080B483B000AF7860044A7B68C2F8003100BF0C37BD4680BC704700BF0070034080B584B05E
S32D0000F70800AF174B1B68FB60FB68002B24D0FB685B78FB71FB689B68184600F023F80346BB71BB79002B13D03A
S32D0000F730FB685B68012B0FDDFB689B681B69BB60BB68002B08D0BB685B685A1CBB685A60BB681B69BB60F3E76D
S32D0000F758FB68DB68FB60D7E700BF1037BD4680BDE819002080B584B000AF78607868FFF7DBFEF8607B689B697F
S32D0000F7805B78FB72FB7A002B0FD17B68DB68FA689A420ADD7B689B6901225A707B685B685A1C7B685A6001239F
S32D0000F7A813E0FB7A012B0FD17B689B68FA689A420ADA7B689B6900225A707B685B685A1C7B685A60012300E027
S32D0000F7D0002318461037BD4680BD80B485B000AF78607B681B6A23F040027B681A627B685B6A23F00B027B684C
S32D0000F7F85A627B685B6A43F007027B685A627B685B6A43F080027B685A627B681B6803F08003002B0CBF0123B2
S32D0000F8200023DBB2002B00D0F3E77B685B6A03F04003402B0CBF01230023DBB2002B01D0012364E00023FB814A
S32D0000F8487B68DB6CFB817B689B6C9AB2FB891344FB817B685B6C9AB2FB891344FB817B681B6C9AB2FB89134481
S32D0000F870FB817B68DB6B9AB2FB891344FB817B689B6B9AB2FB891344FB81FB895B08FB81FB896FEA43436FEA77
S32D0000F8985343FB81FA897B68DA620023FB817B68DB6EFB817B689B6E9AB2FB891344FB817B685B6E9AB2FB893C
S32D0000F8C01344FB817B681B6E9AB2FB891344FB817B68DB6D9AB2FB891344FB817B689B6D9AB2FB891344FB81DC
S32D0000F8E8FB895B08FB81FB896FEA43436FEA5343FB81FA897B681A637B685B6A23F080027B685A620023184681
S32D0000F9101437BD4680BC704780B483B000AF786039603B681B781A467B689A603B685B781A467B68DA603B68F8
S32D0000F9385B881A467B689A613B689B881A467B68DA613B689B791A467B681A623B68DB791A467B685A623B682D
S32D0000F960DA687B681A653B681B7A1A467B681A603B685B7A1A467B685A6000BF0C37BD4680BC704780B483B00C
S32D0000F98800AF78607B6818460C37BD4680BC704780B582B000AF786039607B68012B07D13B684FF6FF729342B4
S32D0000F9B002D10348FFF7E6FF00BF0837BD4680BDF019002080B500AF4FF6FF710120FFF7E3FF80BD80B582B093
S32D0000F9D800AF7860B84B4FF48072DA60B74B4FF480729A64B54B4FF480721A64B34B4FF480725A64B14B4FF4F0
S32D0000FA008072DA60B04B5B69AF4A43F008035361AE4B5B69AD4A43F480235361AB4B5B69AA4A43F48033536174
S32D0000FA28A84B5B69A74A43F400335361A54B1B68A44A43F008031360A24B5B69A14A43F0080353619E4B1B68DE
S32D0000FA509D4A43F0080313609A4B4FF480725A62984B4FF480721A62954B4FF480721A61934B4FF480725A6128
S32D0000FA78914B4FF480729A618F4B4FF48072DA618D4B4FF480721A638B4B4FF480725A63894B4FF480729A63B2
S32D0000FAA0874B4FF48072DA63854B4FF480721A64834B4FF480725A64814B4FF480729A647F4B4FF48072DA6474
S32D0000FAC8814B4FF480721A607F4B4FF480729A607D4B4FF48072DA607B4B4FF480721A61784B5B69774A43F470
S32D0000FAF040735361744B5B69734A43F47F2343F0F0035361734B5B69724A43F01D035361E221786800F092FDE7
S32D0000FB181D21786800F034FE0221786800F030FE0421786800F02CFEE021786800F082FD0121786800F024FEDB
S32D0000FB406420FFF729F9E021786800F077FD0321786800F019FE0121786800F06FFD0120FFF71AF9E62178683C
S32D0000FB6800F068FD0121786800F00AFEA021786800F006FEFF21786800F002FEB021786800F058FD1C21786888
S32D0000FB9000F0FAFD0F21786800F0F6FD0121786800F0F2FD3F21786800F0EEFD0021786800F0EAFDEF217868A9
S32D0000FBB800F0E6FD0021786800F0E2FDB421786800F038FD0121786800F0DAFD9921786800F0D6FD002178687B
S32D0000FBE000F0D2FD4521786800F0CEFD0221786800F0CAFD0021786800F0C6FD0021786800F0C2FD0021786818
S32D0000FC0800F0BEFDB621786800F014FD0121786800F0B6FD0921786800F0B2FD0021786800F0AEFD0E21786872
S32D0000FC3000F0AAFD0221786800F0A6FD0021786800F0A2FD0021786800F09EFDBA21786800F0F4FC0F217868B2
S32D0000FC5800F096FD6420FFF79BF83A21786800F0E9FC6021786800F08BFD2A21786800F0E1FC0021786800F01C
S32D0000FC8083FD0021786800F07FFD0121786800F07BFD3F21786800F077FD2B21786800F0CDFC0021786800F085
S32D0000FCA86FFD0021786800F06BFD0021786800F067FDEF2178680BE000B0044000A0044080F00F4040F00F4023
S32D0000FCD000C00440C0F00F4000F056FD3621786800F0ACFC0021786800F04EFDF021786800F0A4FC042178682F
S32D0000FCF800F046FDB821786800F09CFC0F21786800F03EFD0121786800F03AFD314B1B68304A43F008031360DC
S32D0000FD206420FFF739F83621786800F087FC0021786800F029FDF021786800F07FFC0421786800F021FD0121B8
S32D0000FD48786800F0BCF91E226F21786800F082F8AF225621786800F0DBF80021786800F00AFA012301221C4962
S32D0000FD70786800F02BFA2921786800F05FFC6420FFF70AF8BE21786800F058FC0E21786800F0FAFCF021786896
S32D0000FD9800F0F6FC0121786800F0F2FC0021786800F0EEFC0021786800F0EAFC0F21786800F0E6FC786800F017
S32D0000FDC028FA0121786800F0DAF90021786800F0AFF900BF0837BD4680BD00BF40F00F40C8A6010080B582B043
S32D0000FDE800AF78607B680022DA617B6801221A627B680E225A607B681A229A607B6800225A617B6800229A61FE
S32D0000FE107B684FF4A072DA607B68F0221A617B6800221A70786801F0E3F97B6818460837BD4680BD80B582B07F
S32D0000FE3800AF7860064B1B78002B05D1044B01221A707868FFF7C2FD00BF0837BD4680BD381A002080B58AB080
S32D0000FE6002AFF860B9607A607E23009362237A68B968F86800F077FE40F24E733B610023FB61FA693B699A4206
S32D0000FE8840DA0023BB61214AFB6913441B781A46BB69934232DAFB6901331C4AD35C002B06D1FF23FB75FF23F2
S32D0000FEB0BB75FF237B7512E0FB690133154AD35C012B06D1D423FB750023BB7526237B7505E0B523FB75BA23CA
S32D0000FED8BB75B0237B757B7DBA7DF97DF86800F0C9F80246FB68DA61F86801F07DF9F86801F0B6F8BB6901334F
S32D0000FF00BB61C4E7FB690233FB61BAE700BF2037BD4680BD0400002080B58AB002AFF860B9607A6027230093B4
S32D0000FF2895237A68B968F86800F019FE40F2E6333B610023FB61FA693B699A4240DA0023BB61214AFB691344C1
S32D0000FF501B781A46BB69934232DAFB6901331C4AD35C002B06D1FF23FB75FF23BB75FF237B7512E0FB690133DC
S32D0000FF78154AD35C012B06D10023FB750023BB7500237B7505E0D423FB750023BB7526237B757B7DBA7DF97D54
S32D0000FFA0F86800F06BF80246FB68DA61F86801F01FF9F86801F058F8BB690133BB61C4E7FB690233FB61BAE7DB
S32D0000FFC800BF2037BD4680BD5407002080B485B000AF78600B46FB70FB78062B29D801A252F823F011000100D7
S32D0000FFF009000100170001001F000100270001002D000100350001006FF07F43FB6014E00023FB6011E04FF4F3
S32D000100187F03FB600DE04FF47F43FB6009E0FF23FB6006E04FF41903FB6002E0044BFB6000BFFB681846143732
S32D00010040BD4680BC704700BF9999990080B584B000AF786039603B681B0CFB733B681B0ABB733B687B737B7BD3
S32D00010068BA7BF97B786800F005F8034618461037BD4680BD80B487B000AF7860084611461A460346FB700B46C9
S32D00010090BB7013467B70FB789B08DBB27B61BB789B08DBB23B617B789B08DBB2FB607B691A033B699B011A4338
S32D000100B8FB68134318461C37BD4680BC704780B582B000AF78600B46FB70FB7819467868FFF77CFF0346194644
S32D000100E0786800F004F800BF0837BD4680BD80B582B000AF7860396039687868FFF7A6FF02467B681A627868BD
S32D0001010801F072F8786800F0D3FB00BF0837BD4680BD80B582B000AF7860786800F0C8FB00BF0837BD4680BDD2
S32D0001013080B582B000AF78600B46FB70FB7819467868FFF747FF03461946786800F004F800BF0837BD4680BD56
S32D0001015880B582B000AF7860396039687868FFF771FF02467B681A62786801F03DF800BF0837BD4680BD80B5EA
S32D0001018082B000AF78600B46FB70FB7819467868FFF720FF03461946786800F004F800BF0837BD4680BD80B52D
S32D000101A882B000AF7860396039687868FFF74AFF02467B68DA61786801F016F800BF0837BD4680BD80B586B028
S32D000101D000AFF860B9607A603B6000237B617B69BA6813441B78002B0FD07B69BA6813441B783A687968F8689F
S32D000101F800F0F4FD7B680C337B607B6901337B61E9E700BF1837BD4680BD80B582B000AF7860FDF7DDF86721A9
S32D000102200120FDF748F800210220FDF744F8A0210320FDF740F850210420FDF73CF820210520FDF738F820214F
S32D000102480620FDF734F877210720FDF730F800210820FDF72CF800210920FDF728F800210A20FDF724F8042127
S32D000102700B20FDF720F87B684FF0FF32DA637B684FF0FF321A6400BF0837BD4680BD000080B586B000AFF86017
S32D00010298B9607A600020FDF72CF80346FB75FB7D03F00203002B00F0CE80FDF73FF8E020FCF7F0FF0220FEF756
S32D000102C06BFDFDF745F80120FEF766FDFDF732F8A520FCF7E3FF0120FEF75EFDFDF705F803469BB21B02BB82F3
S32D000102E8FCF7FFFF03469AB2BB8A1343BB82FCF7F8FF03469BB21B027B82FCF7F2FF03469AB27B8A13437B821E
S32D00010310BB8A1B09BB827B8A1B097B82FDF718F8FB68DB6BB3F1FF3F34D1FB681B6CB3F1FF3F2FD1BA8AFB68EB
S32D00010338DA637A8AFB681A647B8AC3F57F630F337B82BB8A184602F09DFE49A3D3E9002302F002FF02460B460F
S32D000103601046194603F0F4F90246BB681A607B8A184602F08BFE42A3D3E9002302F0F0FE02460B461046194624
S32D0001038803F0E2F902467B681A605AE0FB68DA6BBB8AD31A1946F86800F074F80346632B0CDCFB681A6C7B8AF7
S32D000103B0D31A1946F86800F069F80346632B01DC012300E00023002B2FD0BA8AFB68DA637A8AFB681A647B8A4E
S32D000103D8C3F57F630F337B82BB8A184602F052FE23A3D3E9002302F0B7FE02460B461046194603F0A9F90246C1
S32D00010400BB681A607B8A184602F040FE1CA3D3E9002302F0A5FE02460B461046194603F097F902467B681A60F4
S32D000104280FE0BB68164A1A607B68154A1A60FB684FF0FF32DA63FB684FF0FF321A64002310E001230EE0BB6854
S32D000104500D4A1A607B680C4A1A60FB684FF0FF32DA63FB684FF0FF321A64002318461837BD4680BDAFF3008066
S32D00010478144001144001B43F1EE0011EE001AE3F000080BF80B483B000AF786039603B68002B02DA3B685B421D
S32D000104A03B603B6818460C37BD4680BC704780B584B000AF786039600023FB60786800F0BEFAFB683A6813446D
S32D000104C81B78002B12D07B6859697B689869FB683A6813441B780246786800F065FC786800F0BDFAFB68013356
S32D000104F0FB60E6E700BF1037BD4680BD80B592B000AF786039604FF00001386803F030FC0346002B1FD03868D6
S32D0001051803F03EFC03467B64786C03F01FFA03461946386803F064F903461F49184603F069FA0346184603F0D8
S32D000105402BFC03463B6407F10C003B6C7A6C194904F0B6FC22E03B6883F000433B60386803F01AFC03467B641D
S32D00010568786C03F0FBF903461946386803F040F903460D49184603F045FA0346184603F007FC03463B6407F179
S32D000105900C003B6C7A6C084904F092FC07F10C0319467868FFF783FF00BF4837BD4680BD00007A44E4A601004B
S32D000105B8D8A6010080B582B000AF78600B46FB70786800F038FA7B6859697B689A69FB78786800F0E9FB786857
S32D000105E000F041FA00BF0837BD4680BD80B582B000AF78603960786800F021FA39687868FFF755FF786800F076
S32D0001060805FA00BF0837BD4680BD80B582B000AF78600B46FB70786800F00DFAFB7819467868FFF7C7FF7868B7
S32D0001063000F0F0F900BF0837BD4680BD80B483B000AF78600B46FB704D4B1B684C4A23F0080313604B4B1B687F
S32D000106584A4A23F480231360484B1B68474A43F480331360454B1B68444A23F440731360414B1B68404A23F420
S32D00010680435323F0300313603E4B1A68FB785B0203F400733B4913430B603A4B1A68FB785B101B0203F4807386
S32D000106A8364913430B60344B1A68FB789B101B0103F01003304913430B602F4B1A68FB78DB105B0103F020039C
S32D000106D02B4913430B602A4B1A68FB781B119B0103F04003264913430B60254B1A68FB785B11DB01DBB2224989
S32D000106F813430B60204B1A68FB789B111B0303F480531D4913430B601B4B1A6897F90330DB115BB25B0303F4FE
S32D000107200053174913430B60164B1B68154A23F400331360134B1B68124A43F4003313600F4B1B680E4A43F0B4
S32D00010748080313600D4B1B680C4A43F440731360094B1B68084A43F4435343F030031360064B1B68054A43F44D
S32D000107708023136000BF0C37BD4680BC704700BF80F00F4040F00F4080B483B000AF78600B46FB70464B1B6891
S32D00010798454A23F008031360444B1B68434A43F480331360414B1B68404A43F4802313603E4B1B683D4A23F486
S32D000107C0407313603A4B1B68394A23F4435323F030031360374B1A68FB785B0203F40073344913430B60334BF9
S32D000107E81A68FB785B101B0203F480732F4913430B602D4B1A68FB789B101B0103F01003294913430B60284B62
S32D000108101A68FB78DB105B0103F02003244913430B60234B1A68FB781B119B0103F040031F4913430B601E4B46
S32D000108381A68FB785B11DB01DBB21B4913430B60194B1A68FB789B111B0303F48053164913430B60144B1A68B4
S32D0001086097F90330DB115BB25B0303F40053104913430B600F4B1B680E4A23F4003313600C4B1B680B4A43F493
S32D0001088800331360084B1B68074A43F008031360064B1B68054A23F48023136000BF0C37BD4680BC704700BFBC
S32D000108B080F00F4040F00F4080B586B000AF78607B6800225A617B6800229A617B681B6AFB60FB68FB72FB6833
S32D000108D81B0ABB72FB681B0CDBB203F003037B722A217868FFF7A6FE00217868FFF748FF00217868FFF744FF65
S32D0001090001217868FFF740FF3F217868FFF73CFF2B217868FFF792FE00217868FFF734FF00217868FFF730FF1E
S32D0001092800217868FFF72CFFEF217868FFF728FF2C217868FFF77EFE314B1B68304A23F4407313602F4B1B681F
S32D000109502E4A23F47F2323F0F00313602C4B1B682B4A23F01D031360274B1A687B681B6B254913430B60254BBD
S32D000109781A687B685B6B234913430B60224B1A687B689B6B204913430B601E4B1B681D4A23F0080313601A4BAD
S32D000109A01B68194A43F48023136000237B617B69EF2B19D800233B613B69B3F5A07F0FD2114B1B68104A23F4AC
S32D000109C8003313600E4B1B680D4A43F4003313603B6901333B61EBE77B6901337B61E2E7084B1B68074A43F0ED
S32D000109F008031360044B1B68034A23F48023136000BF1837BD4680BD40F00F4080F00F40C0F00F4080B483B01C
S32D00010A1800AF78607B689B69002B07DD7B685B695A1C7B685A617B6800229A6100BF0C37BD4680BC704780B54A
S32D00010A4082B000AF78607B685A697B685B689A4205DB7B6800225A617868FFF72DFF00BF0837BD4680BD80B591
S32D00010A6882B000AF78607B689B695A1C7B689A617B689A697B689B689A4205D17868FFF7C5FF7868FFF7D7FFA7
S32D00010A9000BF0837BD4680BD80B586B002AFF860B9607A600123009301237A68B968F86800F059F8F86800F0C3
S32D00010AB8D7FA00BF1037BD4680BD80B485B000AF786039607B681B68FB603B681A687B681A603B68FA681A60AD
S32D00010AE000BF1437BD4680BC704780B586B002AFF860B9607A603B60BA683B681A447B68009313467A68B968F0
S32D00010B08F86800F0ABF8BA683B68D118BA683B68D0187A68BB691344009303467A68F86800F09CF8BA683B68AC
S32D00010B30D1187A68BB69D0187A68BB6913440093BB680246F86800F08DF87A68BB691A447B680093BB68B96871
S32D00010B58F86800F083F800BF1037BD4680BD80B588B000AFF860B9607A603B60FB681B78022B03D0FB681B786F
S32D00010B80032B11D17B68FB61BA6AFB691344013BBB61FB68DA68BB68D31A3B613B683A69D31A01337B610DE03F
S32D00010BA8BB68FB613A68FB691344013BBB617B687B61BA6A7B691344013B3B612A21F868FFF738FDFB691B0A95
S32D00010BD0DBB203F00F03DBB21946F868FFF7D4FDFB69DBB21946F868FFF7CEFDBB691B0ADBB203F00F03DBB278
S32D00010BF81946F868FFF7C4FDBB69DBB21946F868FFF7BEFD2B21F868FFF714FD7B691B0ADBB203F00F03DBB25C
S32D00010C201946F868FFF7B0FD7B69DBB21946F868FFF7AAFD3B691B0ADBB203F00F03DBB21946F868FFF7A0FD3C
S32D00010C483B69DBB21946F868FFF79AFD2C21F868FFF7F0FC00BF2037BD4680BD90B58BB000AFF860B9607A60A1
S32D00010C703B603A68BB68D31A1946F868FFF706FCF861BA6B7B68D31A1946F868FFF7FEFBB861BA69FB699A42D9
S32D00010C98CCBF01230023FB75FB7D002B0CD03A1D07F1080311461846FFF707FF3B4607F138011846FFF701FF5B
S32D00010CC0BA683B689A420CDD3A4607F1080311461846FFF7F6FE3B1D07F138011846FFF7F0FE3A68BB689A42ED
S32D00010CE806D1BB687A681946F868FFF7D1FE55E0BA6B7B68D31A184602F030FE04463A68BB68D31A184602F089
S32D00010D1029FE03461946204602F02CFF03463B617B68184602F01EFE03467B62BB683B623B683A6A9A4235DC14
S32D00010D38FB7D002B14D0786A02F0B6F94FF00002184B02F053F802460B461046194602F0B3FC03463A6A194666
S32D00010D60F868FFF799FE13E0786A02F0A1F94FF000020E4B02F03EF802460B461046194602F09EFC03461A46D1
S32D00010D88396AF868FFF784FE3969786A02F032FD03467B623B6A01333B62C5E72C37BD4690BD00BF0000E03F43
S32D00010DB080B584B000AFF860B9607A60FB707A6813465B0013449B00991CBA6813461B011344DA1CFB78F86852
S32D00010DD800F004F800BF1037BD4680BD80B58EB002AFF860B9607A60FB70FB780A2B06D1F868FFF720FEF8688D
S32D00010E00FFF708FEF2E0FB787D2B02D8FB781F2B01D82023FB70FB78203BFB70112300930C237A68B968F8682A
S32D00010E28FFF79DFEFA7813469B0013446F4AD35C3B75FA7813469B00134401336B4AD35C7B75FA7813469B008A
S32D00010E5013440233674AD35CBB75FA7813469B0013440333634AD35CFB75FA7813469B00134404335F4AD35CCC
S32D00010E783B760023BB62BB6A062B00F3A180F86800F050F9F86800F0B3F8002387F82F3000237B627B6A042B47
S32D00010EA035DC07F114027B6A13441B7803F00103002B14BF01230023FB76FB7E002B11D097F82F3083F001039E
S32D00010EC8DBB2002B03D0F86800F0CAF802E0F86800F08EF8F86800F08BF80DE097F82F30002B03D0F86800F0AA
S32D00010EF01DF902E0F86800F07FF8F86800F07CF8FB7E87F82F307B6A01337B62C6E797F82F30002B03D0F8680A
S32D00010F1800F008F902E0F86800F06AF8F86800F067F8002387F82F3000233B623B6A042B42DC07F114023B6A10
S32D00010F4013441B7803F00103002B14BF01230023BB76BB7E002B11D097F82F3083F00103DBB2002B03D0F86896
S32D00010F6800F07EF802E0F86800F042F8F86800F03FF80DE097F82F30002B03D0F86800F0D1F802E0F86800F0DD
S32D00010F9033F8F86800F030F8BB7E87F82F3007F114023B6A13441B785B08D9B207F114023B6A13440A461A7009
S32D00010FB83B6A01333B62B9E7BB6A0133BB625AE7F86800F0AFF8002387F82F300123FB61FB69232B06DCF868D1
S32D00010FE000F00AF8FB690133FB61F5E73037BD4680BD00BF3C0B002080B483B000AF7860174B1B68164A43F4E9
S32D0001100880331360154B1B68144A23F008031360114B1B68104A43F4802313600E4B1B680D4A23F4003313604B
S32D000110300B4B1B680A4A43F400331360094B1B68084A43F008031360054B1B68044A23F48023136000BF0C375D
S32D00011058BD4680BC704700BF40F00F4080F00F4080B483B000AF78602B4B1B682A4A43F480331360294B1B68C7
S32D00011080284A23F008031360254B1B68244A43F480231360224B1B68214A23F440731360204B1B681F4A23F48A
S32D000110A87F2323F0F00313601D4B1B681C4A23F01D031360184B1A687B685B6A164913430B60164B1A687B6894
S32D000110D09B6A144913430B60134B1A687B68DB6A114913430B600E4B1B680D4A23F4003313600B4B1B680A4A8E
S32D000110F843F400331360094B1B68084A43F008031360054B1B68044A23F48023136000BF0C37BD4680BC7047CC
S32D0001112040F00F4080F00F40C0F00F4080B483B000AF78602B4B1B682A4A43F480331360294B1B68284A23F02F
S32D0001114808031360254B1B68244A43F480231360224B1B68214A23F440731360204B1B681F4A23F47F2323F091
S32D00011170F00313601D4B1B681C4A23F01D031360184B1A687B681B6B164913430B60164B1A687B685B6B14499C
S32D0001119813430B60134B1A687B689B6B114913430B600E4B1B680D4A23F4003313600B4B1B680A4A43F40033FC
S32D000111C01360094B1B68084A43F008031360054B1B68044A23F48023136000BF0C37BD4680BC704740F00F40EE
S32D000111E880F00F40C0F00F4080B485B000AF78607B681B6AFB60FB68FB72FB681B0ABB72FB681B0CDBB203F0D8
S32D0001121003037B727B6800225A627B6800229A627B680022DA627B6800221A637B6800225A637B6800229A6373
S32D000112387B681A6BFB7A5B0203F400731A437B681A637B681A6BFB7A5B101B0203F480731A437B681A637B6837
S32D000112605A6BFB7A9B101B0103F010031A437B685A637B685A6BFB7ADB105B0103F020031A437B685A637B6801
S32D000112885A6BFB7A1B119B0103F040031A437B685A637B685A6BFB7A5B11DB01DBB21A437B685A637B685A6B6B
S32D000112B0FB7A9B111B0303F480531A437B685A637B685A6B97F90B30DB115BB25B0303F400531A437B685A63F8
S32D000112D87B685A6BBB7A9B0303F480431A437B685A637B685A6BBB7A5B10DB039BB21A437B685A637B685A6B9D
S32D00011300BB7A9B101B0403F480331A437B685A637B685A6BBB7ADB105B0403F400331A437B685A637B685A6B22
S32D00011328BB7A1B119B0403F480231A437B685A637B685A6BBB7A5B11DB0403F400231A437B685A637B689A6BD8
S32D00011350BB7A9B1103F001031A437B689A637B689A6B97F90A30DB115BB29B0003F004031A437B689A637B68F9
S32D000113789A6B7B7ADB0003F008031A437B689A637B689A6B7B7A5B101B0103F010031A437B689A637B68DB6968
S32D000113A0FB60FB68FB72FB681B0ABB72FB681B0CDBB203F003037B727B685A6AFB7A5B0203F400731A437B681E
S32D000113C85A627B685A6AFB7A5B101B0203F480731A437B685A627B689A6AFB7A9B101B0103F010031A437B6847
S32D000113F09A627B689A6AFB7ADB105B0103F020031A437B689A627B689A6AFB7A1B119B0103F040031A437B6843
S32D000114189A627B689A6AFB7A5B11DB01DBB21A437B689A627B689A6AFB7A9B111B0303F480531A437B689A6210
S32D000114407B689A6A97F90B30DB115BB25B0303F400531A437B689A627B689A6ABB7A9B0303F480431A437B683A
S32D000114689A627B689A6ABB7A5B10DB039BB21A437B689A627B689A6ABB7A9B101B0403F480331A437B689A629F
S32D000114907B689A6ABB7ADB105B0403F400331A437B689A627B689A6ABB7A1B119B0403F480231A437B689A62A4
S32D000114B87B689A6ABB7A5B11DB0403F400231A437B689A627B68DA6ABB7A9B1103F001031A437B68DA627B68EA
S32D000114E0DA6A97F90A30DB115BB29B0003F004031A437B68DA627B68DA6A7B7ADB0003F008031A437B68DA6254
S32D000115087B68DA6A7B7A5B101B0103F010031A437B68DA6200BF1437BD4680BC704780B483B000AF78607B68BE
S32D0001153018460C37BD4680BC704780B584B000AFF860B9607A603B60FB682033B968184603F0D6FCFB687A68B8
S32D000115581A60FB683A689A60FB68BA691A61FB68FA695A61FB681A68FB681B691A44FB685A60FB689A68FB685A
S32D000115805B691A44FB68DA60FB683A6A9A61FB687A6ADA61FB680022C3F8E82000BF1037BD4680BDF0B585B091
S32D000115A802AF78607B689B6919461F48FEF7F7FD7B6819687B689A687B6818697B685B69009303461848FFF76F
S32D000115D08CFA7B68DB6919461548FEF7E4FD7B6803F120047B681B681D467B681B691E467B682033184603F097
S32D000115F8E3FC024613465B0013449B00F31A5B082B4418467B689A687B685B69113BD90F0B445B1013440246A1
S32D0001162021460348FEF7D2FD00BF0C37BD46F0BDF419002080B584B002AF78607B689B6919461F48FEF7AFFD06
S32D000116487B681B68591C7B689B685A1C7B681B69981E7B685B69023B009303461648FFF740FA7B681B68991CB6
S32D000116707B689B689A1C7B681B69181F7B685B69043B009303460E48FFF72FFA7B681B68D91C7B689B68DA1CA3
S32D000116987B681B69981F7B685B69063B009303460548FFF71EFA7B680122C3F8E82000BF0837BD4680BD00BF20
S32D000116C0F419002080B584B002AF786000211F48FEF769FD7B681B68D91C7B689B68DA1C7B681B69981F7B68C1
S32D000116E85B69063B009303461648FFF7FAF97B681B68991C7B689B689A1C7B681B69181F7B685B69043B0093DD
S32D0001171003460E48FFF7E9F97B681B68591C7B689B685A1C7B681B69981E7B685B69023B009303460548FFF7DC
S32D00011738D8F97B680022C3F8E82000BF0837BD4680BD00BFF419002080B584B000AFF860B9607A603B60FB685E
S32D000117601B68184602F0FEF80246BB681946104602F0F4FA0346002B00F08180FB685B68184602F0EFF8024687
S32D00011788BB681946104602F0EFFA0346002B72D0FB689B68184602F0E1F802467B681946104602F0D7FA03464E
S32D000117B0002B64D0FB68DB68184602F0D3F802467B681946104602F0D3FA0346002B56D03A1D07F108031946F8
S32D000117D82B48FEF759FDFB681B68184602F0BEF80246BB681946104602F0B4FA0346002B3FD0FB685B68184671
S32D0001180002F0B0F80246BB681946104602F0B0FA0346002B31D0FB689B68184602F0A2F802467B6819461046BE
S32D0001182802F098FA0346002B23D0FB68DB68184602F094F802467B681946104602F094FA0346002B15D03B68C8
S32D00011850002B10D1FB68D3F8E830002B03D1F868FFF7E8FE07E0FB68D3F8E830002B02D0F868FFF727FF012312
S32D0001187802E0002300E0002318461037BD4680BDF419002080B586B000AFF860B9607A60BB687B617B683B6144
S32D000118A079693A690123F868FFF752FF0346002B14BF01230023DBB2002B08D007F1100207F1140319460448E7
S32D000118C8FEF7E2FCE8E700BF1837BD4680BD00BFF4190020B0B592B004AFF860B9607A603B60FB6C7B633B68ED
S32D000118F03B63F86C01F0CAFB02460B464FF000004E4901F075FA02460B4614461D46386D01F0BCFB02460B4606
S32D000119182046294601F068FA02460B461046194601F012FF03463B62386801F0ABFB02460B464FF000004049AA
S32D0001194001F056FA02460B4614461D46B86C01F09DFB02460B462046294601F049FA02460B461046194601F053
S32D00011968F3FE0346FB61786801F0F8FF03461946386A02F0FBF80346184602F009FA0346BB61B86801F0EAFFC8
S32D0001199003461946F86902F0EDF80346184602F0FBF903467B6100237B620123BB62BA6ABB689A423DDC0123F5
S32D000119B8FB62FA6A7B689A422DDC7B6AEC2202FB03F3FA68D0187A6A13469B0013449B001A467B6D9918FB6D1C
S32D000119E00393BB6D02937B690193BB6900933B6B7A6BFFF7A2FD7B6AEC2202FB03F3FA6813441846FFF7CEFD78
S32D00011A087B6A01337B627A6BBB6913447B63FB6A0133FB62CDE73A6B7B6913443B63FB6C7B63BB6A0133BB6298
S32D00011A30BDE700BF3837BD46B0BD00BF0000744000006E4080B582B000AF786039607B68012B07D13B684FF6CE
S32D00011A58FF72934202D10348FEF7C0F900BF0837BD4680BDF419002080B500AF4FF6FF710120FFF7E3FF80BD13
S32D00011A8080B582B000AF7860164B03F580535B6B144A43F0400302F580525363124B4FF400725A62104B4FF498
S32D00011AA800721A620F4B14225A700E4B1B7ADBB20C4A43F00103DBB213720A4B80229A7002212B20FBF77CFBD5
S32D00011AD03D212A20FBF778FB7B6818460837BD4680BD00BF0070044000C004400060064080B582B000AF78600F
S32D00011AF839607B68012B07D13B684FF6FF72934202D10348FFF7B8FF00BF0837BD4680BD3C1A002080B500AFAE
S32D00011B204FF6FF710120FFF7E3FF80BD0000000080B582B000AF78607B681846FDF768FC03460F49184601F034
S32D00011B4861FF0346184601F0AFFA09A3D3E9002301F02CFC02460B461046194601F0F4FD034618460837BD4610
S32D00011B7080BD00BFAFF300800000000000A0694000404A4480B582B000AF78600B46FB707B68FA78114618465D
S32D00011B98FDF728FC7B6818460837BD4680BD000080B582B000AF786039607B68012B08D13B684FF6FF729342A9
S32D00011BC003D120210348FFF7DDFF00BF0837BD4680BD00BF401A002080B500AF4FF6FF710120FFF7E1FF80BD80
S32D00011BE880B483B000AF78607B6800221A707B6818460C37BD4680BC7047000080B582B000AF78607B681B7873
S32D00011C1083F00103DBB2002B52D07B6801221A702A4B03F580535B6B284A43F4806302F580525363264B4FF4FF
S32D00011C3800725A60244B4FF400729A60234B1B684FF4165219462248FBF712FC204BDB78DBB21F4A23F00C03F8
S32D00011C60DBB2D3701C4BDB78DBB21B4A43F02003DBB2D370184BDB7ADBB2174A23F02003DBB2D372154BD3F8DA
S32D00011C888431144A43F40053C2F88431114B5B68104A43F4005353600D4BDB78DBB20C4A43F00C03DBB2D370CB
S32D00011CB06420FDF771F87B6801221A70012300E0002318460837BD4680BD00BF00700440009004403C190020D4
S32D00011CD800A0064000E100E080B483B000AF78607B681B7818460C37BD4680BC7047000080B487B000AFF860C9
S32D00011D00B9607A60FB700023FB7400237B617A697B689A422BD2194B1B78002B00D1FAE7BA687B691344164A95
S32D00011D2812781A70134B00221A70BA687B6913441B780D2B16D0FB7C83F00103DBB2002B0CD0BA687B69134481
S32D00011D501B78FA789A4202D10123FB7402E07B69013B7B617B6901337B61D0E700BF7B6918461C37BD4680BC01
S32D00011D78704700BF5A1A00205B1A002080B586B000AFF860B9607A6000237B617A697B689A420BD2BA687B69B4
S32D00011DA013441B7819460648FBF739FC7B6901337B61EFE77B6918461837BD4680BD00BF00A0064080B483B0AF
S32D00011DC800AF78603960044A3B68136000BF0C37BD4680BC704700BF441A002080B582B000AF3248FBF7FEFBB8
S32D00011DF00346FB71304AFB791370304B01221A702F4B1B78022B33D0022B4FDC002B02D0012B14D04AE0FB7936
S32D00011E18FF2B44D1284B01221A70284B00221A70264B1B785A1CD1B2244A11701946244AFB79535433E0214BCA
S32D00011E401B785A1CD1B21F4A117019461E4AFB7953541C4B1B780D2B27D11C4B1B68194A127811461848984784
S32D00011E68154B02221A701CE0FB79FF2B10D1124B01221A70114B00221A70104B1B785A1CD1B20E4A1170194691
S32D00011E900D4AFB79535409E00A4B00221A70084B00221A7002E000BF00E000BF00BF0837BD4680BD00A0064064
S32D00011EB85B1A00205A1A0020591A0020581A0020481A0020441A002080B582B000AF78607B681846FFF784FE06
S32D00011EE07B6811491846FFF76DFF7B684FF0FF325A600E4B4FF000021A600D4B4FF000021A600C4B4FF000020A
S32D00011F081A600B4B00221A600A4B00221A700A4B00221A707B6818460837BD4680BD00BFDD2B0100681A002012
S32D00011F306C1A0020701A0020741A0020781A0020791A002080B59AB000AFF860B9607A60FB681846FFF7C4FE2D
S32D00011F58034683F00103DBB2002B03D0FB681846FFF74CFEAD4B1B7883F00103DBB2002B00F09B83FB68184685
S32D00011F80FFF740FEA74B1B7883F00103DBB2002B00F08F83BB68002B02DA0023BB6004E0BB680B2B01DD0B2397
S32D00011FA8BB60FB68BA685A609D48FEF7B2F800237B6300237B66002387F8633097F86330002B69D197499648AD
S32D00011FD0FEF76DFA2B2387F820302B2387F821302B2387F82230FB6807F1200103221846FFF7C8FE7863F86836
S32D00011FF807F114014F230A22FFF77AFE78667B6E012B02D93B7D4F2B42D087498448FEF7E9FA86498248FEF78D
S32D00012020E5FA40F6C410FCF7B7FEF86807F1140130230A22FFF760FE78667B6E012B02D93B7D4F2B24D07C4907
S32D000120487748FEF7CFFA7B497548FEF72CFA0023FB65FB6D7A6E9A420CD907F11402FB6D13441B7819466E4847
S32D00012070FEF7A4FAFB6D0133FB65EEE76C496A48FEF7B4FA6E496848FEF7B0FA00BF06E0012387F8633002E010
S32D00012098012387F8633091E768496148FEF703FA0023BB65BB6D7A6E9A420CD907F11402BB6D13441B7819468C
S32D000120C05948FEF77BFABB6D0133BB65EEE758495548FEF78BFA5C495348FEF7E8F9412387F82030542387F89E
S32D000120E821304D2387F82230592387F82330FB685B68002B00DA03339B10DBB23133DBB287F82430312387F8B9
S32D000121102530302387F82630FB685B685A4203F0030302F0030258BF5342DBB23033DBB287F827300D2387F8C3
S32D000121382830FB6807F1200109221846FFF71EFE7863F86807F114014F230A22FFF7D0FD78667B6E012B02D992
S32D000121603B7D4F2B04D039492F48FEF73FFAA0E200237B657B6D7A6E9A420CD907F114027B6D13441B781946CE
S32D000121882748FEF717FA7B6D01337B65EEE726492348FEF727FA2C492148FEF784F9412387F82030542387F879
S32D000121B02130492387F82230442387F82330FB685B68002B00DA03339B10DBB23133DBB287F82430302387F80A
S32D000121D82530302387F82630302387F827300D2387F82830FB6807F1200109221846FFF7C5FD7863F86807F13B
S32D0001220014014F230A22FFF777FD78667B6E012B02D93B7D4F2B1DD00C490348FEF7E6F947E200BF641A0020AB
S32D00012228F4190020FCA6010010A7010014A701002CA7010044A7010050A7010060A7010068A701007CA701004F
S32D000122509CA7010000233B653B6D7A6E9A420CD907F114023B6D13441B781946A848FEF7A5F93B6D01333B6509
S32D00012278EEE7A649A448FEF7B5F9A549A248FEF712F9412387F82030542387F82130442387F822304C2387F86C
S32D000122A02330FB685B68002B00DA03339B10DBB23133DBB287F82430302387F82530302387F82630FB685B68EA
S32D000122C85A4203F0030302F0030258BF5342DBB23033DBB287F827300D2387F82830FB6807F120010922184650
S32D000122F0FFF748FD7863F86807F114014F230A22FFF7FAFC78667B6E012B02D93B7D4F2B04D082497E48FEF758
S32D0001231869F9CAE10023FB64FB6C7A6E9A420CD907F11402FB6C13441B7819467648FEF741F9FB6C0133FB6452
S32D00012340EEE774497248FEF751F975497048FEF7AEF8412387F82030542387F82130442387F82230482387F836
S32D000123682330302387F82430302387F82530302387F82630302387F827300D2387F82830FB6807F120010922A7
S32D000123901846FFF7F7FC7863F86807F114014F230A22FFF7A9FC78667B6E012B02D93B7D4F2B04D05949564842
S32D000123B8FEF718F979E10023BB64BB6C7A6E9A420CD907F11402BB6C13441B7819464E48FEF7F0F8BB6C013338
S32D000123E0BB64EEE74B494A48FEF700F94D494848FEF75DF8412387F82030542387F82130432387F8223048233A
S32D0001240887F82330302387F82430302387F82530312387F82630412387F827300D2387F82830FB6807F12001A0
S32D0001243009221846FFF7A6FC7863F86807F114014F230A22FFF758FC78667B6E012B02D93B7D4F2B04D03149DE
S32D000124582D48FEF7C7F828E100237B647B6C7A6E9A420CD907F114027B6C13441B7819462548FEF79FF87B6C73
S32D0001248001337B64EEE723492148FEF7AFF826491F48FEF70CF8412387F82030542387F82130572387F8223040
S32D000124A8522387F823300D2387F82430FB6807F1200105221846FFF761FC7863F86807F114014F230A22FFF78B
S32D000124D013FC78667B6E012B02D93B7D4F2B04D00E490B48FEF782F8E3E000233B643B6C7A6E9A421AD907F106
S32D000124F814023B6C13441B7819460348FEF75AF83B6C01333B64EEE7F419002010A70100B0A701007CA701006D
S32D00012520C8A70100E0A70100F8A7010062496348FEF75CF862496148FDF7B9FF412387F82030542387F82130DB
S32D00012548432387F822304E2387F823300D2387F82430FB6807F1200105221846FFF70EFC7863F86807F114019E
S32D000125704F230A22FFF7C0FB78667B6E012B02D93B7D4F2B04D04F494C48FEF72FF890E00023FB63FB6B7A6E92
S32D000125989A420CD907F11402FB6B13441B7819464448FEF707F8FB6B0133FB63EEE740494048FEF717F84249A9
S32D000125C03E48FEF713F80023BB63BB6B082B15DCBB6B7A681344197807F12002BB6B13440A461A70BB6B7A6872
S32D000125E813441B7819463348FDF7E4FFBB6B0133BB63E6E72E492F48FDF7F4FF0D2387F82930FB6807F120018B
S32D000126100A221846FFF7B6FB78632C492748FDF746FFF86800F0A0FA034619462348FDF7F0FF274B01221A7073
S32D0001263805233B630023FB62F86800F09FFA0346002B0CBF01230023DBB2002B22D0FA6A3B6B9A4215DD1748DD
S32D00012660FDF75BFD1B491548FDF721FFBB68DBB219461248FDF7CDFF17491048FDF7B6FF16490E48FDF7B2FF46
S32D00012688FEE7FB6807F120010A221846FFF776FB7863D1E710490748FDF7A4FF40F6B830FCF776FB0348FDF73E
S32D000126B034FD6837BD4680BD10A70100F41900200CA801007CA7010024A8010034A80100641A00204CA80100F0
S32D000126D870A80100A8A80100E4A8010080B584B000AFF8600B467A60FB72FB7A402B0AD9FB7A4C2B07D8FB7AD1
S32D00012700413B7A681946F868FFF71CFC0CE0FB7A602B09D9FB7A6C2B06D8FB7A613B7A681946F868FFF70EFC15
S32D0001272800BF1037BD4680BDB0B5ADF5496D06AF07F67843A3F67443186007F67843A3F6784319600123C7F8E2
S32D00012750743C0023C7F8703C0023C7F86C3C07F66C3300241D46002C05DB2846FEF7DBFEEC35013CF7E707F6EE
S32D000127787843A3F590739A4A1C4615460FCD0FC42B68236007F57E7307241D46002C05DB2846FEF7C4FEEC35A9
S32D000127A0013CF7E707F67843A3F517638F4A18461146F0231A4601F0CBFF07F5077300241D46002C05DB2846F2
S32D000127C8FEF7ADFEEC35013CF7E707F67843A3F5276300221A60043300221A605A609A60DA6007F1300301247F
S32D000127F01D46002C05DB2846FEF795FEEC35013CF7E707F67843A3F54763794A1C4615460FCD0FC40FCD0FC441
S32D0001281895E8030084E80300D7F8743C002B00F087810023C7F8703C0023C7F86C3C00216E48FDF758FC0223A4
S32D00012840C7F8603C07F66C306FF07F4305930023049307F6583303930123029301230193C923009301230122AD
S32D000128680121FFF737F807F57E706FF07F4305936FF07F43049307F5427303930123029301230193022300932F
S32D0001289028230422D7F8601CFFF720F8D7F8703C002B42D107F6584207F65C4319465148FDF7EEFC0346002B19
S32D000128B8F0D00023C7F8683CD7F8683C072BE9DC07F57E72D7F8683CEC2101FB03F3D018D7F85C1CD7F8582C61
S32D000128E00023FEF735FF0346002B14BF01230023DBB2002B13D007F57E72D7F8683CEC2101FB03F31344D7F8D0
S32D000129085C1CD7F8582C1846FEF7BCFFD7F8683C0133C7F8703CD7F8683C0133C7F8683CCAE7D7F8703C013B43
S32D00012930072B79D801A252F823F000BF5D290100712901008529010099290100AD290100C1290100D5290100E1
S32D00012958152A0100412387F8673C07F50273244A07CA03C31A805BE0422387F8673C07F50273204A07CA03C346
S32D000129801A8051E0432387F8673C07F502731C4A07CA03C31A8047E0442387F8673C07F50273184A07CA03C3B3
S32D000129A81A803DE0452387F8673C07F50273144A07CA03C31A8033E0462387F8673C07F50273104A07CA03C3BF
S32D000129D01A8029E0472387F8673C07F502730C4A07CA03C31A801FE07CA9010090A9010080AA0100F4190020FA
S32D000129F81CA9010028A9010034A9010040A901004CA9010058A9010064A90100482387F8673C07F50273504AB2
S32D00012A2007CA03C31A8000BF00214E48FDF75FFB07F507706FF07F4305930023049307F50273039301230293EC
S32D00012A4801230193C92300933C2301220121FEF741FF07F130006FF07F4305936FF07F43049307F1080303931D
S32D00012A7001230293012301933C2300933C2302220121FEF72BFFD7F86C3C002B42D107F6584207F65C431946C9
S32D00012A983248FDF7F9FB0346002BF0D00023C7F8683CD7F8683C012BE9DC07F13002D7F8683CEC2101FB03F3F3
S32D00012AC0D018D7F85C1CD7F8582C0023FEF740FE0346002B14BF01230023DBB2002B13D007F13002D7F8683C49
S32D00012AE8EC2101FB03F31344D7F85C1CD7F8582C1846FEF7C7FED7F8683C0133C7F86C3CD7F8683C0133C7F843
S32D00012B10683CCAE7D7F86C3C012B04D0D7F86C3C022B04D007E00023C7F8743C03E00123C7F8743C00BF73E64B
S32D00012B3807F67843A3F6784297F8671C07F67843A3F6744312681868FFF7C8FD00BF07F67847BD46B0BD00BFEA
S32D00012B6070A90100F419002080B483B000AF78607B685B68DBB24133DBB218460C37BD4680BC704780B584B0DD
S32D00012B8800AF7860FCF740F9F860114B1B7883F00103DBB2002B09D0FCF736F90246FB68D31AB3F57A7F01D2EE
S32D00012BB0012300E00023002B00D0EAE7064B1B78002B04D0044B00221A70FF2300E0002318461037BD4680BD1B
S32D00012BD87A1A002080B582B000AF78600B46FB701D4B1B78002B32D07B6801331B781A067B6802331B781B04B4
S32D00012C001A437B6803331B781B0213437A680432127813431A46134B1A607B685A79124B1A707B6806331B78AD
S32D00012C28AA2B0CBF01230023DAB20E4B1A700E4B01221A700B4B1B78002B08D00B4800F049F80B4B1B680A4A84
S32D00012C5023F40053136000BF0837BD4680BD00BF641A0020741A0020781A0020791A00207A1A00207C1A002060
S32D00012C78C0F00F4080B582B000AF786039607B68012B07D13B684FF6FF72934202D10348FFF71AF900BF08376D
S32D00012CA0BD4680BD5C1A002080B500AF4FF6FF710120FFF7E3FF80BD80B483B000AF7860054B00221A60044B37
S32D00012CC800225A607B6818460C37BD4680BC70477C1A002080B584B000AF7860154B1B68002B21D00023FB6064
S32D00012CF0124B5B68FA689A4214DA114AFB6852F82330002B0AD00E4AFB6852F823301846FAF7B3FE03461A4608
S32D00012D180A4B1A70FB680133FB60E5E7054B00225A60044B00221A60044B1B7818461037BD4680BD7C1A00205B
S32D00012D40881A0020841A002080B582B000AF786039607B68012B07D13B684FF6FF72934202D10348FFF7A8FF8D
S32D00012D6800BF0837BD4680BD7C1A002080B500AF4FF6FF710120FFF7E3FF80BD80B483B000AF78600A4B03F53E
S32D00012D9080531B6B084A43F0010302F580521363064B5B68054A43F03203536000BF0C37BD4680BC704700BFBE
S32D00012DB80070044000000A4038B5084C4FF41E652846E56001F0B8F9A06020B10023C0E90053606038BDE060AD
S32D00012DE0606038BDF01A002081F0004102E000BF83F0004330B54FEA41044FEA430594EA050F08BF90EA020F14
S32D00012E081FBF54EA000C55EA020C7FEA645C7FEA655C00F0E2804FEA5454D4EB5555B8BF6D420CDD2C4480EA4E
S32D00012E30020281EA030382EA000083EA010180EA020281EA0303362D88BF30BD11F0004F4FEA01314FF4801C13
S32D00012E584CEA113102D0404261EB410113F0004F4FEA03334CEA133302D0524263EB430394EA050F00F0A78011
S32D00012E80A4F10104D5F1200E0DDB02FA0EFC22FA05F2801841F1000103FA0EF2801843FA05F359410EE0A5F1E1
S32D00012EA820050EF1200E012A03FA0EFC28BF4CF0020C43FA05F3C01851EBE37101F0004507D54FF0000EDCF17D
S32D00012ED0000C7EEB00006EEB0101B1F5801F1BD3B1F5001F0CD349085FEA30004FEA3C0C04F101044FEA445218
S32D00012EF812F5800F80F09A80BCF1004F08BF5FEA500C50F1000041EB045141EA050130BD5FEA4C0C404141EBF5
S32D00012F200101013C28BFB1F5801FE9D291F0000F04BF01460020B1FA81F308BF2033A3F10B03B3F120020CDA1B
S32D00012F480C3208DD02F1140CC2F10C0201FA0CF021FA02F10CE002F11402D8BFC2F1200C01FA02F120FA0CFCE3
S32D00012F70DCBF41EA0C019040E41AA2BF01EB0451294330BD6FEA04041F3C1CDA0C340EDC04F11404C4F12002D6
S32D00012F9820FA04F001FA02F340EA030021FA04F345EA030130BDC4F10C04C4F1200220FA02F001FA04F340EAE9
S32D00012FC00300294630BD21FA04F0294630BD94F0000F83F4801306BF81F480110134013D4EE77FEA645C18BF08
S32D00012FE87FEA655C29D094EA050F08BF90EA020F05D054EA000C04BF1946104630BD91EA030F1EBF0021002084
S32D0001301030BD5FEA545C05D14000494128BF41F0004130BD14F580043CBF01F5801130BD01F0004545F0FE411F
S32D0001303841F470014FF0000030BD7FEA645C1ABF194610467FEA655C1CBF0B46024650EA013406BF52EA03359A
S32D0001306091EA030F41F4002130BD00BF90F0000F04BF0021704730B54FF4806404F132044FF000054FF00001CD
S32D0001308850E700BF90F0000F04BF0021704730B54FF4806404F1320410F0004548BF40424FF000013EE700BFD0
S32D000130B042004FEAE2014FEA31014FEA02701FBF12F07F4393F07F4F81F06051704732F07F4208BF704793F0CD
S32D000130D87F4F04BF41F40021704730B54FF4607401F0004521F000411CE700BF50EA010208BF704730B54FF006
S32D0001310000050AE050EA010208BF704730B511F0004502D5404261EB41014FF4806404F132045FEA915C3FF429
S32D00013128D8AE4FF003025FEADC0C18BF03325FEADC0C18BF033202EBDC02C2F1200300FA03FC20FA02F001FA93
S32D0001315003FE40EA0E0021FA02F11444BDE600BF70B54FF0FF0C4CF4E06C1CEA11541DBF1CEA135594EA0C0F06
S32D0001317895EA0C0F00F0DEF82C4481EA030621EA4C5123EA4C5350EA013518BF52EA033541F4801143F4801345
S32D000131A038D0A0FB02CE4FF00005E1FB02E506F00042E0FB03E54FF00006E1FB03569CF0000F18BF4EF0010E52
S32D000131C8A4F1FF04B6F5007F64F5407404D25FEA4E0E6D4146EB060642EAC62141EA55514FEAC52040EA5E50C9
S32D000131F04FEACE2EB4F1FD0C88BFBCF5E06F1ED8BEF1004F08BF5FEA500E50F1000041EB045170BD06F00046F9
S32D0001321846EA010140EA020081EA0301B4EB5C04C2BFD4EB0C0541EA045170BD41F480114FF0000E013C00F37A
S32D00013240AB8014F1360FDEBF002001F0004170BDC4F10004203C35DA0C341BDC04F11404C4F1200500FA05F39A
S32D0001326820FA04F001FA05F240EA020001F0004221F0004110EBD37021FA04F642EB06015EEA430E08BF20EA95
S32D00013290D37070BDC4F10C04C4F1200500FA04F320FA05F001FA04F240EA020001F0004110EBD37041F1000140
S32D000132B85EEA430E08BF20EAD37070BDC4F1200500FA05F24EEA020E20FA04F301FA05F243EA020321FA04F0B6
S32D000132E001F0004121FA04F220EA020000EBD3705EEA430E08BF20EAD37070BD94F0000F0FD101F0004640007E
S32D0001330841EB010111F4801F08BF013CF7D041EA060195F0000F18BF704703F00046520043EB030313F4801F40
S32D0001333008BF013DF7D043EA0603704794EA0C0F0CEA135518BF95EA0C0F0CD050EA410618BF52EA4306D1D1F2
S32D0001335881EA030101F000414FF0000070BD50EA410606BF1046194652EA430619D094EA0C0F02D150EA0136F3
S32D0001338013D195EA0C0F05D152EA03361CBF104619460AD181EA030101F0004141F0FE4141F470014FF00000F4
S32D000133A870BD41F0FE4141F4780170BD70B54FF0FF0C4CF4E06C1CEA11541DBF1CEA135594EA0C0F95EA0C0F9B
S32D000133D000F0A7F8A4EB050481EA030E52EA03354FEA013100F088804FEA03334FF0805545EA131343EA1263DA
S32D000133F84FEA022245EA111545EA10654FEA00260EF000419D4208BF964244F1FD0404F5407402D25B084FEAE1
S32D000134203202B61A65EB03055B084FEA32024FF480104FF4002CB6EB020E75EB030E22BFB61A754640EA0C004B
S32D000134485B084FEA3202B6EB020E75EB030E22BFB61A754640EA5C005B084FEA3202B6EB020E75EB030E22BF9E
S32D00013470B61A754640EA9C005B084FEA3202B6EB020E75EB030E22BFB61A754640EADC0055EA060E18D04FEA04
S32D00013498051545EA16754FEA06164FEAC30343EA52734FEAC2025FEA1C1CC0D111F4801F0BD141EA00014FF0F1
S32D000134C000004FF0004CB6E711F4801F04BF01430020B4F1FD0C88BFBCF5E06F3FF6AFAEB5EB030C04BFB6EB50
S32D000134E8020C5FEA500C50F1000041EB045170BD0EF0004E4EEA113114EB5C04C2BFD4EB0C0541EA045170BDF0
S32D0001351041F480114FF0000E013C90E645EA060E8DE60CEA135594EA0C0F08BF95EA0C0F3FF43BAF94EA0C0F02
S32D000135380AD150EA01347FF434AF95EA0C0F7FF425AF104619462CE795EA0C0F06D152EA03353FF4FDAE104602
S32D00013560194622E750EA410618BF52EA43067FF4C5AE50EA41047FF40DAF52EA43057FF4EBAE12E74FF0FF3C60
S32D0001358806E000BF4FF0010C02E000BF4FF0010C4DF804CD4FEA410C7FEA6C5C4FEA430C18BF7FEA6C5C1BD0EE
S32D000135B001B050EA410C0CBF52EA430C91EA030F02BF90EA020F0020704710F1000F91EA030F58BF994208BF58
S32D000135D890422CBFD8176FEAE37040F0010070474FEA410C7FEA6C5C02D150EA013C07D14FEA430C7FEA6C5CF2
S32D00013600D6D152EA033CD3D05DF8040B704700BF8446104662468C461946634600E000BF01B5FFF7B7FF002831
S32D0001362848BF10F1000F01BD4DF808EDFFF7F4FF0CBF012000205DF808FB00BF4DF808EDFFF7EAFF34BF01202B
S32D0001365000205DF808FB00BF4DF808EDFFF7E0FF94BF012000205DF808FB00BF4DF808EDFFF7CEFF94BF0120E9
S32D0001367800205DF808FB00BF4DF808EDFFF7C4FF34BF012000205DF808FB00BF4FEA410C7FEA6C5C02D150EAEA
S32D000136A0013C0AD14FEA430C7FEA6C5C02D152EA033C02D14FF0000070474FF0010070474FEA410212F5001287
S32D000136C815D211D56FF47873B3EB625212D94FEAC12343F0004343EA505311F0004F23FA02F018BF40427047A9
S32D000136F04FF00000704750EA013005D111F0004008BF6FF0004070474FF00000704700BF4A0011D212F500121B
S32D0001371811D20DD56FF47873B3EB62520ED44FEAC12343F0004343EA505323FA02F070474FF00000704750EAE2
S32D00013740013002D14FF0FF3070474FF0000070474FEA4102B2F1E04324BFB3F5001CDCF1FE5C0DD901F0004C08
S32D000137684FEAC0024CEA5070B2F1004F40EB830008BF20F00100704711F0804F21D113F13872BCBF01F00040F6
S32D00013790704741F480114FEA5252C2F11802C2F1200C10FA0CF320FA02F018BF40F001004FEAC1234FEAD3239B
S32D000137B803FA0CFC40EA0C0023FA02F34FEA4303CCE77FEA625307D150EA01331EBF4FF0FE4040F4400070477A
S32D000137E001F0004040F0FE4040F40000704700BF80F0004002E000BF81F0004142001FBF5FEA410392EA030F33
S32D000138087FEA226C7FEA236C6AD04FEA1262D2EB1363C1BFD218414048404140B8BF5B42192B88BF704710F03E
S32D00013830004F40F4000020F07F4018BF404211F0004F41F4000121F07F4118BF494292EA030F3FD0A2F10102D2
S32D0001385841FA03FC10EB0C00C3F1200301FA03F100F0004302D5494260EB4000B0F5000F13D3B0F1807F06D307
S32D0001388040084FEA310102F10102FE2A51D2B1F1004F40EBC25008BF20F0010040EA03007047490040EB0000C7
S32D000138A8013A28BFB0F5000FEDD2B0FA80FCACF1080CB2EB0C0200FA0CF0AABF00EBC25052421843BCBFD04004
S32D000138D01843704792F0000F81F4000106BF80F400000132013BB5E74FEA41037FEA226C18BF7FEA236C21D038
S32D000138F892EA030F04D092F0000F08BF0846704790EA010F1CBF0020704712F07F4F04D1400028BF40F000406A
S32D00013920704712F100723CBF00F50000704700F0004343F0FE4040F4000070477FEA226216BF08467FEA236317
S32D000139480146420206BF5FEA412390EA010F40F4800070474FF0000304E000BF10F0004348BF40425FEA000C58
S32D0001397008BF704743F0964301464FF000001CE050EA010208BF70474FF000030AE000BF50EA010208BF7047BB
S32D0001399811F0004302D5404261EB41015FEA010C02BF84460146002043F0B64308BFA3F18053A3F50003BCFAE2
S32D000139C08CF2083AA3EBC25310DB01FA02FC634400FA02FCC2F12002BCF1004F20FA02F243EB020008BF20F00C
S32D000139E80100704702F1200201FA02FCC2F1200250EA4C0021FA02F243EB020008BF20EADC7070474FF0FF0C32
S32D00013A101CEAD0521EBF1CEAD15392EA0C0F93EA0C0F6FD01A4480EA010C400218BF5FEA41211ED04FF00063C1
S32D00013A3843EA501043EA5111A0FB01310CF00040B1F5000F3EBF490041EAD3715B0040EA010062F17F02FD2A4F
S32D00013A601DD8B3F1004F40EBC25008BF20F00100704790F0000F0CF0004C08BF49024CEA502040EA51207F3AA0
S32D00013A88C2BFD2F1FF0340EAC250704740F400004FF00003013A5DDC12F1190FDCBF00F000407047C2F100028A
S32D00013AB0410021FA02F1C2F1200200FA02FC5FEA310040F1000053EA4C0308BF20EADC70704792F0000F00F03F
S32D00013AD8004C02BF400010F4000F013AF9D040EA0C0093F0000F01F0004C02BF490011F4000F013BF9D041EA08
S32D00013B000C018FE70CEAD15392EA0C0F18BF93EA0C0F0AD030F0004C18BF31F0004CD8D180EA010000F0004025
S32D00013B28704790F0000F17BF90F0004F084691F0000F91F0004F14D092EA0C0F01D142020FD193EA0C0F03D1F8
S32D00013B504B0218BF084608D180EA010000F0004040F0FE4040F40000704740F0FE4040F4400070474FF0FF0C24
S32D00013B781CEAD0521EBF1CEAD15392EA0C0F93EA0C0F69D0A2EB030280EA010C49024FEA402037D04FF0805381
S32D00013BA043EA111143EA10130CF000408B4238BF5B0042F17D024FF4000C8B4224BF5B1A40EA0C00B3EB510FA2
S32D00013BC824BFA3EB510340EA5C00B3EB910F24BFA3EB910340EA9C00B3EBD10F24BFA3EBD10340EADC001B0195
S32D00013BF018BF5FEA1C1CE0D1FD2A3FF650AF8B4240EBC25008BF20F0010070470CF0004C4CEA50207F32C2BF89
S32D00013C18D2F1FF0340EAC250704740F400004FF00003013A37E792F0000F00F0004C02BF400010F4000F013ADA
S32D00013C40F9D040EA0C0093F0000F01F0004C02BF490011F4000F013BF9D041EA0C0195E70CEAD15392EA0C0FFF
S32D00013C6808D142027FF47DAF93EA0C0F7FF470AF084676E793EA0C0F04D14B023FF44CAF08466EE730F0004CA5
S32D00013C9018BF31F0004CCAD130F000427FF45CAF31F000437FF43CAF5FE700BF4FF0FF3C06E000BF4FF0010C14
S32D00013CB802E000BF4FF0010C4DF804CD4FEA40024FEA41037FEA226C18BF7FEA236C11D001B052EA530C18BF18
S32D00013CE090EA010F58BFB2EB030088BFC81738BF6FEAE17018BF40F0010070477FEA226C02D15FEA402C05D199
S32D00013D087FEA236CE4D15FEA412CE1D05DF8040B704700BF844608466146FFE70FB5FFF7C9FF002848BF10F147
S32D00013D30000F0FBD4DF808EDFFF7F4FF0CBF012000205DF808FB00BF4DF808EDFFF7EAFF34BF012000205DF8A1
S32D00013D5808FB00BF4DF808EDFFF7E0FF94BF012000205DF808FB00BF4DF808EDFFF7D2FF94BF012000205DF8D6
S32D00013D8008FB00BF4DF808EDFFF7C8FF34BF012000205DF808FB00BF4FEA4002B2F1FE4F0FD34FF09E03B3EB45
S32D00013DA812620DD94FEA002343F0004310F0004F23FA02F018BF404270474FF00000704712F1610F01D14202D3
S32D00013DD005D110F0004008BF6FF0004070474FF00000704708B5062001F024F8012006F0EFFA00BF014B186820
S32D00013DF8704700BF1C0D00209368002B00F081802DE9F04FB1F90C300C461907804683B0174698B223D52369F5
S32D00013E200BB310F002033D682BD04FF0000ADFF8B4B256465E453346524628BF5B464046002E4FD0E169D4F8C9
S32D00013E4824C0E047002852DDBB681B1A8244361ABB60002BEAD1002003B0BDE8F08F2146404602F0A3FE0028DB
S32D00013E7040F03481B4F90C303D6898B210F00203D3D110F0010942D14E463EB38205D4F808B040F18180B345E6
S32D00013E985A4600F2B18010F4906F40F0BE8020680192494600F0EAFCA3682168019AA3EB0B030A44B246A36033
S32D00013EC022600026B868A0EB0A00D144B8600028C5D0B4F90C0080B2002ED7D1D5E900960835D2E7D5E900A61D
S32D00013EE80835A3E72146404603F060FF80B3B4F90C3043F040034FF0FF30A38103B0BDE8F08F002070471E466F
S32D00013F10AA46994618461D4656B388B34A46D4E904132068B24228BF3246884205D9A16803EB010B5A4500F332
S32D00013F38A780934264DCE169D4F824C02A464046E047B0F1000BD2DDB9EB0B09CAD00120BB68A3EB0B035D44D9
S32D00013F60A6EB0B06BB60002B3FF479AF002ED4D10AF1080353E902569A460833002EF9D032460A21284600F06F
S32D00013F8893FB002800F09D800130A0EB0509C1E720682369984217D86369B34214D86FF00042B24228BF324657
S32D00013FB0E16992FBF3F2D4F824C002FB03F340464A46E047B0F1000A95DDA6EB0A0679E7B345DA4628BFB24631
S32D00013FD85246494600F052FCA3682268A3EB0A035244A3602260002BEBD12146404603F0DDFE0028E5D07AE72A
S32D000140002068B34632464FE72946019200F03AFC019AA3689B1AA360236813442360934696E723682169A3EB7E
S32D00014028010B636903EB430A0AEBDA7A0BF101034FEA6A0A33445345524684BF9A46524643052CD511464046D8
S32D0001405000F07EF800283BD05A462169019000F077FBA289019B22F4906242F08002A28103EB0B002361AAEBD3
S32D000140780B03C4F814A0A3602060B34632460FE729465A4600F0FAFB23685B4423602146404603F08BFE00287F
S32D000140A03FF456AF27E7404600F0C6FC03460028DED12169404603F0A9FFB4F90C300C2223F08003C8F800201B
S32D000140C817E7721C914626E70C22B4F90C30C8F800200EE74FF0FF30BEE600BF00FCFF7F70B50D4E0D4D761BB7
S32D000140F0B61006D0002455F8043B01349847A642F9D1094E094D761B06F0AAFEB61006D0002455F8043B013432
S32D000141189847A642F9D170BD6CAE01006CAE010098AE01006CAE0100704700BF704700BF704700BF704700BF4A
S32D00014140024B0146186800F003B800BF1C0D00202DE9F04F01F10B06162E83B0044624D8102900F2BA8000F01F
S32D000141685BFC102618220220B54F3A44A2F1080153688B4200F0BA805A68D96822F003021A449D68E9608D60BC
S32D00014190516841F001012046516003F1080500F045FC284603B0BDE8F08F36F0070600F19480B14200F2918058
S32D000141B800F032FCB6F5FC7FC0F09A81730A00F08F80042B00F26F81B30903F1390003F1380CC3009A4F3B44F0
S32D000141E0A3F108055B689D4206D10CE0002980F22781DB689D4206D05A6822F00302911B0F29F3DD60463D6996
S32D00014208DFF840C265457CD06A6822F00302931B0F2B00F37B81002BC7E904CC80F26C81B2F5007F80F01A81BD
S32D00014230D308796801334FEA521E012202FA0EF20A4357F833E0C5F808E007EBC3010839E9607A6047F8335077
S32D00014258CEF80C50831001219940914257D8114206D120F003004900114200F10400FAD007EBC0094D468646D3
S32D00014280D5F80C80454508D11DE1002B80F22481D8F80C80454500F01681D8F8042022F00302931B0F2BF0DDE6
S32D000142A82046D8E9025408EB060146F00106C8F80460EC60A56043F00104C7E90411C1E902CC4C6048F802302B
S32D000142D000F0ACFB08F1080502E00C2323600025284603B0BDE8F08F4FF4007340204FF03F0C73E7D3689A4213
S32D000142F808BF02307FF440AF3D69DFF848C1654582D17A688310012199409142A7D9BD686B6823F003094E454C
S32D0001432003D8A9EB06030F2B7ADCDFF824B1494BDBF800201B680132334405EB090A00F0338103F580530F3352
S32D0001434823F47F6828F00F084146204600F05CFD411C024600F0F380824500F2EE803C4B196841441960084660
S32D0001437000F04E81DBF80010019301311BBFA2EB0A0A5044CBF80020186012F0070B00F01781CBF108010A449D
S32D00014398CBF5805190440831A1EB0801C1F30B0A51462046009200F02FFD421CDDE9002300F04F81801A00EBC3
S32D000143C00A081968BA6048F001005144BD425060196000F02981B9F10F0F40F227816868A9F10C0C2CF0070C3E
S32D000143E800F0010040EA0C0068604FF0050E05EB0C00BCF10F0FC0E901EE00F2328150681546144B1A688A42A1
S32D0001441038BF1960124B1A688A4238BF196094E0AA1943F0010346F001066E602046BA60536000F0FBFA083524
S32D00014438284603B0BDE8F08FD9681A44A1E600BF481100205011002050150020401B0020101B0020381B002073
S32D000144603C1B0020B2F5206F4FEA522363D3142B00F2B78003F15C01C9005B3307EB010E7958AEF1080E8E4532
S32D0001448800F091804B6823F00303934202D989688E45F7D1D1F80CE07A68C5E9021ECEF80850CD60D6E6142B51
S32D000144B059D9542B00F29D80330B03F16F0003F16E0CC3008AE60EF1010E1EF0030F05F108057FF4D5AE51E083
S32D000144D8424445465368D8F80C1043F00103536055F8083F2046D9608B6000F09BFAF3E6F00806F1080237E681
S32D000145002A442046536843F001035360083500F08DFAE5E6A919204646F0010643F001046E60C7E90411C1E9BA
S32D0001452802CC4C60AB5000F07DFA0835D4E6930903F13901C90038339CE7BD425FD0BD68686820F00308464547
S32D00014550A8EB060302D80F2B3FF762AF204600F065FA0025BCE603F15C0003F15B0CC30034E659F808394B451F
S32D0001457840F0968010F0030F00F1FF30F5D17B6823EA01037B60490099423FF6C0AE19B9BDE649000EF1040E71
S32D000145A01942FAD0704667E603F11008D0E69A104FF001087B6808FA02F21A437A6070E702EB08014942C1F374
S32D000145C80B0A51462046009200F01EFC431CDDE900237FF4EFAEDA46EFE6542B25D8130B03F16F01C9006E3361
S32D000145F044E7B3F5AA7F25D8F30B03F1780003F1770CC300EAE5294B186840441860B1E6CAF30B0CBCF1000F19
S32D000146187FF4ACAEBD68C84448F001006860F0E61546EEE60123536094E7B3F5AA7F23D8D30B03F17801C9003D
S32D0001464077331BE740F25452934223D8B30C03F17D0003F17C0CC300C0E5ABF1080BD844A8EB02084FF0000A32
S32D00014668ABE605F108012046009303F0CBFCBD68009B68681968C4E640F254518B420BD8930C03F17D01C900C4
S32D000146907C33F3E64FF47E737F204FF07E0C9DE54FF47E717E23E9E67B6870E7101B002001F0FF01102A2BDBFD
S32D000146B810F0070F08D010F8013B013A8B422DD010F0070F42B3F6D1F0B441EA012141EA014122F007047FF0E0
S32D000146E000070023F0E80256083C85EA010586EA010685FA47F5A3FA87F586FA47F6A5FA87F68EB9EED1F0BCC2
S32D0001470801F0FF0102F0070232B110F8013B013A83EA010313B1F8D10020704701387047002D06BF35460338C7
S32D00014730073815F0010F07D1013015F4807F02BF013015F4C03F0130F0BC0138704700BF844641EA000313F074
S32D0001475803036DD1403A41D351F8043B40F8043B51F8043B40F8043B51F8043B40F8043B51F8043B40F8043B64
S32D0001478051F8043B40F8043B51F8043B40F8043B51F8043B40F8043B51F8043B40F8043B51F8043B40F8043B0F
S32D000147A851F8043B40F8043B51F8043B40F8043B51F8043B40F8043B51F8043B40F8043B51F8043B40F8043BE7
S32D000147D051F8043B40F8043B51F8043B40F8043B403ABDD2303211D351F8043B40F8043B51F8043B40F8043B6F
S32D000147F851F8043B40F8043B51F8043B40F8043B103AEDD20C3205D351F8043B40F8043B043AF9D2043208D05F
S32D00014820D2071CBF11F8013B00F8013B01D30B8803806046704700BF082A13D38B078DD010F003038AD0C3F11B
S32D000148480403D21ADB071CBF11F8013B00F8013B80D331F8023B20F8023B7BE7043AD9D3013A11F8013B00F846
S32D00014870013BF9D20B7803704B7843708B7883706046704788420DD98B1883420AD900EB020CBAB1624613F841
S32D0001489801CD02F801CD9942F9D170470F2A0ED8034602F1FF3C4AB10CF1010C013B8C4411F8012B03F8012FF8
S32D000148C06145F9D1704740EA01039B0750D1A2F1100370B501F1200C23F00F0501F1100E00F11004AC441B0978
S32D000148E85EF8105C44F8105C5EF80C5C44F80C5C5EF8085C44F8085C5EF8045C44F8045C0EF1100EE64504F1EC
S32D000149101004E9D1013312F00C0F01EB031102F00F0400EB031327D0043C24F003064FEA940C1E441C1F8E46B5
S32D000149385EF8045B44F8045FB442F9D10CF1010402F0030203EB840301EB840102F1FF3C4AB10CF1010C013BEE
S32D000149608C4411F8012B03F8012F6145F9D170BD02F1FF3C03469BE72246EBE7830730B548D0541E002A3FD0F6
S32D00014988CAB2034601E0013C3AD303F8012B9D07F9D1032C2DD9CDB245EA05250F2C45EA054536D9A4F1100204
S32D000149B022F00F0C03F1200EE6444FEA121C03F1100242E9045542E9025510327245F8D10CF1010214F00C0F0B
S32D000149D803EB021204F00F0C13D0ACF1040323F003030433134442F8045B9342FBD10CF003042CB1CAB21C447B
S32D00014A0003F8012B9C42FBD130BD64461346002CF4D1F9E703461446BFE71A46A446E0E70148FFF789BB00BF59
S32D00014A28041B00200148FFF785BB00BF041B00202DE9F84F1746002900F0988007F10B0580460C46FFF7E8FFBB
S32D00014A50162D5DD810252A46AF425ED854F8041C21F003069642A4F1080962DABC4BD3F808C009EB0600844556
S32D00014A7800F09780D0F804C02CF0010303445B68DB0768D42CF0030C06EB0C03934247DACB0710D454F8083CCD
S32D00014AA0A9EB030ADAF8043023F003018C44B444944580F211817318934280F2E88039464046FFF745FB0746C2
S32D00014AC8E0B154F8043C23F001034B44A0F10802934200F0D280321F242A00F2F580132A00F2AC800346224638
S32D00014AF0116819605168596092689A602146404603F084FA4046FFF791FF3846BDE8F88F25F00705002D2A466D
S32D00014B189EDA0C23C8F8003000273846BDE8F88F1E46D0E90223D3609A60731B0F2B22D8D9F8043003F00103D9
S32D00014B4033434E44C9F80430736843F00103736040462746FFF76AFF3846BDE8F88FC907ADD454F8083CA9EBF3
S32D00014B68030ADAF8041021F00301A0E7BDE8F84F1146FFF7E9BAD9F8041001F001012943C9F8041009EB0501A0
S32D00014B904E4443F001034B60736843F0010308317360404603F032FAD2E7DCF8040020F0030B06EB0B0C05F112
S32D00014BB8100084454DDAC9073FF57DAF54F8081CA9EB010ADAF8041021F003018B44B34458453FF76CAF574643
S32D00014BE0DAF80C1057F8080F321F242AC160886000F2DB80132A40F2D6802168CAF808106168CAF80C101B2A49
S32D00014C0800F2DF8008340AF110022168116061685160A16891600AEB0501ABEB050242F0010299604A60DAF833
S32D00014C30043003F001031D434046CAF80450FFF7F5FE6EE723680360636843601B2A68D804F1080200F1080314
S32D00014C584AE709EB05029A60ACEB050343F00103536054F8043C03F001031D43404644F8045CFFF7D7FE274641
S32D00014C804FE750F8043C23F003031E4451E75746DAF80C1057F8080F321F242AC16088604CD8132A48D92168F0
S32D00014CA8CAF808106168CAF80C101B2A56D808340AF110021E462368136063685360A3689360D1463C4630E712
S32D00014CD02146FFF7D7FD11E7D0E902135746CB60996057F8081FDAF80C30CB60321F242A99602DD8132A29D972
S32D00014CF82368CAF808306368CAF80C301B2A42D808340AF1100322681A6062685A60A2689A606646D1463C46C5
S32D00014D2007E7A3688360E368C360242A26D004F1100200F11003DBE63A46BFE7214638461E46D146FFF79EFDF3
S32D00014D483C46F2E63B46DEE7214638466646D146FFF794FD3C46E8E648110020A168CAF81010E168CAF814108A
S32D00014D70242A20D010340AF118029FE7236903616169416104F1180200F11803B0E6A368CAF81030E368CAF8D0
S32D00014D981430242A21D010340AF11803B3E73A4633E721463846FFF769FD164B33E72269CAF818206269CAF80D
S32D00014DC01C2018340AF1200278E7A168CAF81010E168CAF81410242A0DD010340AF1180217E72369CAF818308E
S32D00014DE86369CAF81C3018340AF120038BE72269CAF818206269CAF81C2018340AF1200203E700BF481100200D
S32D00014E1038B5074D0022044608462A6005F0C2FA431C00D038BD2B68002BFBD0236038BD441B002038B5154B4C
S32D00014E381F281D6820D8D5F8DC22044662B152F820304BB1012B15D0591C0FD0002542F820509847284638BD53
S32D00014E60284600F02BF8224601462846BDE8384000F00EB816232B60012038BD002038BD16232B604FF0FF3091
S32D00014E8838BD00BF1C0D002070B50C46084D03460026204611461C462E6005F067FA431C00D070BD2B68002BA6
S32D00014EB0FBD0236070BD00BF441B002005F04ABA0EB410B59DB06FF000411FABCDE906010491094953F8042BC5
S32D00014ED80290084C0868019302A9059400F0DAF8029B00221A701DB0BDE8104003B070471C0D00200802FFFFF5
S32D00014F0080EA0102844612F0030F4FD111F0030F32D14DF8044D11F0040F51F8043B0BD0A3F101329A4312F04E
S32D00014F28803F04BF4CF8043B51F8043B16D100BF51F8044BA3F101329A4312F0803FA4F101320BD14CF8043B03
S32D00014F50A24312F0803F04BF51F8043B4CF8044BEAD023460CF8013B13F0FF0F4FEA3323F8D15DF8044B704787
S32D00014F7811F0010F06D011F8012B0CF8012B002A08BF704711F0020FBFD031F8022B12F0FF0F16BF2CF8022BE9
S32D00014FA08CF8002012F47F4FB3D1704711F8012B0CF8012B002AF9D1704700BF0000000090F800F06DE902454B
S32D00014FC820F007016FF0000C10F0070491F820F040F049804FF000046FF00700D1E9002391F840F000F1080062
S32D00014FF082FA4CF2A4FA8CF283FA4CF3A2FA8CF34BBBD1E9022382FA4CF200F10800A4FA8CF283FA4CF3A2FAD9
S32D000150188CF3E3B9D1E9042382FA4CF200F10800A4FA8CF283FA4CF3A2FA8CF37BB9D1E9062301F1200182FA21
S32D000150404CF200F10800A4FA8CF283FA4CF3A2FA8CF3002BC6D0002A04BF04301A4612BAB2FA82F2FDE80245BD
S32D0001506800EBD2007047D1E9002304F00305C4F100004FEAC50514F0040F91F840F00CFA05F562EA05021CBF16
S32D0001509063EA050362464FF00004A9E72DE9F04FD5B00C460C9191460E930A9003F0D8F8036817931846FFF71A
S32D000150B883FFA3891690190603D52369002B00F08B8700242BAB4D46CDE92944CDE91944CDE91B44129428938C
S32D000150E098461894002308940024CDE914342B78002B00F0DD81AA4604E01AF8013F002B00F01681252BF8D129
S32D00015108BAEB050640F014819AF80030002B00F0CB8100234FF0FF329AF801608DF8833009930AF1010A0792E1
S32D000151301F462B244FF020090AF1010AA6F120035A2B00F22D81DFE813F0BA022B012B01B5022B012B012B0136
S32D000151586A002B012B014F02E3022B015A02C9022B01C4025B005B005B005B005B005B005B005B005B002B018C
S32D000151802B012B012B012B012B012B01BF012B011A028600BF01BF01BF012B012B012B012B01B0022B012B0170
S32D000151A8C3002B012B012B0124022B015F022B012B013C072B012B012B012B012B012B012B012B01BF012B01F7
S32D000151D01A028800BF01BF01BF01A302880081002B0196022B018202C500700281002B0124027E0039072B01B6
S32D000151F82B0119072B017E00A6F1300300221AF8016B02EB820203EB4202A6F13003092BF5D909928EE7DDF8D4
S32D0001522028B0584603F01CF843681B931846FFF7C7FE1C900646584603F012F883681993002E40F07A869AF856
S32D00015248006075E79AF8006047F0200770E747F01007BA060E9B40F18081073323F007031A465B6852F8084BD4
S32D000152700E929946002BC0F25F85079B013301F01F8054EA090327F0800B00F0E3840A2C79F1000380F081870B
S32D00015298303401238DF84F415F460B930DF24F1507990B989DF8832081424FF00003B8BF01460D9306910F938D
S32D000152C013931093002A7CD0069B0133069378E047F0100717F0200900F034810E9B073323F00703D3F80490B8
S32D000152E853F8084B0E9327F4806B002300228DF88320079A511C00F00D8254EA09012BF0800740F00682002A8C
S32D0001531041F01080002B40F0A2841BF001030B9300F0378530238DF84F310DF24F15BBE7BAEB050600F0BC809A
S32D000153382A9B33442A93299B0133072BC8E90056299305DC08F10808089B33440893DBE60C990A9828AA03F0F4
S32D000153604DFC80B90DF1AC08F2E70C990A9828AA03F044FC002800F08C800D9B1BB10D990A9802F043FE0C9B0B
S32D000153889B8913F0400F089B18BF4FF0FF330893089855B0BDE8F08F002E00F0858000228DF8EC608DF88320F3
S32D000153B0012306930D920B9307920F92139210923BAD17F0020302D006990231069117F0840B07D10999069876
S32D000153D8A1EB0009B9F1000F00F315832A9C8AB1299A0DF1830101320134C8F80010072A4FF001012A94299264
S32D00015400C8F8041000F3468308F1080883B1299B21AA01330234C8F80020072B4FF002022A942993C8F8042004
S32D0001542800F3488308F10808BBF1800F00F00E82079B0B9AA3EB020BBBF1000F00F34F82FB0500F1A5810B9BB5
S32D00015450C8F804301C44299BC8F800500133072B2A94299300F3C78208F108087B0705D5099B069A9D1A002D5C
S32D0001547800F32C83DDE9083206998A42ACBF9B185B180893002C7FF46CAF002329930D9B1BB10D990A9802F085
S32D000154A0B5FD0DF1AC0855462B78002B7FF423AE2A9B002B3FF467AF0C9C0A9828AA214603F09CFBA38960E713
S32D000154C80E9B073323F00702F2E80234CDE91434DDE9143424F000440E92994618462146A74B4FF0FF32FEF7A7
S32D000154F0D1F8002840F06284A34B484621464FF0FF32FEF7A9F8002840F05884DDE9140100220023FEF796F8C6
S32D00015518002840F0AD879DF883209A4D9A4B27F080070321472EC8BF1D4600230D9306910B9107930F931393DB
S32D000155401093BFE617F0100340F02E8417F0400200F054870E9A52F8044B0E929946A4B2C5E653F8044B0E93E8
S32D00015568FB0600F118847D0640F1128444F3C0394B4624B27AE60E9B002253F8041B8DF883208DF8EC100E93C6
S32D000155900EE70E9C079B54F8045B4FF000098DF88390002D00F0D5865A1C00F052851A4649462846FFF77CF8A4
S32D000155B80D90002801F057800D9BCDF81C905B1B0B930E9423EAE3739DF883200693CDF83490CDF83C90CDF855
S32D000155E04C90CDF840906DE60E9B53F8042B0992002A80F2C983099A0E93524209929AF8006047F0040797E50F
S32D0001560847F0100B1BF0200900F081830E9B073323F00703D3F8049053F8084B0E93012364E60E9B53F8044BAA
S32D000156300E93302378268DF88430564B189347F0020B8DF885604FF00009022352E6BD0600F18284FC0600F134
S32D000156587386780600F13C87B90540F16D860E9B089953F8042B0E931170554618E79AF800606C2E03BF9AF8B6
S32D00015680016047F020070AF1010A47F0100753E59AF80060682E03BF9AF8016047F400770AF1010A47F040073D
S32D000156A846E59AF8006047F0080741E59AF8006047F001073CE59DF88330002B7FF4BFAD9AF800608DF883901C
S32D000156D032E59AF8006047F080072DE5524612F8016B2A2E01F0CD81A6F13003092B924698BF002201F28880E3
S32D000156F81AF8016B02EB820203EB4202A6F13003092BF5D9079215E59AF800608DF883400EE5BB46012B3FF476
S32D00015720B6AD022B54AD12D1189A04F00F032409D35C05F8013D44EA09744FEA191954EA0903F2D154AB5B1BFF
S32D000157485F460B93ACE504F00703E40844EA49744FEAD909303354EA09012A4605F8013DF1D11BF0010FE9D082
S32D00015770302BE7D03023023A05F8013C54AB9B1A5F460B9315468FE5FFFFEF7FACAA0100B0AA0100BCAA0100E4
S32D00015798652E40F3E680DDE9140100220023FDF743FF002800F0CD81299BBF4AC8F80020013301340122072B8F
S32D000157C02A942993C8F8042000F37D8508F10808229B129A934280F2D382169B179A1C44C8E90023299B2A9441
S32D000157E80133072B299300F3EB8308F10808129B5D1E002D7FF736AE102D299BDFF8AC9240F36E854946224624
S32D00015810B946DDF828B00C9C10260F4605E008F10808103D102D40F35B8501331032072BC8E90076CDE929321F
S32D00015838F1DD28AA2146584603F0DCF900287FF498ADDDE929320DF1AC08E6E7099B069AA3EB020BBBF1000FBA
S32D000158607FF7EAADBBF1100F299ADFF848922CDD1D9621464E460C9CDDF82890102306E0ABF1100BBBF1100F46
S32D0001588808F108081ADD01321031072AC8E90063CDE92921F0DD28AA214648460DF1AC0803F0A8F900287FF4C3
S32D000158B064ADABF1100BBBF1100FDDE929214FF01003E4DCB1461D9E0C4601325C44072ACDE92924C8F80090B9
S32D000158D8C8F804B000F31D8508F10808A8E5BBF1100F299ADFF8C4912DDD41462046A8464C460C9DDDF828909B
S32D00015900102306E0ABF1100BBBF1100F01F1080119DD01321030072AC1E90043CDE92920F0DD28AA29464846C0
S32D0001592803F068F900287FF424ADABF1100BBBF1100FDDE929202BA94FF01003E5DC4546A1468846044601325B
S32D000159505C44072ACDE92924C8F80090C8F804B000F3CC8108F108086EE5129B012B40F37C81299EC8F8005014
S32D00015978013601340123072E2A942996C8F8043000F3E08108F10808169B179A01361C44072EC8E90023CDE9B5
S32D000159A0296400F3E08108F10808DDE9140100220023FDF73DFE002840F07481129B0136013B01351C44072E67
S32D000159C8C8F800502996C8F804302A9400F3598108F108081A9BC8F8043001361C44072E24ABCDE92964C8F812
S32D000159F000307FF739AD0C990A9828AA03F0FEF800287FF4BAAC2A9C0DF1AC082EE5B9F1100FDDE929212BDD8D
S32D00015A18CDE91D3B1F96DDF828B04E461024A9460C9D04E0103E102E08F1080817DD01321F4B1031072AC8E962
S32D00015A400034CDE92921F1DD28AA294658460DF1AC0803F0D3F800287FF48FAC103E102EDDE92921E7DCDDE9EB
S32D00015A681D3B4D46B1461F9EC8F80490013209EB0104072A0E49C8F80010CDE9292400F3FF839DF8832008F1EF
S32D00015A900808A8E40C990A981D9328AA03F0AEF800287FF46AAC2A9C1D9B0DF1AC08ADE4ECAA010000AB010034
S32D00015AB8F0AA01000C990A9828AA03F09BF800287FF457AC2A9C0DF1AC08ADE4102D299B21DD0A9FDDF83090A1
S32D00015AE0102604E0103D102D08F1080817DD0133B04A1034072BC8E90026CDE92934F1DD28AA494638460DF1BD
S32D00015B08AC0803F077F800287FF433AC103D102DDDE92934E7DC0133A44AC8F804502C44072BCDE92934C8F8C3
S32D00015B3000207FF7A3AC0C990A9828AA03F05EF800287FF41AAC2A9C98E42299002940F36683DDF84090129B0A
S32D00015B589945A8BF9946B9F1000F0BDD299B01334C44072BC8E900592A94299300F32F8508F10808109EB9F113
S32D00015B80000FA8BFA6EB0906002E00F33882DDF840B07805AB4400F16682229B129A934202DBF90740F18E849D
S32D00015BA8169A17991444C8E90012299A2A940132072A299200F3188508F10808129AAE18A6EB0B06D51AAE4227
S32D00015BD0A8BF2E46002E0DDD299BC8F800B001333444072BC8F804602A94299300F31A8608F10808002EA8BFD2
S32D00015BF8AD1B002D7FF736AC102D299BDFF8B09140F36E8349462246B946DDF828B00C9C10260F4605E008F140
S32D00015C200808103D102D40F35B8301331032072BC8E90076CDE92932F1DD28AA2146584602F0DCFF00287FF4BD
S32D00015C4898ABDDE929320DF1AC08E6E7079B002B7FF41EAB5F46002307930B9354ADFFF71FBBFA073FF581AE0C
S32D00015C70299EC8F80050013601340123072E2A942996C8F804307FF7A7AE0C990A9828AA02F0B4FF00287FF4D4
S32D00015C9870ABDDE929640DF1AC089BE6129B5D1E002D7FF797AE102DDFF8049140F39683224607970A9C0C9FE0
S32D00015CC04FF0100B05E008F10808103D102D40F3878301361032072EC8E9009BCDE92962F1DD28AA39462046E6
S32D00015CE802F088FF00287FF444ABDDE929620DF1AC08E6E70C990A9828AA02F07BFF00287FF437AB2A9C0DF1F4
S32D00015D10AC08FFF799BB1BF0100340F028811BF0400200F079830E9A52F8044B0E929946A4B20123FFF7DEBA6E
S32D00015D382D2364428DF8833069EB4909BB460123FFF7D7BA0C990A9828AA02F053FF00287FF40FABDDE92964B7
S32D00015D600DF1AC0814E60C990A9828AA02F046FF00287FF402ABDDE929640DF1AC0814E6FD077FF573AB28E52E
S32D00015D889AF800600E93FFF7D3B954ADFFF788BAB80500F1A6834FEAE4794B46FFF766BA0E9B53F8044B0E93A6
S32D00015DB0FFF79DBAF0AA010000AB0100DDE9140102460B46FDF766FC002840F00F86612E00F04585412E00F0D1
S32D00015DD86D84079B013326F02003069300F0A983472B00F08885DDE9141247F480730F931346002BC0F292856F
S32D00015E000B9300231D938B460D93069B462B00F0FD83452B00F044850799019126A9049123A9039122A9029192
S32D00015E2802210B9B0A9800915A4600F0CDFF069B472B054640F0318617F0010FB9460F9F40F0FC84269B5B1B03
S32D00015E501293069B472B00F08283069B462B00F01284229B1093109B069A013B412A229300F0AD85F2B20021F0
S32D00015E78002BB8BF109B8DF89020BABFC3F101032D222B22092B8DF8912040F38D850DF19F04B64F2246104699
S32D00015EA087FB0321DA17C2EBA10202EB8201A3EB4101303100F8011C19466329134600F1FF32ECDC3033D9B21A
S32D00015EC8831E9C4202F8011C40F2F18513460DF1920201E013F8011B02F8011B9C42F9D10DF1A1030DF1920288
S32D00015EF01B1A134424AA9B1A1A93129B1A9A012B1A440B9240F39E850B9B169A13440B930B9A002329F48067D2
S32D00015F1822EAE27247F480770F930692139310931D9B002B40F03F839DF883200793FFF7C5B9199B002B3FF418
S32D00015F4082A9199B1B78002B3FF47DA99AF8006047F48067FFF7F0B80E9B089853F8041B0E93C217C1E90002B1
S32D00015F685546FFF79DBA0E9B53F8044B0E930123FFF7BCB97E4B189317F0200900F0EC800E9B073323F00703AF
S32D00015F90D3F8049053F8084B0E93F80709D554EA090306D030238DF8856047F002078DF8843027F4806B0223E6
S32D00015FB8FFF79CB9BB46FFF725BB6E4B1893DBE70C990A9828AA02F015FE00287FF4D1A92A9C0DF1AC080AE4D9
S32D00015FE00A984021FEF7B4F80C9B18601861002800F065850C9A40235361FFF766B8102E299BDFF87C9140F36A
S32D000160082982484642462146A846B9460A9C0C9D4FF0100B074604E00832103E102E40F3138201331031072B45
S32D00016030C2E9007BCDE92931F2DD28AA2946204602F0DCFD00287FF498A9DDE929312BAAE7E72846CDF81C904C
S32D000160580E94FEF7B1FF03460B90FFF7B3BA129BCDF82CA04246DDF84C801097EB1807935E46199FDDF87090AF
S32D00016080DDF828A0DDF830B00F9B13952146B8F1000F2FD0002B30D1013F08F1FF381B9BC2E90039299B013301
S32D000160A84944072B2A91299368DC0832079B38789B1B8342A8BF0346002B1C460BDD2998013019440728C2E9FA
S32D000160D000632A91299000F3148138780832002CACBF051B0546002D0BDC06440F9BB8F1000FCFD1002B00F0DB
S32D000160F823820F9B013B0F93CDE7102D29981DDD102404E0103D102D02F1080216DD0130194B10310728C2E95E
S32D000161200034CDE92901F1DD28AA5946504602F065FD00287FF421A9103D102DDDE929012BAAE8DC01300E4B11
S32D00016148556029440728CDE92901136000F33282387808320644C5E717F0100300F0A1800E9B53F8044B0E93EE
S32D0001617013E700BF67666666BCAA0100D0AA010000AB010028AA5946504602F037FD00287FF4F3A82A992BAA25
S32D000161988CE70BF4806300220696CDF82CA0CDF8348054AFDDF864809A4616460CE00023204649460A2203F0A0
S32D000161C037FF0A2C79F100031BD3044689462F4620460A220023494603F02AFF30327D1E013607F8012CBAF1F0
S32D000161E8000FE4D098F800309E42E0D1FF2EDED00A2C79F1000380F0408154AB5B1BDDF82CA0CDF8648012965E
S32D00016210DDF83480069E0B935F46FFF745B8299BBC4AC8F80020013301340122072B2A942993C8F8042000F343
S32D00016238388108F10808002940F09780129A07F0010313433FF40EA9169B17991A19C8E90013299B2A92013312
S32D00016260072B299300F3478108F108081299C8F8005001338C18072BCDE92934C8F804107FF7F2A8FFF7B7BB39
S32D000162880C990A981D9328AA02F0B4FC00287FF470A89DF883202A9C1D9B0DF1AC08FFF79EB817F0400200F0DC
S32D000162B0C2800E9A52F8044B0E929946A4B26CE6BB46FEF7E4BF0C990A9828AA02F096FC00287FF452A82A9C84
S32D000162D80DF1AC08FFF778BA14463A464F46914601332C44072BC8F80090C8F80450CDE929347FF7B5A8FFF761
S32D000163007ABB28AA5946504602F078FC00287FF434A838782A992BAAE1E60C990A9828AA02F06CFC00287FF438
S32D0001632828A82A9C0DF1AC08FFF782B8012BBB467FF4F3A9FEF7ACBF0E9B089953F8042B554611600E93FFF7CB
S32D00016350ABB8062B294628BF062307950D952A4606936D4D0E940B930F9113911091FEF7A9BF169B17981A19F5
S32D00016378C8E90003299B2A920133072B299300F3B68008F108080029BFF66CAF4E421031DFF8809180F2978231
S32D000163A04146DDF828B0A84610240C9D04E00831103E102E40F3898201331032072BC1E90094CDE92932F2DD22
S32D000163C828AA2946584602F015FC00287EF4D1AFDDE929322BA9E7E7079F144601362C44072ECDE92964C8F808
S32D000163F00090C8F804507FF7EFAA46E40E9B17F4007914BF53F8044B53F8044B0E931CBF9146E4B2FEF76BBF65
S32D000164180E9B1BF4007914BF53F8044B53F8044B0E931CBF9146E4B20123FEF75FBF0E9B17F4007914BF53F8B2
S32D00016440044B53F8044B0E931CBF9146E4B2A4E5454690463A460C464F46914601333444072BCDE92934C8F882
S32D000164680090C8F8046057DC08F10808FFF78BBB2D228DF88320FFF750B81C9B1B99ED1A1A46284602F084FBB3
S32D0001649098F801300BB108F10108204649460A220023002603F0C4FD8FE60C990A9828AA02F0A4FB00287EF487
S32D000164B860AF22992A9C0DF1AC08BCE6129AAE18A6EB0B06D51AAE42A8BF2E46FFF78EBB0E9B089953F8042B00
S32D000164E00E9311805546FEF7DFBF44F3C0194B4664B2FEF7BFBE0C990A9828AA02F07EFB00287EF43AAFDDE937
S32D00016508293222990DF1AC083DE700BFECAA0100E4AA010000AB01000C990A9828AA02F069FB00287EF425AF0A
S32D000165302A9C0DF1AC08FFF72ABB0623079356E4DDE91235EB189E421997B346DDF82CA0109F90460C4628BFF4
S32D000165589B46FFF71EBB229B1093DA1C02DB079A934204DD023E26F02003069377E4109B129A9342C0F24881C6
S32D0001658019F0010F00F01182169A13440B9319F4806F03D0109B002B00F3C7810B9B23EAE37306936726002379
S32D000165A80F931393BCE42D2200238DF883200793FEF786BE28AA5946504602F01BFB00287EF4D7AE38782A99CE
S32D000165D02BAA06448AE50C990A9828AA02F00EFB00287EF4CAAE2A9C0DF1AC08FFF7C6BA0C990A9828AA02F0EF
S32D000165F801FB00287EF4BDAE229B2A9C0DF1AC08FFF7DCBA0799019126A9049123A9039122A9029103210B9B94
S32D000166200A9800915A4600F0D3FB0378302B054600F0F181229B079AB94613440F9FEC180B995846002200234A
S32D00016648FCF7F2FF10B12346FFF7FDBB269BA342BFF4F9AB30215A1C26921970269B9C42F9D8FFF7F0BB079BAF
S32D000166709DF883200E9406930B9307900F9013901090FEF71FBE229A1092002A40F3E081079909F001030B4398
S32D0001669840F0B781109B0B93662619F4806F40F041810B9B23EAE373069378E730238DF8843058238DF8853066
S32D000166C0079B632B47F0020400F3BF8000230D933BADDDE9141247F481730F931346002B2746C0F285800B935E
S32D000166E826F02003069300238B461D93612E00F04081412E7FF485AB22AA0B99584602F0C9F900224FF07F53C6
S32D00016710FCF726FD02460B46CDE9102300220023FCF786FF08B101232293AC4B0B93079BCDE912A6CDE91E7882
S32D00016738DDF82CA0DDE9106703F1FF39AB46109506E00022002309F1FF39FCF76DFFE8B9A14B00223046394632
S32D00016760FCF7FEFC0F460646FCF7AAFF0446FCF78DFC0B46024639463046FCF739FB1AF80430B9F1FF3FD84619
S32D000167884D460BF8013B06460F46DAD130463946924BDDF848A0139ECDF848800022A946DDF87C80109D1E9FAB
S32D000167B0CDE91001FCF764FF002855D1DDE91001884B0022FCF734FF08B1E1074CD44B46002B06DB01335B442C
S32D000167D830220BF8012B5B45FBD1ABEB0503B94612930F9FFFF731BB26F020030693DDE914349B4604F10043DA
S32D000168000B932D231D9375E700230793FEF796BC129B169A9A18109B0B92002B40F3098167263EE70C990A9833
S32D0001682828AA02F0E7F900287EF4A3AD229D129B2A9C5D1B0DF1AC08FFF7D8B9079BEC18FAE60A98591CFDF73F
S32D000168507FFC0546002800F026810D9039E730238DF88430782329E7129B26930B9B1BF8012CD97B8A425B4693
S32D0001687809D1302003F8010C269B5A1E269213F8012C9142F6D0392A0BBF0B9A0132927AD2B203F8012CA0E7B9
S32D000168A007990B9B0A984C1C26A9049123A9039122A9029102215A460194009100F088FA0546B9462C440F9F94
S32D000168C8BAE64546884601333244072BCDE92932C8F80090C8F804607FF7C2AC0C990A9828AA02F087F90028B0
S32D000168F07EF443ADDDE929320DF1AC08B6E4079B002B08BF0123079347F480730F93159B002BC0F2B180DDF8F5
S32D0001691850B00D900B931D90FFF77ABA00230D9365E7672619990B78FF2B00F0B2800024109A204603E00130D9
S32D000169400131FF2B08D0934206DAD21A4B78002BF5D10B780134F4E71991109213900F940F9A139B1C99134417
S32D000169680B9A01FB03230B9323EAE3730693FFF7D7BA22AA0B99584602F08CF800224FF07F53FCF7E9FB024642
S32D000169900B46CDE9102300220023FCF749FE08B101232293104B0B93C1E6109B0B93EEE5002963D130228DF89D
S32D000169B892200DF19302303302F8013B24ABD31A1A93FFF796BA06F10F02D2B20121FFF74FBA00BFD0AA01003C
S32D000169E0000030400000E03FBCAA0100159B384D002BB4BF2D229DF88320364BB8BF8DF8832027F08007FEF785
S32D00016A0890BD169BD31819440B91662645E60B99584600220023FCF707FE00287FF406AE079BC3F101032293E9
S32D00016A3001E6C3F101031A4422EAE2730B9206936726B0E519F0010F3FF462AAFFF75CBA079A09F0010959EA36
S32D00016A58020304D10123069366260B939FE5169B01331A4422EAE2730B920693662696E50D90BCE60DF1920218
S32D00016A809DE70E9B9AF80160924653F8042B0E9342EAE2720792FEF74FBB00230F9313935EE7079C0DE70C99D0
S32D00016AA88B8943F0400213468A81FEF76ABC02231A93FFF71EBA0A9A0C2313604FF0FF330893FEF765BC00BFF0
S32D00016AD0B4AA0100B8AA0100F8B50D461446064610B1836B002B43D0B4F90C20A369A360170790B21BD523697E
S32D00016AF8CBB1EDB281042F4622D522686169D31A994229DD0133A1680139A160511C2160157062699A422AD0B5
S32D00016B20A389DB0701D50A2D25D03846F8BD2146304600F03FF820BBB4F90C20236990B2EDB281042F46DCD434
S32D00016B4842F40052A281626E616922F4005262662268D31A9942D5DC2146304601F026F958B922680123CEE745
S32D00016B7001F054F9B8E72146304601F01BF90028D3D04FF0FF37D0E738B50C46084D8446114620461A460023A2
S32D00016B982B60644603F010FC431C00D038BD2B68002BFBD0236038BD441B002038B5334B1B6805460C460BB1AF
S32D00016BC09A6B12B3B4F90C3018079AB225D5216900292DD012F0010007D00020A06060694042A06139B100208E
S32D00016BE838BD950758BF6069A0600029F7D1120658BF0846F4D543F04003A3814FF0FF3038BD184601F006F98B
S32D00016C10B4F90C3018079AB2D9D4D1062AD5520714D4216943F00803A3819AB20029D1D102F42070B0F5007F90
S32D00016C38CCD02146284601F013FBB4F90C3021699AB2C3E7216B51B104F14002914204D0284601F0D7F9B4F90C
S32D00016C600C300022226321690022C4E9001223F02403D7E7092243F040032A604FF0FF30A38138BD1C0D0020C4
S32D00016C88024B13B1024800F005B8704700000000417F0100002301461A46184602F026B82DE9F04F03690C692F
S32D00016CB0A34283B0C0F28680013C01F11405A30000F11408009355F8243058F8242001338A469A4208EB8401CD
S32D00016CD8814605EB84070191B2FBF3F638D30023AE4640469B465EF8041B02681FFA81FC06FB0C33090C4FEA97
S32D00016D00134C06FB01CC99B2ABEB01011FFA8CF311FA82F1C3EB124202EB214289B241EA0241774540F8041B30
S32D00016D284FEA1C434FEA224BDDD2009B58F8033073B9019B043B984504D307E0984504F1FF3403D253F804293D
S32D00016D50002AF7D0C9F810405146484601F076FD00282BDB01364046002355F8041BD0F800C08AB29A1A0B0C80
S32D00016D7812FA8CF2C3EB1C4303EB224392B242EA0342AF4240F8042B4FEA2343E9D258F8242008EB84036AB96A
S32D00016DA0043B984504D307E0984504F1FF3403D253F80429002AF7D0C9F81040304603B0BDE8F08F002003B076
S32D00016DC8BDE8F08F000000002DE9F04F016C99B090469946CDE90489259D044641B1426C4A60012393408B603D
S32D00016DF001F0D0FA00232364B9F1000AB4BF012300232B60764BBCBF2AF0004ACDF814A033EA0A0300F0AA80B9
S32D00016E18DDE904231046194600220023CDE90A01FCF702FC074670B1249A01231360269B002B00F0E4826948FC
S32D00016E401860431E0393039819B0BDE8F08F16AB019317AB00932046DDE90A2301F0BCFD5FEA1A56054640F04B
S32D00016E689780DDE916763E4406F23240202840F3B583C0F140000AFA00FA06F2124028FA00F04AEA0000FCF781
S32D00016E90EDF80123013EA1F1F8710F93524B0022FBF7A6FF48A3D3E90023FCF759F948A3D3E90023FBF79EFF30
S32D00016EB8804630468946FCF7E5F845A3D3E90023FCF74AF902460B4640464946FBF78EFF80468946FCF7F0FB33
S32D00016EE000228346002340464946FCF7ABFB002840F07C82BBF1160F00F26B823B4B03EBCB03D3E90023DDE9DA
S32D00016F080A01FCF79BFB002872D00023BE1B0E93731E0BF1FF3B069300F15E8200230993BBF1000F6BDA099B2B
S32D00016F30CDF81CB0A3EB0B030993CBF100030D93229B092B4FF0000B66D8052B40F34883043B22930026229B8C
S32D00016F58023B032B00F26886DFE813F05C04590450043304249A42F20F73CAF3130A13605AEA08031AD1269BF1
S32D00016F80002B00F064861A4B03930833269A0398136019B0BDE8F08FDDE90A12C2F31303084643F07F510F9748
S32D00016FA8A6F2FF36169F41F4401173E7269B002B40F0EA830D4B039341E700BFAFF3008061436F63A787D23F23
S32D00016FD0B3C8608B288AC63FFB799F501344D33F0000F07FEDAA01000000F83F18AC010014AB010010AB01002A
S32D00016FF8BE1B731E069300F185840E900990069B5B44CDE9063B00230D93229B092B98D90023CDE92233012685
S32D000170204FF0FF330C960893089B129300216164204601F089F90390002800F00186039B2364089B0E2B00F267
S32D000170481381002E00F010810799002940F35C84AE4B01F00F0203EBC2034FEA2118C905D3E9006740F1148420
S32D00017070A94BDDE90A01D3E90823FCF79BF9CDE9100108F00F084FF0030AB8F1000F13D0DFF8849218F0010FFC
S32D0001709809D030463946D9E90023FCF75DF80AF1010A06460F465FEA680809F10809EDD1DDE9100132463B46D5
S32D000170C0FCF778F9804689460E9B43B1934B002240464946FCF7B6FA002840F030855046FBF7D4FF42464B46D2
S32D000170E8FCF73AF88C4B0022FBF780FEA1F15073CDE910011193089B002B00F09780079B1493089B13930C9B1D
S32D00017110002B00F0A584139A7E4B8249039E03EBC20353E902230020FCF744F9DDE91023FBF75EFECDE91001B8
S32D0001713849464046FCF7C0FA0746FBF7A3FF02460B4640464946FBF74FFE3037DDE9102306F8017B8046894629
S32D00017160FCF770FA002840F02985CDF854B00027DDE910AB1095139D13942AE00137AF4280F22C85684B504691
S32D0001718859460022FBF7E8FF654B002282468B4640464946FBF7E0FF89468046FCF78CFA0446FBF76FFF0246ED
S32D000171B00B4640464946FBF71BFE303406F8014B52465B4680468946FCF73CFA002840F0F38442464B46514918
S32D000171D80020FBF709FE52465B46FCF72FFA0028C8D0DDE91343109D039A079302E0964200F0C884B24616F85E
S32D00017200013D392BF7D00133DBB23370079B01330793C8E15046FBF739FF42464B46FBF79FFF3F4B0022FBF772
S32D00017228E5FDA1F15073CDE9100111933D4B404649460022FBF7D8FDDDE910894B46424606460F46FCF718FAF1
S32D000172508146002840F0AA84DDE91001024601F1004330463946FCF7EDF9002840F04583179B002BC0F28C80E5
S32D00017278079A0E2A00F38880244B03EBC203D3E900AB239B002B1BDA089B002B18DC40F02E83244B00225046E2
S32D000172A05946FBF75DFF02460B46DDE90A01FCF7D3F9DDF820904E46002800F0C782239BDDF80C80DF43C9E243
S32D000172C8DDE90A7852465B4638464146FCF76EF8FCF7F2F981460990FBF7D4FE52465B46FBF73AFF039E0B4660
S32D000172F0024641463846FBF77BFD09F1300306F8013B089B012B00F05C830694012704951C462AE018AC010027
S32D00017318F0AB01000000F03F00001C400000E03F000024400000144052465B4640464946FCF73CF8FCF7C0F927
S32D000173400546FBF7A3FE52465B46FBF709FF01370B46024649464046FBF74AFD05F13003A74206F8013B00F0B2
S32D000173682983AC4B0022FBF7F7FE0022002380468946FCF759F90028D6D0049D069C079B01330793B2460AE1C7
S32D000173900C9A002A3DD0229A012A40F39C82089B03F1FF380D9B4345C0F26D82A3EB0808089B002BC0F23C833D
S32D000173B8069A1A440692099A17461A4409920121204601F08BF8064623E00123BE1B0E93731E06937FF5A2AD41
S32D000173E0C6F101030993002306939DE55846FBF74DFE42464B46FCF71BF900287FF47AAD0BF1FF3B76E5864BCA
S32D000174080393039819B0BDE8F08FDDF83480099F0C9E002F0CDD069900290B4608DD099AB942A8BF3B46D21AD4
S32D00017430FF1ACB1A099206930D9BDBB10C9B002B00F05D82B8F1000F0FDD31464246204601F024F92A46014658
S32D000174580646204601F070F829460546204600F095FF0D9BB3EB080240F0D8820121204601F034F8BBF1000F1C
S32D00017480814600F3B480229B012B40F386814FF0000A0120BBF1000F40F0B580069A104410F01F0000F093802C
S32D000174A8C0F12003042B40F3D283099BC0F11C0003440244099307440692099B002B05DD29461A46204601F0D6
S32D000174D045F90546069B002B05DD49461A46204601F03CF981460E9B002B40F03681089B002B40F31D810C9B13
S32D000174F8002B40F0A080079B01330793DDF80C80DDF820A0012707E0294600230A22204600F046FF0137054699
S32D0001752049462846FFF7C0FB574500F1300308F8013BEDDB089A002AC8BF9346039AD8BF4FF0010B9344002721
S32D00017548294601222046049301F004F94946054601F078F9002840F3A8811BF8013C039A0BF1FF3B04E05A4531
S32D0001757000F0AA811BF8013D392B0BF1010AF6D001338BF800304946204600F003FF56B12FB1B74203D039464F
S32D00017598204600F0FBFE3146204600F0F7FE2946204600F0F3FE00238AF80030249B079A1A60269B002B3FF42F
S32D000175C042AC0398C3F800A019B0BDE8F08F1C20099B03440993069B03440744069370E70126B8E4C0F1200051
S32D000175E808FA00F04FE401465A46204601F052F8229B012B814640F3B3814FF0000AD9F8103009EB830318695B
S32D0001761000F01AFFC0F1200040E700BF00002440ECAA0100314600230A22204600F0BCFE129B002B064640F363
S32D00017638E782CDE90783002F00F31A81BAF1000F40F0D581B046049B039F089903F001027B1E1944229B0C925E
S32D00017660134309910A9349462846FFF71DFB31468346284601F0EAF8424649468246204601F004F9C26801463E
S32D000176880BF13003002A42D106902846089301F0D9F806990490204600F078FE049A089B1AB90A99002900F037
S32D000176B09B82BAF1000FC0F2638122994AEA010A0C9951EA0A0100F05B81002A00F3B481099A3B7007F1010AEA
S32D000176D89742D34600F0B281294600230A22204600F05EFE4645054631464FF000034FF00A02204612D000F0EC
S32D0001770053FE4146064600230A22204600F04CFE57468046A7E72046049300F03BFE049B0122C6E700F040FE93
S32D000177285746064680469AE7229B022B79DC0C9B002B80D1079B4946013328460793FFF7AFFADDF80CB000F112
S32D0001775030030BF8013B0027F6E64946284601F075F80028BFF6C3AE294600230A22204600F01AFE079B03F12A
S32D00017778FF380C9B0546002B7FF450AF129B002B40F335820893B9E6AF4B03930333FFF7F9BBDDE904120029AB
S32D000177A07FF475AEC2F31303002B7FF470AEA94B1340002B00F0FE81099B01330993069B013306934FF0010A90
S32D000177C863E601230C93239B079A134412930133012B1F460893B8BF01270021172F61647FF722AC0122042372
S32D000177F05B0003F11400B842114602F10102F7D9616415E401230C93239B002B4CDD129308931F46E5E70023C9
S32D000178180C93D8E700230C93F2E7129BCDF81C800893089B002B7FF446AD49460522204600F0B6FD014681469E
S32D00017840284601F003F800287FF739AD0398079F3123804600F8013B013703904946204600F098FD7B1CDDF8FB
S32D000178680CA00793CDF80C80002E7FF494AE96E631463A46204600F06DFF0646DEE60D9BCDF83480A8EB030378
S32D000178909B444FF000088BE5DDE90A234FF0020ACDE91023FFF7F1BB012323930893FFF7BBBB03D1049BDB0734
S32D000178B83FF553AEDA461BF8013D302BFAD05EE6079B039A013307933123137057E60F9A002A00F0268103F212
S32D000178E03343069ADDF834801A440692099A17461A44099267E54FF000094E46DFE429460D9A204600F0CAFECC
S32D000179080546B3E50E9067E500F00F81079A504B564206F00F0203EBC203D3E90023DDE90A01FBF719FC361177
S32D000179308046894600F07181484F00234FF0020AF20706D5D7E90023FBF70AFC0AF1010A0123761007F1080746
S32D00017958F2D1002B3FF4B4AB80468946FFF7B0BB049B002B7FF449AEDDE90412C2F31303002B3FF418AF40E664
S32D00017980002A12DD294601222046049300F0E6FE4946054600F05AFF0028049B40F31881392B00F0F9800BF1DD
S32D000179A83103BA460AF8013B079B0133374607934646E4E50995069C049D02460B46FBF715FA52465B46804682
S32D000179D08946FBF755FE60B952465B4640464946FBF726FE00283FF4CEAC099BD9077FF5CAAC039A02E4716858
S32D000179F8204600F0A5FC0746002800F00E81336902339A0006F10C010C30FCF79DFE39460122204600F09EFEA8
S32D00017A20804614E62946204600F038FE054621E5DDE908239F1AC6E4392B00F0AD80BA460133B3E7079A0132B4
S32D00017A483746079246467BE510AB01000000F07F18AC0100F0AB0100DDF84CA0844901EBCA01DDE9102351E909
S32D00017A700201FBF775FBCDE9100149464046FBF71FFE0646FBF702FB0B46024649464046FBF7AEF9039F5346DA
S32D00017A983036012B07F8016B8046894600F0AE80139E039B1E44734B002240464946FBF753FB89468046FBF7A2
S32D00017AC0FFFD8246FBF7E2FA0AF1300A02460B4640464946FBF78CF907F801ABB74280468946E4D1664B0022EA
S32D00017AE8DDE91001FBF782F942464B46FBF7A6FD002864D1DDE910235F490020FBF774F942464B46FBF7B8FD40
S32D00017B1000283FF4ADABB246013E1AF8013C302BF9D0149B013307933DE5169BC3F13603D7E6DDE90A894FF057
S32D00017B38020AFFF7C5BA089B002B3FF467AB129B002B7FF791AB079A013ACDE913324046484B00224946FBF76D
S32D00017B60FFFA804689460AF10100FBF78FFA42464B46FBF7F5FA434B0022FBF73BF9A1F15073CDE91001119361
S32D00017B88FFF7C1BA079B013307933123FFF739BB079BBB4601330793392337460BF8013B4646DCE44FF0000992
S32D00017BB04E464BE69A466CE4109D139C149B01330793B246EFE4149B039A0793FFF716BB7FF4EBAEDA077FF5FF
S32D00017BD8E8AEE1E6DDF854B0109D139CFFF744BB392BD5D0BAF1000F3FF7D9AED9E6229B022B3FF712AECDF813
S32D00017C001C809BE53E466DE7229B022B3FF709AE129BCDF81C80089311E54FF0020AFFF753BA194B19483A4658
S32D00017C2840F2EA2101F0A8F8002666643146204600F086FB039078B9114B124800224FF4D57101F099F8104B1F
S32D00017C500393FFF7F8B83FF434ACC0F13C00B7E4039B236401224FF0FF33239612930C920893FFF7FDBA00BF72
S32D00017C7818AC0100000024400000E03F00001C4020AB010034AB010014AB0100B1F90C20F8B50C461107074693
S32D00017CA042D4636842F40062002BA28159DDA56A002D54D000233E683B6093B212F4805253D1E16901233846C7
S32D00017CC8A847421C63D0A389A56A5B0705D56368C01A236B0BB1E36BC01AE169024600233846A847411C3ED1F1
S32D00017CF03B68002B3BD01D2B01D0162B52D1A3892269226023F4006300216160A381216B3E6021B304F1400320
S32D00017D18994202D0384600F075F900202063F8BD2669C6B193B2256826609A070CBF63690023AD1BA3600CE0EB
S32D00017D40D4F824C0E1692B4632463846E047B0F1000CA5EB0C05664416DD002DF0DC0020F8BDE36B002BA2DCDC
S32D00017D68F9E7206DB1E7B4F90C302269226023F40063A3810022DB046260C4D52065C2E7A38943F040034FF0E8
S32D00017D90FF30A381F8BD3B68002B98D01D2B06D0162B04D0A38943F04003A381F8BD3E60D5E700BF38B50C4680
S32D00017DB8054608B1836BA3B1B4F90C00B8B1636EDB0701D4810515D528462146FFF75EFF636EDA07054602D441
S32D00017DE0A3899B050ED5284638BD00F017F8B4F90C000028E7D10546284638BDA06DFCF79BF9E5E7A06DFCF7BC
S32D00017E0899F9284638BD00BF014900F001BA00BF5D8E01002DE9F04782463948FCF788F9DAF83840002C66D140
S32D00017E30DAF80450354ACAF83C200323CAE9B843DFF8CC90DFF8CC80334F344E04230AF53B72CAF8E82221462C
S32D00017E58C5E90243C5E90044C5E904446C660822AC6105F15C00FCF785FDC5E90759C5E90987EE6205F1580066
S32D00017E80FCF756F9DAF80850254BEB602146C5E90044C5E904446C66AC60AC61082205F15C00FCF76BFDC5E9ED
S32D00017EA80759C5E90987EE6205F15800FCF73CF9DAF80C50194BEB602146C5E90044C5E904446C66AC60AC6130
S32D00017ED0082205F15C00FCF751FD05F15800C5E90759C5E90A76C5F82480FCF721F90123CAF838300448BDE88F
S32D00017EF8F047FCF71FB9BDE8F0470148FCF71AB90C1B0020117E01000D8B0100318B0100718B0100918B010027
S32D00017F2009000100120002000148FCF705B900BF081B00200148FCF701B900BF081B002038B5084B084D5B1B15
S32D00017F489C1007D0043B1D44013C55F804399847002CF9D1BDE8384002F09ABF0000000000000000F8B5244FC3
S32D00017F700C460646FCF754FDBA685568C4F57E630F3325F003052B4423F47F6323F00F03A3F58054B4F5805FA7
S32D00017F9807DB00213046FCF737FFBB682B44984204D03046FCF73EFD0020F8BD61423046FCF72AFF01300DD01C
S32D00017FC0104ABB682D1B45F001055D60136830461B1B1360FCF72AFD0120F8BD00213046FCF716FFBA68831AED
S32D00017FE80F2BDEDD43F001035360054B03491B68C01A0860D5E700BF48110020101B002050150020002961D00C
S32D00018010F8B50C460646FCF703FD54F8042C7B4FA4F1080522F0010105EB010CB868DCF80430604523F0030324
S32D0001803800F08B80D207CCF8043032D454F8082CAD1A1144AA6807F1080082426AD00CEB0304D4F804E0EC6899
S32D00018060D4601EF0010FA26000F0978041F001036B60CCF80010B1F5007F35D27A68CB08480901210133814079
S32D000180881143796007EBC30257F83310083AC5E9021247F83350CD603046BDE8F840FCF7C1BC0CEB03025268E7
S32D000180B0D00710D4194407F10800DCF80830834273D0DCF80C20DA60936041F001036B606950D0E7704741F0F0
S32D000180D80103B1F5007F44F8043CCCF80010C9D3B1F5206F4FEA512348D28B0903F1390003F13802C300F818A6
S32D00018100FB580838984259D05A6822F003028A4202D99B689842F7D1D868C5E902308560DD603046BDE8F84000
S32D00018128FCF780BC0CEB03025268D20763D40B44DCE90212CA60916043F001026A603046EB50BDE8F840FCF76F
S32D000181506DBC0B44D10707D454F8082CAD1A1344D5E90212CA60916043F001026A60284ABD6012689A4293D8FA
S32D00018178264B30461968FFF7F5FE8DE7142B0AD9542B1FD80B0B03F16F0003F16E02C300B1E719448DE703F17E
S32D000181A05C0003F15B02C300A9E741F00103C7E90455C5E902006B60695071E779689210012404FA02F20A43FF
S32D000181C87A60A6E7B3F5AA7F06D8CB0B03F1780003F17702C3008EE740F25452934206D88B0C03F17D0003F104
S32D000181F07C02C30083E74FF47E737E227FE741F001036B60CCF800104AE700BF4811002054150020401B00203A
S32D000182182DE9F8430746884600F538764FF00009D6E90154013D11D4A389012B05F1FF3508D9B4F90E30013327
S32D00018240214603D03846C04749EA00096B1C04F16804EDD13668002EE6D14846BDE8F883004870474C160020BC
S32D000182682DE9F0418B890C46990796B008D504F143030122C4E90432236016B0BDE8F081B4F90E100029064697
S32D0001829027DB6A4600F05CFE002821DB019D05F47045A5F50055B5FA85F54FF480686D094FF4006741463046F3
S32D000182B8FBF74AFFB4F90C30F0B1204AF26343F08003C4F81480A3812060206135BB3B43A38116B0BDE8F0817A
S32D000182E0A38913F0800519D04FF0400841463046FBF72EFF0025B4F90C302F460028E0D19A05BED423F0030389
S32D0001830804F1430243F002030121C4E90421A3812260B2E74FF480682F46C7E7B4F90E10304600F027FE10B934
S32D00018330B4F90C30CFE7A38923F0030343F001031BB2C8E7117E0100C36C70B505460C464BB153F8240080B16A
S32D00018358026843F824200023C0E9033370BD2122042100F029FD0346E8640028EDD1002070BD012101FA04F681
S32D00018380721D9200284600F01BFD0028F3D0C0E90146E4E731B1C36C4A6853F82200086043F82210704700BF16
S32D000183A82DE9F0410D6907460E461C4601F1140E0020DEF800108BB202FB03434FEA134C090C02FB01CC0130A4
S32D000183D09BB203EB0C4385424EF8043B4FEA1C44EBDC3CB1B368AB4207DD06EB850301355C6135613046BDE852
S32D000183F8F081716838460131FFF7A2FF8046A8B13269023206F10C0192000C30FCF79CF9FB6C726853F82210BF
S32D00018420316043F82260464606EB850301355C613561DFE7024B03484246B52100F0A0FC20AB010090AB010001
S32D00018448020C12040346CAB90304102013F07F4F04BF1B02083013F0704F04BF1B01043013F0404F04BF9B0030
S32D000184700230002B05DB13F0804F00F1010008BF202070470020E5E70368024613F0070007D0D9071DD498072E
S32D000184981FD55B0813600120704799B209B91B0C1020D9B209B908301B0A190704BF1B090430990704BF9B08C4
S32D000184C00230D90703D45B0800F1010003D01360704700207047202070479B0813600220704700BF38B5C36CBA
S32D000184E804460D464BB15868B0B102685A6000220123C0E90435C26038BD2122042100F05BFC0346E0640028E4
S32D00018510EDD1094B094800224FF4A07100F030FC1C220121204600F04BFC0028F1D001220223C0E90123DEE787
S32D0001853820AB010090AB01002DE9F04F0E691569AE4285B08846144605DB2A46234635460C4616469846A368AA
S32D000185606168AF19BB42B8BF0131FFF7EDFE0190002800F08780019B03F1140909EB870AD14505D24B46002252
S32D0001858843F8042B9A45FBD808F1140808EB860B04F11403D8451A4603EB85055FD22B1B153B23F003030433F7
S32D000185B01534A54238BF0423CDE902A7AC461F46924605E0000C29D1C34509F1040948D958F8040B85B2002DE2
S32D000185D8F4D056464C46002356F8040B216882B21FFA81FE05FB02EE000C0A0C734405FB002202EB13429BB233
S32D0001860043EA0243B44544F8043B4FEA1243E7D849F8073058F8040C000CD5D0D9F80030544619464D460022E0
S32D000186282688090C00FB06110A449BB243EA024345F8043B54F8046B2968360C8BB200FB063303EB1243A4459A
S32D000186504FEA1342E8D8C34549F8073009F10409B6D8DDE902A7002F02DC05E0013F03D05AF8043D002BF9D09D
S32D00018678019B18461F6105B0BDE8F08F034B0448019A40F25D1100F077FB00BF20AB010090AB010012F003037A
S32D000186A02DE9F0411446064632D10D46A41020D0D6F84880B8F1000F33D0E3074FF0000707D4641015D0D8F83F
S32D000186C80000A8B18046E307F7D5424629463046FFF732FFB5B16968F36C641053F821202A6043F82150054603
S32D000186F0E9D12846BDE8F081424641463046FFF71FFFC8F8000007608046E0E70546D8E7013B0F4A52F82320A4
S32D000187180023FFF745FE0546C4E701213046FFF70FFE804640B1012340F27122C0E904320023B0640360BCE789
S32D00018740044B054842464FF4A07100F019FB00BFE0AC010020AB010090AB01002DE9F0470C4690462669A3682B
S32D00018768496806EB6216751C9D4207464FEA621904DD5B009D4201F10101FADC3846FFF7DFFD8446002851D00F
S32D00018790B9F1000F00F114000EDD09F105024FEA820E03460CEB8202002143F8041B9342FBD1AEF11403184455
S32D000187B8216904F1140318F01F0803EB81012DD0C8F1200986464FF0000A1A6802FA08F242EA0A024EF8042B44
S32D000187E053F8042B994222FA09FAF2D80B1B153B23F00303043304F11502914238BF0423BAF1000F18BF2E4664
S32D0001880840F803A0FB6C6268CCF8106053F822102160604643F82240BDE8F087043853F8042B40F8042F9942A8
S32D00018830F9D8EBE7034B0448624640F2D91100F09FFA00BF20AB010090AB01000B6984460069C01A15D10CF164
S32D00018858140C14310CEB830210B401EB830301E0944508D252F8044D53F8041D8C42F7D004D24FF0FF3010BC9A
S32D0001888070477047012010BC704700BF2DE9F84F0F691369FF1A002F0E4690467AD101F11405143202EB830227
S32D000188A805EB830301E09D4273D253F8041D52F8044DA142F7D064D37168FFF741FD8146002872D03569D8F892
S32D000188D01020C76008F1140E06F1140009F1140A06F1100C0EEB820200EB8507564600215EF8044B5CF804BF64
S32D000188F8A3B211FA8BF1CB1A210CC1EB1B4101EB23419BB243EA0143724546F8043B4FEA2141E9D8A2EB080424
S32D00018920153C08F11508424524F0030606F1040638BF0426304424F0030238BF002287425244B24416D9564675
S32D00018948044654F8043B11FA83F10A1402EB134289B241EA0243A74246F8043B4FEA2241EFD87A1E101A20F006
S32D000189700302524423B952F8043D013D002BFAD0C9F810504846BDE8F88F334601274646984695E7F9DB002746
S32D0001899892E70021FFF7D4FC814668B101220023C9E904234846BDE8F88F074B07484A464FF4107100F0E0F9D9
S32D000189C0034B04484A4640F2322100F0D9F900BF20AB010090AB010070B5012182B016461D46FFF7B1FC04462B
S32D000189E800284BD02B46C5F30A55C3F313030DB143F48013002E019322D068460096FFF73FFD002836D0019B4D
S32D00018A100099C0F1200203FA02F20A43C34001936261002B14BF02210121A3612161ADB1069AA5F23343034418
S32D00018A381360079BC0F135001860204602B070BD01A8FFF71DFD019B0121C4E904132030002DE9D104EB810273
S32D00018A60A0F232431069069A1360FFF7EDFC079BC0EB41112046196002B070BDDDE900236261CEE7034B04481D
S32D00018A88224640F20A3100F077F900BF20AB010090AB0100DFF860C0F8B521F000430027634504460D46164603
S32D00018AB0176022DC844653EA0C0C1ED0DFF844C001EA0C0C0A46BCF1000F09D10E4B0022FAF746FB6FF0350709
S32D00018AD804460A4621F0004322F0FF421B1522F4E002A3F2FE3342F07F553B4445F40015336020462946F8BD50
S32D00018B00FFFFEF7F0000F07F0000504310B50C46B1F90E1000F076FA002803DB236D0344236510BDA38923F424
S32D00018B288053A38110BD00BF2DE9F0410C46B1F90C101F46CB05054616460BD421F48051A1813B46B4F90E102D
S32D00018B5032462846BDE8F041FEF716B8B4F90E100223002200F022FAB4F90C10EAE700BF10B50C46B1F90E1021
S32D00018B7800F018FAA389421C0EBF23F4805343F480532065A38110BDB1F90E1000F050B930B540EA0104A3078C
S32D00018BA001D1032A0FD8844601F1FF3E07E01EF8011F03F8011B541EC1B19C4622466346002AF4D130BD0B468F
S32D00018BC88446194653F8045BA5F1013424EA050414F0803FE4D1043A032A4CF8045B1946EFD8DDE76244002C87
S32D00018BF0E8D003F8011B9342FBD130BD2DE9F04F936883B09146002B6DD017688D6880460C460868083743E0D9
S32D00018C18A38913F4906F2ED0D4E90415A0EB010A05EB450505EBD5750AEB06006D100130A8422A4684BF05468C
S32D00018C402A465B0536D511464046FBF781FA00283AD0524621690190FBF77AFDA289019B22F4906242F080020F
S32D00018C68A281A5EB0A0203EB0A006561A260236120603546B24659465246FBF7FFFDD9F80830A16820684D1BC0
S32D00018C9050449E1BA5602060C9F808601EB3083757E902B6002EFAD0B542AA46B4D93546B246E4E74046FBF790
S32D00018CB8BFFE03460028D4D121694046FFF7A2F90C23C8F80030A389002243F040034FF0FF30A381C9E90122CF
S32D00018CE003B0BDE8F08F0020C9F8040003B0BDE8F08F00BF2DE9F047DFF87CA00646DAF8000098460F469146AB
S32D00018D08FBF716FA1B4B1B68D3F8484124B365681F2D26DC5EB96B1C0235DAF80000636044F82570FBF706FADE
S32D00018D300020BDE8F08704EB85010123C1F88890D4F88821AB401A43022EC4F88821C1F80881E4D1D4F88C21AC
S32D00018D581343C4F88C31DEE703F5A674C3F84841D5E7DAF80000FBF7E5F94FF0FF30DCE758150020A8AA010093
S32D00018D8000B50B4C25681446EE681A4685B003460D464CB107490095CDE901143046064900F0C2F8FBF71EF826
S32D00018DA804490C46F3E700BF1C0D0020ECAC0100FCAC0100F8AC010038B5A1FB02148CBBFBF7C2F90546E0B1C5
S32D00018DD050F8042C22F00302043A242A17D8132A1AD91B2AC0E900441DD9242A14BF00F1100200F118024FF0A4
S32D00018DF80003C0E9024404BF04614461C2E900339360284638BD2146FBF7B4FD284638BD02460023C2E90033A3
S32D00018E209360284638BD00F10802F6E7FAF7E2FF0C2300250360E8E738B5074D0022044608462A6001F076FAB7
S32D00018E48431C00D038BD2B68002BFBD0236038BD441B002070B500294BD006460C4610B1836B002B48D0636E8D
S32D00018E70D80734D5B4F90C30002B3ED021463046FEF708FFE36A054633B1E169304698470028B8BF4FF0FF35C3
S32D00018E98A3891A063BD4216B41B104F14003994202D03046FFF7AEF800232363616C21B13046FFF7A7F8002365
S32D00018EC06364FFF731F8636E0022DB07A28127D5A06DFBF72FF9FFF72DF8284670BDA3899905CBD4A06DFBF764
S32D00018EE827F9B4F90C30002BC4D1656E15F0010508D00025284670BDFEF78CFF636ED807B4D4E8E7A06DFBF796
S32D00018F1015F9284670BD21693046FFF777F8BEE7A06DFBF70BF9D3E70EB410B583B005AB064C53F8042B0193F8
S32D00018F380146206800F0B4F803B0BDE8104003B0704700BF1C0D002070B50C46084D03460026204611461C462B
S32D00018F602E6001F0EFF9431C00D070BD2B68002BFBD0236070BD00BF441B002038B5074D0022044608462A6023
S32D00018F8801F0ECF9431C00D038BD2B68002BFBD0236038BD441B0020014B93F8280170475C15002038B50C46B9
S32D00018FB0084D8446114620461A4600232B60644601F0E0F9431C00D038BD2B68002BFBD0236038BD441B002090
S32D00018FD882B049B15AB16BB113780B601278101E18BF012002B0704701A9002AF3D1104602B070476FF0010051
S32D00019000F4E700BF38B50C46084D8446114620461A4600232B60644601F0BCF9431C00D038BD2B68002BFBD081
S32D00019028236038BD441B00202DE9F84F4B6E9C0490462DD59368126843B38B46064602F1080959E9025A5FEA21
S32D000190509A0715D0043D002401E0A7420ED055F8041F5A46304600F091FF431C04F10104F3D10023C8E9013333
S32D00019078BDE8F88FD8F808302AF0030AA3EB0A03C8F8083009F10809002BDAD10020ECE7FAF7B2FE0023C8E992
S32D000190A00133BDE8F88F00BF2DE9F04FBDB0CDE904301C460191174618B1836B002B00F08682019A536EDE076A
S32D000190C840F18F81B2F90C108AB2900408D441F4005201994B6E8A8123F4005392B24B66110740F1F780019B25
S32D000190F01B69002B00F0F28002F01A030A2B00F0FB8013AB10930023CDE91133CDE90A3308930DF14C09099396
S32D0001911803933B78002B00F051813C4604E014F8013F002B00F02C81252BF8D1E51B40F029812378002B00F0CF
S32D0001914041814FF0000300258DF83B30671C637802954FF0FF3B2B240137A3F120025A2A00F25281DFE812F02A
S32D0001916898025001500194025001500150016A005001500136026B0250014102A6025001A2025B005B005B0020
S32D000191905B005B005B005B005B005B005001500150015001500150015001500150012302840050015001500119
S32D000191B85001500150015001500150015001DD00500150015001070250015902500150011E0550015001500114
S32D000191E05001500150015001500150015001230286005001500150014F02860080005001450250018102DF00E9
S32D000192086F028000500107027E003E0550015001400550017E00A3F13002002117F8013B01EB810102EB4101A6
S32D00019230A3F13002092AF5D902918EE7DDF814804046FFF70DF843680A931846FBF7B8FE0B9006464046FFF7A5
S32D0001925803F883680993002E40F07B843B7877E73B7845F0200573E745F01005AC06049E40F16F81073626F07E
S32D0001928007063246736852F8086B04929846002BC0F22D84BBF1FF3F00F0108556EA080325F0800A00F00884CB
S32D000192A80A2E78F1000380F0BD84303601238DF8EF60554600930DF1EF04DDF800809DF83B30D845B8BFD846BE
S32D000192D0002B00F0A88008F10108A4E0019D05982946FDF767FC002840F08885AA8902F01A030A2B7FF405AFA2
S32D000192F80199B1F90E30002BFFF6FFAE4B6EDE0702D4950540F156850199059823463A463DB0BDE8F04F00F0FD
S32D0001932093BD45F0100515F0200800F00781049E073626F007063346D6F8048053F8086B049325F4806A002397
S32D000193484FF000028DF83B20BBF1FF3F00F0C88156EA08022AF0800540F0C181BBF1000F40F0AB84002B40F0E2
S32D00019370A8831AF00103009300F0D68330238DF8EF300DF1EF049CE7E51B1BD0119B129A01332A44072BC9E985
S32D0001939800751292119305DC09F10809039B2B440393C6E6002A00F07F830199059810AAFFF73AFE40B90DF17C
S32D000193C04C09EFE7129B002B40F0098500231193019A536ED90740F1A68093895B0600F1198503983DB0BDE82A
S32D000193E8F08F019BB3F90C108D058AB23FF56DAE1D46986DFAF79CFEB5F90C108AB264E6002BDBD08DF88C30FC
S32D000194104FF001084FF000038DF83B30CDF8008023AC4FF0000B15F00203069318BF08F1020815F084030793B2
S32D0001943805D1029BA3EB0806002E00F36C82DDE91121501C9DF83B608EB10DF13B020131C9F8002007284FF058
S32D000194600102CDE91101C9F8042000F33B82024609F108090130069BDBB10FAB0231C9F8003007284FF002037B
S32D00019488CDE91101C9F8043040F34082002900F006830199059810AAFFF7C6FD002893D1DDE911210DF14C09E0
S32D000194B0501C079B802B00F05881009BABEB0306002E00F3B681009BC9F8004019440728CDE91101C9F8043094
S32D000194D840F34481002900F072820199059810AAFFF7A2FD00287FF46FAF12990DF14C09680705D5029BA3EBAF
S32D000195000804002C00F36982DDE902234245ACBF9B1843440393002940F0D581002311930DF14C09F9E5019B36
S32D000195289B899A053FF556AF019CA06DFAF702FEA3894FE715F0100340F0238315F0400200F0EB83049A52F8A0
S32D00019550046B04929846B6B2F3E656F8043B0496E80600F1ED82690640F1E78243F3C0381EB243468BE6049EB0
S32D0001957856F8044B4FF000038DF83B30002C00F0B183BBF1FF3F00F02E835A4600212046FBF78AF8002800F067
S32D000195A01284031B009304964FF0000B89E6049E4FF000038DF83B304FF0010856F8043B8DF88C300496CDF8B9
S32D000195C8008023AC29E7FEF725FC76E5049B53F8042B0292002A80F29F82029A0493524202923B7845F00405EE
S32D000195F0B2E53B786C2B03BF7B7845F02005013745F01005A8E53B78682B03BF7B7845F40075013745F04005F2
S32D000196189EE545F0100A1AF0200800F05582049E073626F007063346D6F8048053F8086B0493012384E63B78F5
S32D000196408DF83B4088E5049B53F8046B049330238DF83C3078238DF83D30B94B089345F0020A4FF00008022381
S32D000196686EE6AE0600F18382EC0600F13383680600F19283A90540F12D83049E039A56F8043B04961A7044E520
S32D000196903B7845F001055FE59DF83B30002B7FF4E1AD20238DF83B303B7855E53B7845F0800551E5394611F802
S32D000196B8013B2A2B00F0B383A3F13002092A0F464FF0000B3FF645AD17F8013B0BEB8B0B02EB4B0BA3F130022D
S32D000196E0092AF5D939E5AA46012B3FF4DDAD022B3CAC12D1089A06F00F033609D35C04F8013D46EA08764FEA32
S32D00019708181856EA0803F2D13CAB1B1B55460093D3E506F00703F60846EA48764FEAD808303356EA08012246D8
S32D0001973004F8013DF1D11AF0010FE9D0302BE7D03023023A04F8013C3CAB9B1A554600931446B6E50099139462
S32D0001975801231491129111930DF14C0909F10809C6E6029BA3EB0806002E7FF7A2AE102E40F35183DFF8C4A11A
S32D000197805346CDE906B4BA46DDF814B0019C2F461D4607E002F1020C09F108090246103E102E1EDD501C103134
S32D000197A810230728CDE91101C9F80050C9F80430ECDD10AA002900F08B80214658460DF14C09FFF731FC002818
S32D000197D07FF4FEADDDE91121103E102E02F1010CE0DCDDE906B42B463D4657469A463144BCF1070FCDE911C15B
S32D000197F8C9F800A0C9F8046040F39581002900F0BB820199059810AAFFF70EFC00287FF4DBAD009BDDE9112176
S32D00019820ABEB0306002E02F101000DF14C097FF74AAE102EDFF80CA131DD5346CDE90645BA46059C019D4FF0AF
S32D00019848100B1F4607E002F1020C09F108090246103E102E19DD501C10310728C9E9007BCDE91101EFDD10AA5D
S32D0001987019B3294620460DF14C09FFF7D9FB00287FF4A6ADDDE91121103E102E02F1010CE5DCDDE906453B4646
S32D00019898604657469A4631440728CDE91101C9F800A0C9F8046000F3E68009F10809013005E64FF0010C0A4670
S32D000198C00DF14C09C8E70199059810AAFFF7B0FB00283FF423AE7BE54FF0010C0A460DF14C095CE7002900F00E
S32D000198E8DB800199059810AAFFF79EFB00287FF46BADDDE911210DF14C09501CB7E502210FAB14911393012027
S32D000199100DF14C09024609F10809501CC9E5102E40F35782DDE911C1DFF81CA0CDE90CB410235446DDF804B027
S32D00019938DDF814A062460DE0BCAA010050AE010040AE010002F1020C09F108090246103E102E1BDD501C103108
S32D000199600728C9E90043CDE91101EFDD10AA21B3594650460DF14C09FFF75AFB00287FF427ADDDE91121103E0A
S32D00019988102E02F1010C4FF01003E3DCA246DDF830B00D9C62463144072ACDE91121C9F800A0C9F8046000F36C
S32D000199B0A78009F10809501C48E50A464FF0010C0DF14C09C7E76C07119150D5029BA3EB0804002C4BDD0DF15D
S32D000199D84C09102C40F30982DFF8ECA2119A059EDDF804B053461025BA461F4606E0901C09F108091A46103C59
S32D00019A00102C19DD531C1031072BC9E90075CDE91131F0DD10AA29B359463046FFF708FB00287FF4D5ACDDE9B1
S32D00019A281121103C102C02F101000DF14C09E5DC3B4657469A4621440728C9E900A4CDE911017FF75DAD71B1FB
S32D00019A500199059810AAFFF7EBFA00287FF4B8AC129951E501200A460DF14C09C7E7DDE902234245ACBF9B1839
S32D00019A78434403934EE500293FF468AE0199059810AAFFF7D1FA00287FF49EAC1198129901300DF14C0912E597
S32D00019AA0069B002B77D101200A460DF14C0900E511920DF14C0975E4BBF1000F7FF4F9AB55464FF0000BCDF80F
S32D00019AC800B03CACFFF7F9BB1AF010033AD11AF0400200F01381049A52F8046B04929846B6B201232CE42D237E
S32D00019AF076428DF83B3068EB4808AA46012327E400297DD00199059810AAFFF791FA00287FF45EACDDE9112158
S32D00019B180DF14C09501C95E404933B78FFF718BB3CACFFF7CABB09F108090CF101006246BFE4AA0500F13881C3
S32D00019B404FEAE3781E464346FFF7A1BB049B53F8046B04930123FFF7F7BB099B002B3FF481AB099B1B78002BD7
S32D00019B683FF47CAB3B7845F48065FFF7F1BADDE9031656F8042B0496CB17C2E90013FFF7C8BA049B53F8046B9B
S32D00019B900493FFF7D6BB02210FAB149113930DF14C09B8E64B4A089215F0200836D0049E073626F00706324693
S32D00019BB8D6F8048052F8086B0492EA0709D556EA080206D08DF83D30302345F002058DF83C3025F4806A022350
S32D00019BE0FFF7B2BBAA461AE53B4A0892DCE720460496FBF7E5F94FF0000B0090FFF761BB9DF83B20002A00F05C
S32D00019C08C18001200DF13B02149013920DF14C09014628E415F0100242D0049A52F8046B0492CAE70AF48063F9
S32D00019C30CDF800B0CDF81890BB46DDF8249000253CAC1F4609E03046414600F0F1F90A2E78F100031BD3064689
S32D00019C588846304641460A22002300F0E5F91146303104F8011C0A220023013C0135002FE5D099F80010A942F2
S32D00019C80E1D1FF2DDFD00A2E78F1000364D23CAB1B1BCDF824905F46DDF81890DDF800B000935546FFF70DBB25
S32D00019CA815F0400147D0049951F8046B04919046B6B282E7AA46FFF7F3BA012BAA467FF412ADFFF7F2BA00BF5D
S32D00019CD040AE0100D0AA0100BCAA0100049E039A56F8043B1A600496FFF717BABBF1060FD84628BF4FF00608DA
S32D00019CF8504CCDF800800496FFF78FBB049B1AF4007814BF53F8046B53F8046B04931CBF9046F6B20123FFF70C
S32D00019D2013BB049B15F4007814BF53F8046B53F8046B04931CBF9046F6B2FFF702BB049A15F4007814BF52F800
S32D00019D48046B52F8046B04921CBF8846F6B234E70B9B0A99E41A1A462046FEF719FF99F801300BB109F1010926
S32D00019D70304641460A220023002500F059F96AE701200A460DF14C09FFF797BB069B002B7FF4B9AD0A4601209E
S32D00019D980DF14C09FFF78DBB049E039A56F8043B04961A80FFF7B5B943F3C0185EB24346FFF769BA886DFAF701
S32D00019DC0BDF9FFF7A5BACDF800B004968346FFF778BA119A1299DFF868A00132DFE50199059810AAFFF724F939
S32D00019DE800283FF4EFAAFFF7EFBA1198DFF848A0013020E6019B5B6EDB0707D4019B9B899F0503D4019B986D1C
S32D00019E10FAF794F94FF0FF330393FFF7E2BADFF824A08446E3E4049A7B780F4652F8041B049241EAE17BFFF77E
S32D00019E388FB900BFE4AA010040AE010050AE0100F0B51F468B89ADF26C4D23F00203ADF80C304B6E1993CB894F
S32D00019E60ADF80E30CB6907934B6A09931AAB009304934FF48063154606460293059316A800230C460693FAF72B
S32D00019E8853F92A463B4669463046FFF709F9051E07DB69463046FDF789FF002818BF4FF0FF35BDF80C305B06E7
S32D00019EB003D5A38943F04003A3811698FAF73AF928460DF26C4DF0BD49B1FF2A02D80A70012070478A230360E1
S32D00019ED84FF0FF3070470846704700BF2DE9F04383B0074688461446FFF756F8012803D108F1FF33FE2B37D9DC
S32D00019F00424604F15C0301A9384600F073F8421C064633D038B39DF804C00DF10509002509E023685A1C226045
S32D00019F2883F800C00135B54219D219F801CBA368013B002BA360F0DAD4F818E0734561462246384602DBBCF108
S32D00019F500A0FE6D1FCF7C0FD431CE7D10646304603B0BDE8F0834646304603B0BDE8F0835FFA88FC8DF804C0CB
S32D00019F780646CEE7A389304643F04003A38103B0BDE8F08330B5536E13F0010FB2F90C30144683B005469AB2EE
S32D00019FA001D198051CD5900406D4626E43F4005342F40052A381626622462846FFF792FF636EDA07054602D4C6
S32D00019FC8A3899B0502D5284603B030BDA06DFAF7B1F8284603B030BDA06D0191FAF7A8F8B4F90C3001999AB205
S32D00019FF0D9E700BF70B5054684B01C4639B10B4ED6F8E060B047431C09D004B070BD0A460649D1F8E06001A90A
S32D0001A018B047431CF5D100228A2322602B6004B070BD00BF5C15002053B94AB9002908BF00281CBF4FF0FF317F
S32D0001A0404FF0FF3000F074B9ADF1080C6DE904CE00F006F8DDF804E0DDE9022304B070472DE9F047089E0D4649
S32D0001A06804468846002B4DD18A42944668D9B2FA82F252B101FA02F3C2F1200120FA01F10CFA02FC41EA030854
S32D0001A09094404FEA1C45210CB8FBF5FE1FFA8CF705FB1E8341EA03430EFB07F199420BD91CEB03030EF1FF30B7
S32D0001A0B880F01E81994240F21B81AEF1020E63445B1AA4B2B3FBF5F005FB103344EA034400FB07F7A7420AD990
S32D0001A0E01CEB040400F1FF3380F00881A74240F2058164440238E41B40EA0E4000211EB1D4400023C6E9004313
S32D0001A108BDE8F0878B4208D9002E00F0EE800021C6E900050846BDE8F087B3FA83F100294AD1AB4202D38242A8
S32D0001A13000F2F980841A65EB030301209846002EE2D0C6E90048DFE702B9FFDEB2FA82F2002A40F09180A1EB56
S32D0001A1580C054FEA1C471FFA8CFE0121B5FBF7F307FB1350250C45EA00450EFB03F0A84208D91CEB050503F1F6
S32D0001A180FF3802D2A84200F2CB8043462D1AA4B2B5FBF7F007FB105544EA05440EFB00FEA64508D91CEB040401
S32D0001A1A800F1FF3502D2A64500F2BB802846A4EB0E0440EA03409EE7C1F120078B4022FA07FC4CEA030C20FA54
S32D0001A1D007F405FA01F31C43FD404FEA1C4900FA01F3B5FBF9F8200C1FFA8CFE09FB185540EA054508FB0EF0F4
S32D0001A1F8A84202FA01F20BD91CEB050508F1FF3A80F08880A84240F28580A8F1020865442D1AA4B2B5FBF9F01D
S32D0001A22009FB105544EA054500FB0EFEAE4508D91CEB050500F1FF346CD2AE456AD90238654440EA0840A0FBBA
S32D0001A2480294A5EB0E05A542C846A64656D353D05EB1B3EB080265EB0E0505FA07F722FA01F3CD401F43C6E93C
S32D0001A27000750021BDE8F087C2F1200320FA03F10CFA02FC25FA03F395400D434FEA1C471FFA8CFEB3FBF7F116
S32D0001A29807FB11302B0C43EA004301FB0EF0984204FA02F408D91CEB030301F1FF382FD298422DD9023963440B
S32D0001A2C01B1AADB2B3FBF7F007FB103345EA034500FB0EF3AB4208D91CEB050500F1FF3816D2AB4214D902388B
S32D0001A2E86544ED1A40EA014138E73146304607E78646E5E61846FAE64B45A9D2B9EB020864EB0C0E0138A3E777
S32D0001A3104046EAE7204694E74146D1E7D0467BE7023B654432E7084609E76444023842E7704700BF024B5822AA
S32D0001A3381A604FF0FF307047441B0020024B58221A604FF0FF307047441B0020024B58221A604FF0FF3070478D
S32D0001A360441B0020024B58221A600020704700BF441B0020024B58221A604FF0FF307047441B0020024B58224D
S32D0001A3881A604FF0FF307047441B0020024B58221A604FF0FF307047441B0020044A05491368002B08BF0B4649
S32D0001A3B01844106018467047481B00204C1B0020024B58221A604FF0FF307047441B0020FEE700BF3131333045
S32D0001A3D844364B4B52000000333353403333F33F3333F33F0000C03F0000C03F9A99993F34303400000000002A
S32D0001A40040787D0100D8B80500000000000000010000090200001A03000000040000020500001A0600001B07EC
S32D0001A42800001A08000009090000090A00001A0B0000DB0C00001A0D000000000000000F00001A1000001A1127
S32D0001A45000001A120000000000001A140000000000001A1600001A1700001A1800001A1900001A1A00001A1B54
S32D0001A47800001B1C00001B1D00001A1E0000000000001A2000001A2100001A2200001A2300001A2400001A25A3
S32D0001A4A000001B260000022700001A280000022900001B2A000000000000000000000000000000000000000071
S32D0001A4C800000000000000000000000000001A3300001A3400001A350000000000001A3700001B3800000000D7
S32D0001A4F0000000000000000000001B3C00001B3D0000000000000000010101010101010102020202020200007A
S32D0001A51800000000000000000004040404040303010101010101010100000101010101000001010000010100E9
S32D0001A5400000000001000000000000000B0000000A0000000700000006000000050000000400000001000000BF
S32D0001A56800000000000000000100000008000000090000000A0000000B00000011000000100000000F0000006D
S32D0001A5900E0000000D0000000C0000000B0000000A000000090000000800000007000000190000001800000017
S32D0001A5B81A0000001B0000001C00000001000000060000000F0000000E0000000D0000000C0000000B000000DB
S32D0001A5E00A00000009000000080000000E0000000F0000000400000005000000060000000700000011000000ED
S32D0001A60801000000140000000100000014000000000000001300000000000000130000000B0000000A000000BE
S32D0001A63012000000110000001000000010000000040000000500000007000000060000000B0000000A0000008D
S32D0001A65807000000060000000500000004000000010000000000000000000000010000000800000009000000AA
S32D0001A6800A0000000B00000011000000100000000F0000000E0000000D0000000C0000000B0000000A0000002A
S32D0001A6A809000000080000000700000019000000180000001A0000001B0000001C0000007630322E30392E301C
S32D0001A6D030000000256400002D25642E253033640000000025642E2530336400747275650000000066616C73C9
S32D0001A6F865000000456E74657220636D64206D6F64652E2E2E0000002000000057616974696E6720666F7220B3
S32D0001A720726573706F6E73652E2E2E00456E74657220636D64206D6F6465204641494C45440000007769746879
S32D0001A74820446174613A2000547279696E6720616761696E2E2E2E00446174613A2000005365742077697265F0
S32D0001A7706C6573732069642E2E2E00004572726F7220776974682052435320636F6E66696775726174696F6E06
S32D0001A79800000000536574206E6574776F726B2069642E2E2E00000053657420636F7572736520696420286C47
S32D0001A7C06F77292E2E2E000053657420636F75727365206964202868696768292E2E2E00536574206368616E86
S32D0001A7E86E656C20323620323438304D487A000057726974696E6720636F6E6669672E2E2E00000045786974E0
S32D0001A81020636F6D6D616E64206D6F64652E2E2E000000005465616D204B65792053656E743A2000436F6E6E59
S32D0001A838656374696E6720746F20526567696F6E2000000052435320756E61626C6520746F20636F6E6E6563B8
S32D0001A8607420746F20726567696F6E20000000004D616B652073757265206E6F206F746865722050726F7465C8
S32D0001A888692061726520636F6E6E656374656420746F2074686520726567696F6E000000526573746172742000
S32D0001A8B074686520726567696F6E20616E6420726574727920636F6E6E656374696E67207769746820796F754A
S32D0001A8D8722050726F7465757321000052435320456E61626C6564205375636365737366756C6C792C205072C6
S32D0001A9006F6772616D2072756E6E696E6720696E2033207365636F6E6473000043686F6963653A2041000000B2
S32D0001A92843686F6963653A204200000043686F6963653A204300000043686F6963653A204400000043686F69C5
S32D0001A95063653A204500000043686F6963653A204600000043686F6963653A204700000043686F6963653A20F5
S32D0001A9784800000053656C6563742052435320526567696F6E000000410000000000000000000000000000003B
S32D0001A9A00000000042000000000000000000000000000000000000004300000000000000000000000000000003
S32D0001A9C800000000440000000000000000000000000000000000000045000000000000000000000000000000D7
S32D0001A9F000000000460000000000000000000000000000000000000047000000000000000000000000000000AB
S32D0001AA18000000004800000000000000000000000000000000000000490000000000000000000000000000007E
S32D0001AA40000000004A000000000000000000000000000000000000004B00000000000000000000000000000052
S32D0001AA68000000004C000000000000000000000000000000000000004F6B0000000000000000000000000000B9
S32D0001AA900000000043616E63656C0000000000000000000000000000200D0020494E4600696E66004E414E000D
S32D0001AAB86E616E003031323334353637383961626364656600000000303132333435363738394142434445462E
S32D0001AAE000000000286E756C6C290000300000002020202020202020202020202020202030303030303030308B
S32D0001AB0830303030303030304E614E00496E66696E6974790000000042616C6C6F632073756363656564656445
S32D0001AB30000000002F746D702F6A656E6B696E732D4743432D31302D706970656C696E652D3333385F3230328C
S32D0001AB5831313031385F313633343531363139352F7372632F6E65776C69622F6E65776C69622F6C6962632F9C
S32D0001AB807374646C69622F64746F612E630000002F746D702F6A656E6B696E732D4743432D31302D70697065B8
S32D0001ABA86C696E652D3333385F32303231313031385F313633343531363139352F7372632F6E65776C69622F5F
S32D0001ABD06E65776C69622F6C6962632F7374646C69622F6D707265632E630000000000000080E03779C341432D
S32D0001ABF8176E05B5B5B89346F5F93FE9034F384D321D30F94877825A3CBF737FDD4F1575000000000000F03FD7
S32D0001AC20000000000000244000000000000059400000000000408F40000000000088C34000000000006AF840CC
S32D0001AC480000000080842E4100000000D01263410000000084D797410000000065CDCD41000000205FA002420E
S32D0001AC70000000E876483742000000A2941A6D42000040E59C30A2420000901EC4BCD64200003426F56B0C4373
S32D0001AC980080E03779C3414300A0D8855734764300C84E676DC1AB43003D9160E458E143408CB5781DAF1544B0
S32D0001ACC050EFE2D6E41A4B4492D54D06CFF08044F64AE1C7022DB544B49DD9794378EA440500000019000000EA
S32D0001ACE87D0000002C2066756E6374696F6E3A2000000000617373657274696F6E2022257322206661696C65BF
S32D0001AD10643A2066696C6520222573222C206C696E65202564257325730A000000202020202020202020282873
S32D0001AD3828282820202020202020202020202020202020202088101010101010101010101010101010040404B0
S32D0001AD60040404040404041010101010101041414141414101010101010101010101010101010101010101019E
S32D0001AD881010101010104242424242420202020202020202020202020202020202020202101010102000000028
S32D0001ADB00000000000000000000000000000000000000000000000000000000000000000000000000000000074
S32D0001ADD8000000000000000000000000000000000000000000000000000000000000000000000000000000004C
S32D0001AE000000000000000000000000000000000000000000000000000000000000000000000000000000000023
S32D0001AE28000000000000000043000000504F5349580000002E00000020202020202020202020202020202020F7
S32D0001AE5030303030303030303030303030303030F8B500BFF8BC08BC9E467047896C010065C4000091C80000DC
S32D0001AE7809EC0000C5F90000711A01001D1B0100D91B0100A92C0100752D0100C12D0100F8B500BFF8BC08BCF2
S3090001AEA09E4670470C
S30D0001AEA41C7FFF7F0100000085
S32D0001AEAC01FFFFFF170034022D0036022B00380229003A02270006023000060225000602320006022300060204
S32D0001AED4340006022100060204002E01040006021F00060204003001040006021D0006020400320104000602DB
S32D0001AEFC1B000602040034010400060219000602040036010400060217000602040038010400060215000602D2
S32D0001AF2404003A01040006021300060204003C01040006021100060204003E01040006020F0006020400400187
S32D0001AF4C040006020D00060204004201040006020B000602040044010400060209000602040046010400060292
S32D0001AF740700060204004801040006020500060204004A01040006020300060204004C0104000602010006026D
S32D0001AF9C04004E0104000B0204005001040009020400520104000802030054010300080203005401030008028F
S32D0001AFC403001D011A001D010300080203001C011C001C010300080203001B011E001B010300080203001A010E
S32D0001AFEC0400180204001A01030008020300190104001A0204001901030008020300180104001C020400180129
S32D0001B014030008020300170104001E02040017010300080203001601040006021500050204001601030008022E
S32D0001B03C0300150104000602170005020400150103000802030015010300060219000502030015010300080211
S32D0001B06403001501030005021B000402030015010300080203001501030004021C0004020300150103000802E9
S32D0001B08C03001501030004021C000402030015010300080203001501030004021C0004020300150103000802C1
S32D0001B0B403001501030004021C000402030015010300080203001501030004021C000402030015010300080299
S32D0001B0DC03001501030004021C000402030015010300080203001501030004021C000402030015010300080271
S32D0001B10403001501030004021C000402030015010300080203001501030004021C000402030015010300080248
S32D0001B12C03001501030004021C000402030015010300080203001501030004021C000402030015010300080220
S32D0001B15403001501030004021C000402030015010300080203001501030004021C0004020300150103000802F8
S32D0001B17C03001501030004021C000402030015010300080203001501030004021C0004020300150103000802D0
S32D0001B1A403001501030004021C000402030015010300080203001501030004021C0004020300150103000802A8
S32D0001B1CC03001501030004021C000402030015010300080203001501030004021C000402030015010300080280
S32D0001B1F403001501030004021C000402030015010300080203001501030004021C000402030015010300080258
S32D0001B21C03001501030004021C000402030015010300080203001501030004021C00040203001501030008022F
S32D0001B24403001501030004021C000402030015010300080203001501030004021C000402030015010300080207
S32D0001B26C03001501030004021C000402030015010300080203001501030004021C0004020300150103000802DF
S32D0001B29403001501030004021C000402030015010300080203001501030004021C0004020300150103000802B7
S32D0001B2BC03001501030004021C000402030015010300080203001501030004021C00040203001501030008028F
S32D0001B2E403001501030004021C000402030015010300080203001501030004021C000402030015010300080267
S32D0001B30C03001501030004021C000402030015010300080203001501030004021C00040203001501030008023E
S32D0001B33403001501030004021C000402030015010300080203001501030004021C000402030015010300080216
S32D0001B35C03001501030004021C000402030015010300080203001501030004021C0004020300150103000802EE
S32D0001B38403001501030004021C000402030015010300080203001501030004021C0004020300150103000802C6
S32D0001B3AC03001501030004021C000402030015010300080203001501030004021C00040203001501030008029E
S32D0001B3D403001501030004021C000402030015010300080203001501030004021C000402030015010300080276
S32D0001B3FC03001501030004021C000402030015010300080203001501030004021C00040203001501030008024E
S32D0001B42403001501030004021C000402030015010300080203001501030005021B000402030015010300080225
S32D0001B44C03001501030006021900050203001501030008020300150104000602170005020400150103000802FD
S32D0001B47403001601040006021500050204001601030008020300170104001E02040017010300080203001801BB
S32D0001B49C04001C0204001801030008020300190104001A02040019010300080203001A010400180204001A0172
S32D0001B4C40300080203001B011E001B010300080203001C011C001C010300080203001D011A001D01030008021A
S32D0001B4EC0300540103000802030054010300080204005201040009020400500104000B0204004E01040006023C
S32D0001B5140100060204004C01040006020300060204004A010400060205000602040048010400060207000602C7
S32D0001B53C04004601040006020900060204004401040006020B00060204004201040006020D0006020400400163
S32D0001B564040006020F00060204003E01040006021100060204003C01040006021300060204003A01040006027A
S32D0001B58C1500060204003801040006021700060204003601040006021900060204003401040006021B0006023B
S32D0001B5B404003201040006021D00060204003001040006021F00060204002E01040006022100060234000602F4
S32D0001B5DC2300060232000602250006023000060227003A02290038022B0036022D0034021700FFFF430002018F
S32D0001B604930003019200040191000501900006012B000102630006012A000302620006012900050261000601F3
S32D0001B62C2800070226000501230006010C000601130006010800010205000902050001021600020105000A01EF
S32D0001B654090002010500080106000B010700100109000A0106000202050007020500020207000B010400030133
S32D0001B67C02000D010800030102000A0104000E010600100107000E0104000302050005020500030205000E0103
S32D0001B6A40300130107000F010300100105001001060010010300040204000502040004020400100102001401BE
S32D0001B6CC06000F01020012010400100105001201020005020300050203000502030012010100150105000F0198
S32D0001B6F402001301030010010500120102000602020005020200060203001201010009010500070105000F0185
S32D0001B71C010008010500070103001001040008010300070103000602020005020200060202001301010007017E
S32D0001B74408000701040007010900060108000701040006010C0006010500060104000502030005020300050251
S32D0001B76C020006010E0007010900060104000601090006010A000601040006010B00060105000601050005021E
S32D0001B7940300050203000502020006010E0006010B00050104000601090006010A000601040006010B000601FA
S32D0001B7BC0400070105000502030005020300050202000E01060006010B00060103000601090006010B000501D7
S32D0001B7E4040006010B0006010300070106000502030005020300050203001001030006010B00060103000601B3
S32D0001B80C090006010B000501040006010B00060103000601070005020300050203000502030011010200060185
S32D0001B8340B00060103000601090006010B000501040006010B000601020006010800050203000502030005025F
S32D0001B85C04001101010006010B00060103000601090006010B000501040006010B00060101000601090005022D
S32D0001B8840300050203000502050017010A00060104000601090006010A000601040006010B000C010A000502F3
S32D0001B8AC03000502030005020700160109000601040006010900070109000601050006010B000B0104000101D6
S32D0001B8D405000502030005020300050210000E0107000701040006010A00070107000601060007010A000A01A9
S32D0001B8FC0400030104000602020005020200060211000F0103000801050006010A0008010400080106000D0189
S32D0001B924040009010300060104000602010005020100060204002801050006010B00120108000C01050012013B
S32D0001B94C0300130204002701060006010C00110109000B010600110104001102050012010100130107000601DE
S32D0001B9740D000F010B000A0107000F0106000F020600120101001201080006010E000C010E00090108000C01BF
S32D0001B99C09000D020700110102000601020008010A00060110000901110007010A0009010B000B0208000F01AF
S32D0001B9C4040006018F0006018F0006018F0006018F0006018F0006018F0006018F0006018F00FFFF00000000A2
S32D0001B9EC0000005F00000007000700147F147F14242A7F2A12231308646236495522500005030000001C2241AB
S32D0001BA14000041221C00082A1C2A0808083E080800503000000808080808006060000020100804023E514945E3
S32D0001BA3C3E00427F400042615149462141454B311814127F1027454545393C4A4949300171090503364949491E
S32D0001BA6436064949291E00363600000056360000000814224114141414144122140800020151090632497941AC
S32D0001BA8C3E7E1111117E7F494949363E414141227F4141221C7F494949417F090901013E414151327F08080824
S32D0001BAB47F00417F41002040413F017F081422417F404040407F0204027F7F0408107F3E4141413E7F0909098C
S32D0001BADC063E4151215E7F09192946464949493101017F01013F4040403F1F2040201F7F2018207F631408141C
S32D0001BB04630304780403615149454300007F4141020408102041417F0000040201020440404040400001020412
S32D0001BB2C0020545454787F484444383844444420384444487F3854545418087E090102081454543C7F080404B7
S32D0001BB547800447D40002040443D00007F10284400417F40007C041804787C0804047838444444387C14141461
S32D0001BB7C08081414187C7C080404084854545420043F4440203C4040207C1C2040201C3C4030403C4428102813
S32D0001BBA4440C5050503C4464544C44000836410000007F0000004136080008082A1C08081C2A0808200D0020E4
S32D0001BBCC000000000C10002074100020DC1000200000000000000000000000000000000000000000000000005E
S32D0001BBF40000000000000000000000000000000000000000000000000000000000000000000000000000000022
S32D0001BC1C00000000000000000000000000000000000000000000000000000000000000000000000000000000F9
S32D0001BC4400000000000000000000000000000000000000000000000000000000000000000000000000000000D1
S32D0001BC6C000000000000000001000000000000000E33CDAB34126DE6ECDE05000B00000000000000000000007C
S32D0001BC940000000000000000000000000000000000000000000000000000000000000000000000000000000081
S32D0001BCBC0000000000000000000000000000000000000000000000000000000000000000000000000000000059
S32D0001BCE40000000000000000000000000000000000000000000000000000000000000000000000000000000031
S32D0001BD0C0000000000000000000000000000000000000000000000000000000000000000000000000000000008
S32D0001BD3400000000000000000000000000000000000000000000000000000000000000000000000000000000E0
S32D0001BD5C00000000000000000000000000000000000000000000000000000000000000000000000000000000B8
S32D0001BD840000000000000000000000000000000000000000000000000000000000000000000000000000000090
S32D0001BDAC0000000000000000000000000000000000000000000000000000000000000000000000000000000068
S32D0001BDD40000000000000000000000000000000000000000000000000000000000000000000000000000000040
S32D0001BDFC0000000000000000000000000000000000000000000000000000000000000000000000000000000018
S32D0001BE2400000000000000000000000000000000000000000000000000000000000000000000000000000000EF
S32D0001BE4C00000000000000000000000000000000000000000000000000000000000000000000000000000000C7
S32D0001BE74000000000000000000000000000000000000000000000000000000000000000000000000000000009F
S32D0001BE9C0000000000000000000000000000000000000000000000000000000000000000000000000000000077
S32D0001BEC4000000000000000000000000000000000000000000000000000000000000000000000000000000004F
S32D0001BEEC0000000000000000000000000000000000000000000000000000000000000000000000000000000027
S32D0001BF1400000000000000000000000000000000000000000000000000000000000000000000000000000000FE
S32D0001BF3C00000000000000000000000000000000000000000000000000000000000000000000000000000000D6
S32D0001BF6400000000000000000000000000000000000000000000000000000000000000000000000000000000AE
S32D0001BF8C0000000000000000000000000000000000000000000000000000000000000000000000000000000086
S32D0001BFB4000000000000000000000000000000000000000000000000000000000000000000000000000000005E
S32D0001BFDC0000000000000000000000000000000000000000000000000000000000000000481100204811002044
S32D0001C0045011002050110020581100205811002060110020601100206811002068110020701100207011002063
S32D0001C02C78110020781100208011002080110020881100208811002090110020901100209811002098110020AB
S32D0001C054A0110020A0110020A8110020A8110020B0110020B0110020B8110020B8110020C0110020C0110020F3
S32D0001C07CC8110020C8110020D0110020D0110020D8110020D8110020E0110020E0110020E8110020E81100203B
S32D0001C0A4F0110020F0110020F8110020F81100200012002000120020081200200812002010120020101200207D
S32D0001C0CC18120020181200202012002020120020281200202812002030120020301200203812002038120020C1
S32D0001C0F44012002040120020481200204812002050120020501200205812002058120020601200206012002009
S32D0001C11C6812002068120020701200207012002078120020781200208012002080120020881200208812002050
S32D0001C14490120020901200209812002098120020A0120020A0120020A8120020A8120020B0120020B012002098
S32D0001C16CB8120020B8120020C0120020C0120020C8120020C8120020D0120020D0120020D8120020D8120020E0
S32D0001C194E0120020E0120020E8120020E8120020F0120020F0120020F8120020F8120020001300200013002026
S32D0001C1BC0813002008130020101300201013002018130020181300202013002020130020281300202813002066
S32D0001C1E430130020301300203813002038130020401300204013002048130020481300205013002050130020AE
S32D0001C20C58130020581300206013002060130020681300206813002070130020701300207813002078130020F5
S32D0001C2348013002080130020881300208813002090130020901300209813002098130020A0130020A01300203D
S32D0001C25CA8130020A8130020B0130020B0130020B8130020B8130020C0130020C0130020C8130020C813002085
S32D0001C284D0130020D0130020D8130020D8130020E0130020E0130020E8130020E8130020F0130020F0130020CD
S32D0001C2ACF8130020F813002000140020001400200814002008140020101400201014002018140020181400200D
S32D0001C2D42014002020140020281400202814002030140020301400203814002038140020401400204014002053
S32D0001C2FC481400204814002050140020501400205814002058140020601400206014002068140020681400209B
S32D0001C32470140020701400207814002078140020801400208014002088140020881400209014002090140020E2
S32D0001C34C9814002098140020A0140020A0140020A8140020A8140020B0140020B0140020B8140020B81400202A
S32D0001C374C0140020C0140020C8140020C8140020D0140020D0140020D8140020D8140020E0140020E014002072
S32D0001C39CE8140020E8140020F0140020F0140020F8140020F814002000150020001500200815002008150020B6
S32D0001C3C410150020101500201815002018150020201500202015002028150020281500203015002030150020F8
S32D0001C3EC38150020381500204015002040150020FFFFFFFF00000200001B0020430000000000000000000000E2
S32D0001C41400000000000000000000000000000000000000004300000000000000000000000000000000000000B6
S32D0001C43C000000000000000000000000430000000000000000000000000000000000000000000000000000008E
S32D0001C4640000000043000000000000000000000000000000000000000000000000000000000000004300000023
S32D0001C48C000000000000000000000000000000000000000000000000000000004300000000000000000000003E
S32D0001C4B40000000000000000000000000000000000000000430000000000000000000000000000000000000016
S32D0001C4DC000000000000000000000000C99E0100D98F0100000000002CAD01003CAE0100F8AC0100F8AC010051
S32D0001C504F8AC0100F8AC0100F8AC0100F8AC0100F8AC0100F8AC0100F8AC0100FFFFFFFFFFFFFFFFFFFFFFFF91
S32D0001C52CFFFF0000010041534349490000000000000000000000000000000000000000000000000000004153E4
S3250001C5544349490000000000000000000000000000000000000000000000000000000000EB
S7050000C25DDB
