S01100002E2E2F50726F746575732E73313966
S32D0000C000000000205DC2000011C3000017C300001DC3000023C3000029C3000000000000000000000000000073
S32D0000C028000000002FC3000035C30000000000003BC3000041C30000D9D90000E5D90000F1D90000FDD90000EE
S32D0000C05009DA000015DA000021DA00002DDA000039DA000045DA000051DA00005DDA000069DA000075DA0000C8
S32D0000C07881DA00008DDA000099DA0000A5DA0000B1DA0000BDDA0000C9DA0000D5DA0000E1DA0000EDDA0000F0
S32D0000C0A0F9DA000005DB000011DB00001DDB000029DB000035DB000041DB00004DDB000059DB000065DB00000F
S32D0000C0C871DB00007DDB000089DB000095DB0000A1DB0000ADDB0000B9DB0000C5DB0000D1DB0000DDDB000036
S32D0000C0F0E9DB00005D2D0100F5DB000001DC00000DDC000019DC000025DC000031DC00003DDC000049DC0000FC
S32D0000C11855DC000061DC00006DDC000079DC000085DC000091DC00009DDC0000A9DC0000B5DC0000C1DC0000F3
S32D0000C140CDDC0000D9DC0000E5DC0000F1DC0000C9050100FDDC000009DD000015DD000021DD00002DDD00005D
S32D0000C16839DD000045DD000051DD00005DDD000069DD000075DD000081DD00008DDD000099DD0000A5DD0000B1
S32D0000C190B1DD0000BDDD0000C9DD0000C101010089000100250101005DD7000061020100D5DD0000E1DD000037
S32D0000C1B8EDDD0000DCBE010000000020C8160000DCBE01000000FF1F00000000C8160020740400000000FF1FA9
S32D0000C1E00000000080B489B000AFF860B9607A60BB68FB61FB68BB6100237B617A697B689A420BD2BA69131DFB
S32D0000C208BB61FB69191DF96112681A607B6904337B61EFE700BF2437BD4680BC704780B485B000AF786039609E
S32D0000C2307B68FB600023BB60BA683B689A4208D2FB681A1DFA6000221A60BB680433BB60F2E700BF1437BD46FE
S32D0000C25880BC704780B586B000AF72B6234B4CF220521A80214B4DF628121A80204B4FF4E9721A801F4B7B615F
S32D0000C2807B691F4A934214D27B691A1D7A611B683B617B691A1D7A611B68FB607B691A1D7A611B68BB60BA68E9
S32D0000C2A8F9683869FFF79AFFE6E77B69134A93420ED27B691A1D7A611B68FB607B691A1D7A611B68BB60B9688B
S32D0000C2D0F868FFF7A8FFECE70B4B7B600B4A7B681A6008F0E9FE62B601F000FB00F0E4F8FEE700BF0E200540C7
S32D0000C2F800200540BCC10000D4C10000E4C1000008ED00E000C0000080B400AFFEE780B400AFFEE780B400AFF4
S32D0000C320FEE780B400AFFEE780B400AFFEE780B400AFFEE780B400AFFEE780B400AFFEE780B400AFFEE780B426
S32D0000C34800AFFEE7FFFFFFFFFFFFFFFFFFFFFFFFFFFFFFFFFFFFFFFFFFFFFFFFFFFFFFFFFFFFFFFFFFFFFFFF57
S32D0000C370FFFFFFFFFFFFFFFFFFFFFFFFFFFFFFFFFFFFFFFFFFFFFFFFFFFFFFFFFFFFFFFFFFFFFFFFFFFFFFFFC7
S32D0000C398FFFFFFFFFFFFFFFFFFFFFFFFFFFFFFFFFFFFFFFFFFFFFFFFFFFFFFFFFFFFFFFFFFFFFFFFFFFFFFFF9F
S32D0000C3C0FFFFFFFFFFFFFFFFFFFFFFFFFFFFFFFFFFFFFFFFFFFFFFFFFFFFFFFFFFFFFFFFFFFFFFFFFFFFFFFF77
S32D0000C3E8FFFFFFFFFFFFFFFFFFFFFFFFFFFFFFFFFFFFFFFFFFFFFFFFFFFFFFFFFFFFFFFFFFFFFFFFFEFFFFFF50
S32D0000C44010B5054C237833B9044B13B10448AFF300800123237010BDC81600200000000010C4000008B5034B4F
S32D0000C4681BB103490348AFF3008008BD00000000CC16002010C4000080B483B000AFC7E900013A68796821F02B
S32D0000C4900043104619460C37BD4680BC704780B483B000AF78607B6823F0004318460C37BD4680BC704700008F
S32D0000C4B8B0B586B000AF4149414807F0EFF8414B3C461D460FCD0FC495E8030084E803004FF47F013C4804F0D1
S32D0000C4E0E3FD3B4804F0C1FD0021394804F0DCFD384806F0D9FA03461946354805F031F8354803F02DFF02463A
S32D0000C5087B6801210C461946104608F0FFFB0346002B01D100231C46E3B2002B0DD02C4803F01AFF0346194677
S32D0000C530274804F08BFF4FF00000284903F0BEFBDEE72749224804F0AFFD214804F08DFD4FF00002234B244853
S32D0000C55800F042FA00F086F800F072FC00F0A0F800F0E4FD00F00AFA00F0CCFB00F034FC022000F06DF900F031
S32D0000C58047F9012000F098FC00F0E4F84FF0FF3000F0E8FD4FF00000144903F08FFB012000F0E0FD00F024F886
S32D0000C5A84FF40041084804F07BFD074804F059FD002318461837BD46B0BD00BFD4B301005C1A0020E0B30100DB
S32D0000C5D0F4190020401A0020E41600200000D03F00A5FF0000001840000070C20000F83F80B500AF01221449A4
S32D0000C5F8144800F065FF4FF0FF321149114800F05FFF4FF00002104B0E4800F0E5F94FF000020E4B0E4800F054
S32D0000C620DFF901220D49094800F0E6FC4FF000020B4B094800F0D4F94FF00002094B0A4800F0CEF900BF80BD39
S32D0000C648000020410000F0410000284000003E400000F0C100003442000024400000F03F000070C280B500AF7C
S32D0000C6704FF00002084B094800F0B2F94FF0FF320749064800F0B8FC02220649034800F07FFA00BF80BD00BF88
S32D0000C698000038400000F041000034420000C04080B500AF4FF0FF321E491F4800F008FF01221C491C4800F060
S32D0000C6C003FF4FF000021B4B194800F089F94FF00002194B194800F083F901221349174800F08AFC4FF00002C9
S32D0000C6E8154B164800F078F94FF0FF320D49114800F07EFC4FF00002114B0B4800F06CF94FF000020F4B0B4849
S32D0000C71000F066F901220549084800F06DFC02220B49064800F034FA00BF80BD0000B4420000F0C100003E408D
S32D0000C738000008400000F041000042400000164200001840000024400000904180B500AF01222649264800F01F
S32D0000C760B3FE4FF0FF322349234800F0ADFE4FF00002224B204800F033F94FF000024FF080431F4800F02CF927
S32D0000C7884FF0FF3219491C4800F032FC4FF000021A4B194800F020F901221449164800F027FC4FF00002164B8C
S32D0000C7B0134800F015F901220E49114800F01CFC4FF00002104B0C4800F00AF94FF000020E4B0B4800F004F96A
S32D0000C7D84FF0FF320549084800F00AFC4FF00002074B054800F0F8F800BF80BD0000B4420000F0C1000032405A
S32D0000C8000000F04100003840000028400000204080B500AF4FF000020B4B0C4800F0E0F84FF0FF320A490A48ED
S32D0000C82800F0E6FB4FF00002084B074800F0D4F801220549044800F043FE00BF80BD00BF000038400000F0C1A0
S32D0000C8500000F0410000284080B584B000AF0346FB710023FB60FB79022B73D1FB68092B70DC00F01FF90346BD
S32D0000C878184600F0F1F90346FB71FB79022B58D0022B61DC002B02D0012B35D05CE001223049314800F0ACFB5C
S32D0000C8A04FF000022F4B2E4800F09AF84FF0FF322A492B4800F0A0FB02222B49284800F067F94FF00002274BCB
S32D0000C8C8284800F089F84FF000024FF08043264800F082F801221F491F4800F089FB4FF00002224B204800F0DA
S32D0000C8F077F84FF0FF321949194800F07DFB28E04FF0FF321549164800F076FB4FF00002144B134800F064F834
S32D0000C91801221049104800F06BFB022210490E4800F032F94FF000020C4B0E4800F054F80BE00F490F4804F021
S32D0000C940FDFD4FF000020E4B094800F049F800E000BF88E700BF1037BD4680BD0000B4420000F0410000F03F09
S32D0000C9680000C040000070420000F0C100000840F8B30100F41900200000204080B500AF4FF000020E4B0F48E8
S32D0000C99000F026F84FF0FF320D490D4800F02CFB4FF000020B4B0A4800F01AF801220A49074800F021FB4FF03E
S32D0000C9B80002084B034800F00FF800BF80BD00BF000008400000F0C10000F041000010400000344300001840B6
S32D0000C9E090B58BB000AFF860C7E900232CA3D3E90023D7E9000107F07BFB02460B461046194602460B4607F015
S32D0000CA08BDF902460B461046194607F01DFE0346BB61234803F07EFC224803F07BFCF86800F018FA78617869BD
S32D0000CA3000F0A2FC00237B621B4803F05DFC04461A4803F059FC034623443B620023FB613A6ABB699A421ADA43
S32D0000CA58FB69154A934216DC3A6A7B6A9A4203D1FB690133FB6101E00023FB613B6A7B620B4803F03DFC04464E
S32D0000CA800A4803F039FC034623443B62E0E700F05BFC00BF2C37BD4690BD00BFAFF3008075524D20983E4440D2
S32D0000CAA804170020081700209F86010080B500AF02224FF08241044800F066F8034803F04BFC0346184680BDB3
S32D0000CAD00000F041E416002080B584B000AF78600B46FB70FB78184600F072FB0346FB73FB7B042B44D801A2F8
S32D0000CAF852F823F011CB00003FCB00006DCB000057CB000029CB00004FF08041786807F0F5FF03464FF0FF31FC
S32D0000CB20184600F063FD2CE04FF08041786807F0E9FF03460121184600F058FD21E04FF08041786807F0DEFFAB
S32D0000CB4803464FF0FF31184600F076FD15E04FF08041786807F0D2FF03460121184600F06BFD0AE04FF080419E
S32D0000CB70786807F0C7FF0346184600F0FDFB00E000BFFB7B18461037BD4680BD0000000090B58BB000AFF860EA
S32D0000CB98B9601346FB71B86807F04EFA2AA3D3E9002307F0A1FA02460B461046194607F04BFD03467B612648D4
S32D0000CBC003F0ACFB254803F0A9FBFB7987F82730214803F091FB0446204803F08DFB034623443B620023FB617E
S32D0000CBE80023BB613A6A7B699A4222DABB69C72B1FDC3A6AFB699A4203D1BB690133BB6101E00023BB613B6A7E
S32D0000CC10FB61114803F070FB0446104803F06CFB034623443B6297F827301946F868FFF753FF034687F827308E
S32D0000CC38D8E700F085FB97F8273018462C37BD4690BD00BFAFF3008075524D20983E54400417002008170020AF
S32D0000CC60B0B588B000AF7860194B07F108041D460FCD0FC495E8030084E803003B691946786808F029F80346D4
S32D0000CC88002B09D07B691946786808F03FF80346002B01D0012312E0BB691946786808F017F80346002B09D016
S32D0000CCB0FB691946786808F02DF80346002B01D0002300E0022318462037BD46B0BD00BFE0B3010080B500AFCD
S32D0000CCD84FF00002024B0348FFF77EFE00BF80BD000020400000F0C180B500AF4FF00002024B0348FFF770FEB5
S32D0000CD0000BF80BD00002040000016C280B582B000AF00237B60FFF7EBFF2B4806F0EEFE0346002B04D17B685C
S32D0000CD28042B01DC012300E00023002B10D07B6801337B604FF00002224B2348FFF74CFE01222249204800F06E
S32D0000CD5053F9FFF7CDFFE0E700237B6001221E491B4800F049F94FF000021C4B1848FFF737FE4FF0FF321849BF
S32D0000CD78154800F03DF9FFF7A9FF114806F0BAFE0346012B04D17B68042B01DC012300E00023002B10D07B6817
S32D0000CDA001337B604FF00002084B0948FFF718FE01220849064800F01FF9FFF78BFFE0E700BF0837BD4680BD16
S32D0000CDC85C1A0020000018400000F041000020410000B4420000F83F80B500AF4FF00002104B1148FFF7F8FDCC
S32D0000CDF0012210490E4800F0FFF84FF000020E4B0B48FFF7EDFD01220C49094800F0F4F84FF000020A4B0B4801
S32D0000CE18FFF7E2FD4FF00002054B0348FFF7DCFD00BF80BD000008400000F04100003442000028400000B44223
S32D0000CE40000032400000F0C180B500AF024800F0A7FA00BF80BD00BF00003443B0B582B000AF7860124805F043
S32D0000CE681FFE0346184607F0E7F802460B464FF000000E4907F062FA02460B4614461D46786807F0D9F802463A
S32D0000CE900B462046294607F02BF902460B461046194607F01DFC034618460837BD46B0BD401A0020000027409E
S32D0000CEB890B58BB000AF0346FB71454BBB61B86907F0BAF840A3D3E9002307F00DF902460B461046194602469D
S32D0000CEE00B4606F04FFF02460B461046194607F0AFFB03467B61394803F010FA384803F00DFA97F9073018465E
S32D0000CF0807F088F84FF00002344B07F0EDF802460B461046194607F0DFFB03461846FFF799FF38612E4BFB6027
S32D0000CF3039692E4800F0E0FFF968386907F02EFD034619462A4800F0D7FF244803F0D4F90446234803F0D0F94B
S32D0000CF58034623447B6200233B620023FB611D4803F0C6F904461C4803F0C2F9034623447A699A4205DDFB69B7
S32D0000CF801C4A934201DC012300E00023002B16D07A6A3B6A9A4203D1FB690133FB6101E00023FB617B6A3B6224
S32D0000CFA80C4803F0A5F904460B4803F0A1F9034623447B62D3E700F0C3F900BF2C37BD4690BD00BFAFF3008006
S32D0000CFD075524D20983E44400000A040041700200817002000004940CDCC8C3FF4160020FC1600209F860100DC
S32D0000CFF890B58DB000AFF860B9601346FB71444B3B624449B86807F079FD0346FB61F969386A07F0BFFC0346BA
S32D0000D020184607F00DF83AA3D3E9002307F060F802460B461046194602460B4606F0A2FE02460B4610461946B2
S32D0000D04807F002FB0346BB61334803F063F9334803F060F997F90730184607F047FC0346F968184607F096FCE0
S32D0000D07003461846FFF7F2FE78617B6983F000431946294800F038FF7969284800F034FF234803F031F9044654
S32D0000D098224803F02DF903462344FB620023BB6200237B621C4803F023F904461B4803F01FF903462344BA699C
S32D0000D0C09A4205DD7B6A1A4A934201DC012300E00023002B16D0FA6ABB6A9A4203D17B6A01337B6201E000231E
S32D0000D0E87B62FB6ABB620C4803F002F904460B4803F0FEF803462344FB62D3E700F020F900BF3437BD4690BDA9
S32D0000D11075524D20983E44405E36B6410000B4430417002008170020F4160020FC1600209F86010080B500AF01
S32D0000D138064800F031F94FF00002054B0548FFF74BFC054800F028F900BF80BD0000B4C2000008400000F0C17D
S32D0000D1600000B44280B582B000AF0346FB711448FFF774FE03461946124800F0BDFE97F90730184606F04AFF0B
S32D0000D1884FF000020E4B06F0AFFF02460B46104619464FF000024FF0804307F0CFF802460B464FF000000749C4
S32D0000D1B000F036F900F0C8F800BF0837BD4680BD00002041F4160020008076400000494080B586B000AF034697
S32D0000D1D8FB71514803F0C0F87861504803F0BCF838614F4803F0B8F8F860786906F024FF45A3D3E9002307F07E
S32D0000D20007FA0346002B18D0F86806F019FF42A3D3E9002307F0DEF90346002B0DD04349434804F08BF93E483D
S32D0000D22803F09AF8034619463F4804F096F9012366E0F86806F000FF35A3D3E9002307F0E3F90346002B18D0FC
S32D0000D250786906F0F5FE2EA3D3E9002307F0BAF90346002B0DD03349314804F067F92E4803F076F80346194673
S32D0000D2782D4804F072F9032342E0786906F0DCFE21A3D3E9002307F0A1F90346002B13D0F86806F0D1FE1EA34A
S32D0000D2A0D3E9002307F096F90346002B08D0FB79012B05D120491E4804F040F9002323E0F86806F0BDFE14A34F
S32D0000D2C8D3E9002307F082F90346002B13D0786906F0B2FE0CA3D3E9002307F077F90346002B08D0FB79032B26
S32D0000D2F005D112490E4804F021F9042304E010490B4804F01BF9022318461837BD4680BD85EB51B81E85074047
S32D0000D3187B14AE47E17A0640E8160020EC160020F0160020FCB30100F419002004B4010010B401001CB4010030
S32D0000D34028B401000000000080B500AF084800F091FD084800F08EFD03A1D1E9000102F0ADFC00BF80BD00BFB0
S32D0000D3689A9999999999C93FF4160020FC16002080B582B000AF78607968054800F0B8FD7968044800F0B4FD0D
S32D0000D39000BF0837BD4680BDF4160020FC16002080B586B000AF78601A4B7B617868FFF776F8034619467868D6
S32D0000D3B807F0A4FB03467969184607F0EBFA03461846FFF747FD38611149786807F096FB0346FB6002F094FCEA
S32D0000D3E002460B461046194607F07AF90346BB6039690A4800F080FDF868FFF750F80346184602F03BFC0548E7
S32D0000D40800F034FD00BF1837BD4680BD00002041000028420C17002080B588B000AFC7E90201C7E90023D7E917
S32D0000D4300001FFF725F802460B46D7E9000106F081FF02460B4610461946D7E9022306F04FFE02460B46104685
S32D0000D458194607F041F903461846FFF7FBFCF8614FF00002144BD7E9000106F067FF02460B461046194607F027
S32D0000D4802FF90346BB6102F03FFC02460B461046194607F025F903467B61F969094800F02BFDB869FEF7FBFF61
S32D0000D4A80346184602F0E6FB044800F0DFFC00BF2037BD4680BD00BF000045400C17002090B58DB000AFF8605F
S32D0000D4D0B9601346FB713E4B3B623E49B86807F011FB0346FB61F969386A07F057FA0346184606F0A5FD34A379
S32D0000D4F8D3E9002306F0F8FD02460B461046194607F0A2F80346BB61314802F003FF314802F000FFF868FFF7CB
S32D0000D5209DFC786197F90730B3F1FF3F02D0012B05D009E079692A4800F0DEFC04E07969284800F0D9FC00BF2E
S32D0000D548234802F0D5FE0446224802F0D1FE03462344FB620023BB6200237B621C4802F0C7FE04461B4802F009
S32D0000D570C3FE03462344BA699A4205DD7B6A1A4A934201DC012300E00023002B16D0FA6ABB6A9A4203D17B6AEA
S32D0000D59801337B6201E000237B62FB6ABB620C4802F0A6FE04460B4802F0A2FE03462344FB62D3E7FFF7C4FE59
S32D0000D5C000BF3437BD4690BD75524D20983E44405E3636420000B4430417002008170020F4160020FC1600205C
S32D0000D5E89F86010080B584B000AF78600B46FB707868FFF72FFCF86097F90330B3F1FF3F02D0012B08D00FE080
S32D0000D610094800F02FFCF968084800F06DFC07E0064800F027FCF968034800F065FC00BF00BF1037BD4680BD2C
S32D0000D638FC160020F416002080B584B000AF78600B46FB707868FFF705FCF86097F90330B3F1FF3F02D0012BEA
S32D0000D6600FD01DE04FF08041F86807F04BFA034619460D4800F040FCF9680C4800F03CFC0EE04FF08041F868D0
S32D0000D68807F03CFA03461946064800F031FCF968034800F02DFC00BF00BF1037BD4680BDFC160020F41600200E
S32D0000D6B080B582B000AF786039607B68012B2BD13B684FF6FF72934226D10821144802F037FE0021134802F07B
S32D0000D6D833FE0121124802F02FFE0221114802F02BFE114A0021114800F082FB0E4A01210F4800F07DFB052120
S32D0000D7000E4802F04BFB19210D4802F047FB0D4A02210D4800F070FB00BF0837BD4680BDE4160020E81600200A
S32D0000D728EC160020F016002000001041F4160020FC16002004170020081700206666E6400C17002080B500AF4B
S32D0000D7504FF6FF710120FFF7ABFF80BD80B500AF0F4BD3F8A03003F48053002B14BF01230023DBB2002B10D078
S32D0000D778094BD3F8A030084A23F48053C2F8A030064806F06FFA064B1B68054A23F40053136000BF80BD00BF66
S32D0000D7A000C004406C1A0020C0F00F4080B400AF124B4FF480725A63114B5B69104A43F4005353610E4B1B68EC
S32D0000D7C80D4A43F4005313600A4B0C4A1A630C4BD3F888310A4A43F08063C2F88831084B9B68074A43F0806342
S32D0000D7F0936000BFBD4680BC704700BF00C00440C0F00F4003010A0000E100E080B400AF334B00225A70324B08
S32D0000D81898221A70304B9B79DBB203F01003002B14BF01230023DBB2002B00D0F2E72A4B9B79DBB29B08DBB290
S32D0000D84003F00303022B14BF01230023DBB2002B00D0F0E7224B18221A71214B00225A71204B03F580531A46FA
S32D0000D8681F4B53641C4B54225A711B4B9B79DBB203F02003002B0CBF01230023DBB2002B00D0F2E7144B9B799B
S32D0000D890DBB203F04003002B0CBF01230023DBB2002B00D0F2E70E4B1B78DBB20C4A03F03F03DBB213700A4BA0
S32D0000D8B89B79DBB29B08DBB203F00303032B14BF01230023DBB2002B00D0F0E700231846BD4680BC704700BF9B
S32D0000D8E000400640007004400000130180B500AF314B03F580539B6B2F4A43F4785302F580529363FFF752FF1A
S32D0000D908FFF780FF2B4B58221A602A4B1B684FF47A7202FB03F3284A1360274B1B681A46234B03F580535B6CBE
S32D0000D9301B0E03F00F030133B2FBF3F31A46214B1A601D4B03F58053DB6B1B4A43F0225302F58052D363184BA6
S32D0000D95803F580531B6B164A43F0006302F580521363174B4FF480721A61642002F058F8134B5B69124A23F0B2
S32D0000D98010035361104B00221A600F4B10225A610E4803F0F7F902F0CBFD02F029FE0C4802F0A4F80B4806F03D
S32D0000D9A8B5F94FF4FA6002F04FF900BF80BD00BF00700440401900203C1900204419002000D00340F4190020B2
S32D0000D9D038190020DC1A002080B500AFFEF7B3FC00BF80BD80B500AFFEF7ADFC00BF80BD80B500AFFEF7A7FC24
S32D0000D9F800BF80BD80B500AFFEF7A1FC00BF80BD80B500AFFEF79BFC00BF80BD80B500AFFEF795FC00BF80BDC1
S32D0000DA2080B500AFFEF78FFC00BF80BD80B500AFFEF789FC00BF80BD80B500AFFEF783FC00BF80BD80B500AFE6
S32D0000DA48FEF77DFC00BF80BD80B500AFFEF777FC00BF80BD80B500AFFEF771FC00BF80BD80B500AFFEF76BFC7C
S32D0000DA7000BF80BD80B500AFFEF765FC00BF80BD80B500AFFEF75FFC00BF80BD80B500AFFEF759FC00BF80BDFC
S32D0000DA9880B500AFFEF753FC00BF80BD80B500AFFEF74DFC00BF80BD80B500AFFEF747FC00BF80BD80B500AF22
S32D0000DAC0FEF741FC00BF80BD80B500AFFEF73BFC00BF80BD80B500AFFEF735FC00BF80BD80B500AFFEF72FFCF4
S32D0000DAE800BF80BD80B500AFFEF729FC00BF80BD80B500AFFEF723FC00BF80BD80B500AFFEF71DFC00BF80BD38
S32D0000DB1080B500AFFEF717FC00BF80BD80B500AFFEF711FC00BF80BD80B500AFFEF70BFC00BF80BD80B500AF5D
S32D0000DB38FEF705FC00BF80BD80B500AFFEF7FFFB00BF80BD80B500AFFEF7F9FB00BF80BD80B500AFFEF7F3FB6E
S32D0000DB6000BF80BD80B500AFFEF7EDFB00BF80BD80B500AFFEF7E7FB00BF80BD80B500AFFEF7E1FB00BF80BD76
S32D0000DB8880B500AFFEF7DBFB00BF80BD80B500AFFEF7D5FB00BF80BD80B500AFFEF7CFFB00BF80BD80B500AF9C
S32D0000DBB0FEF7C9FB00BF80BD80B500AFFEF7C3FB00BF80BD80B500AFFEF7BDFB00BF80BD80B500AFFEF7B7FBE7
S32D0000DBD800BF80BD80B500AFFEF7B1FB00BF80BD80B500AFFEF7ABFB00BF80BD80B500AFFEF7A5FB00BF80BDB2
S32D0000DC0080B500AFFEF79FFB00BF80BD80B500AFFEF799FB00BF80BD80B500AFFEF793FB00BF80BD80B500AFD7
S32D0000DC28FEF78DFB00BF80BD80B500AFFEF787FB00BF80BD80B500AFFEF781FB00BF80BD80B500AFFEF77BFB5E
S32D0000DC5000BF80BD80B500AFFEF775FB00BF80BD80B500AFFEF76FFB00BF80BD80B500AFFEF769FB00BF80BDED
S32D0000DC7880B500AFFEF763FB00BF80BD80B500AFFEF75DFB00BF80BD80B500AFFEF757FB00BF80BD80B500AF13
S32D0000DCA0FEF751FB00BF80BD80B500AFFEF74BFB00BF80BD80B500AFFEF745FB00BF80BD80B500AFFEF73FFBD6
S32D0000DCC800BF80BD80B500AFFEF739FB00BF80BD80B500AFFEF733FB00BF80BD80B500AFFEF72DFB00BF80BD29
S32D0000DCF080B500AFFEF727FB00BF80BD80B500AFFEF721FB00BF80BD80B500AFFEF71BFB00BF80BD80B500AF4F
S32D0000DD18FEF715FB00BF80BD80B500AFFEF70FFB00BF80BD80B500AFFEF709FB00BF80BD80B500AFFEF703FB4D
S32D0000DD4000BF80BD80B500AFFEF7FDFA00BF80BD80B500AFFEF7F7FA00BF80BD80B500AFFEF7F1FA00BF80BD67
S32D0000DD6880B500AFFEF7EBFA00BF80BD80B500AFFEF7E5FA00BF80BD80B500AFFEF7DFFA00BF80BD80B500AF8D
S32D0000DD90FEF7D9FA00BF80BD80B500AFFEF7D3FA00BF80BD80B500AFFEF7CDFA00BF80BD80B500AFFEF7C7FAC9
S32D0000DDB800BF80BD80B500AFFEF7C1FA00BF80BD80B500AFFEF7BBFA00BF80BD80B500AFFEF7B5FA00BF80BDA3
S32D0000DDE080B500AFFEF7AFFA00BF80BD80B500AFFEF7A9FA00BF80BD80B584B000AFF8600B467A60FB72FB68B4
S32D0000DE08FA7A1A71FB6800225A711749786806F07DFF0346002B02D0134B7B600AE04FF07E51786806F05EFF41
S32D0000DE300346002B02D04FF07E537B60786806F0FFF809A3D3E9002306F052F902460B461046194606F044FC76
S32D0000DE580246FB681A60FB6818461037BD4680BDABAAAAAAAAAA20400000404180B582B000AF78607B685B79AC
S32D0000DE80002B09D07B6800225A717B6819791E230022034801F064FE00BF0837BD4680BD3819002080B584B012
S32D0000DEA800AF786039603B687F2B02DD7F23FB7308E03B6813F1800F02DA8023FB7301E03B68FB737B685B793C
S32D0000DED0FA7B9A4209D07B68FA7B5A717B681979FA7B1E23034801F03BFE00BF1037BD4680BD00BF38190020C1
S32D0000DEF8B0B584B000AF786039603749386806F0E7FE0346002B02D0334B3B6008E03349386806F0FBFE0346AD
S32D0000DF20002B01D02F4B3B60386806F089F804460D467B681B68184606F082F84FF00002294B06F0FFF90246EF
S32D0000DF480B462046294606F0CFF802460B461046194606F0C1FB03463B604FF00001386806F0CAFE0346002BD2
S32D0000DF7010D0386806F064F817A3D3E9002306F0B7F802460B461046194606F061FB0346FB6018E0386806F0A1
S32D0000DF9853F84FF00002134B06F0A6F802460B46104619464FF000020D4B06F0C7F902460B461046194606F0FC
S32D0000DFC047FB0346FB60F9687868FFF76BFF00BF1037BD46B0BD00BF52B81E85EB51F43F0000C8C20000C842C7
S32D0000DFE8000059400000604080B483B000AF03460A46FB711346BB71BB79002B03D1134B00221A7002E0114BB7
S32D0000E01001221A703823FB710E4B1A78FB791343FB710D4B9B78DBB20B4A43F01003DBB29370094B9B78DBB236
S32D0000E038074A43F02003DBB29370054AFB79137100BF0C37BD4680BC704700BF141700200060064080B483B02D
S32D0000E06000AF01237B607B68312B04DC00BF7B6801337B60F7E700BF0C37BD4680BC704780B582B000AF0346DF
S32D0000E0880A46FB711346BB71134B1B7800211846FFF7AAFF00F024F8104AFB79137100F01FF80E4ABB791371A5
S32D0000E0B000F01AF80B4B9B78DBB20A4A23F02003DBB29370074B9B78DBB2064A23F01003DBB29370FFF7C2FF81
S32D0000E0D800BF0837BD4680BD151700200060064080B483B000AF174B1B78002B24D100237B60154BDB78DBB281
S32D0000E10003F00203002B0CBF01230023DBB2002B0DD07B6842F21072934203DD0B4B01221A7004E07B680133DB
S32D0000E1287B6000BFE5E7084BDB78DBB2064A43F00203DBB2D37000E000BF0C37BD4680BC704700BF16170020F4
S32D0000E1500060064080B582B000AF0346FB71FB79184600F05FF800BF0837BD4680BD80B582B000AF03460A462A
S32D0000E178FB711346BB7100F035F8FB795B00DBB21846FFF7E3FFBB791846FFF7DFFF00F037F800BF0837BD4653
S32D0000E1A080BD80B500AFFF2000F03CF80346184680BD80B584B000AF0346FB7100F016F8FB795B005BB243F02F
S32D0000E1C801035BB2DBB21846FFF7C0FFFFF7E5FF0346FB7300F014F8FB7B18461037BD4680BD000080B400AFAD
S32D0000E1F0044B9B68034A43F48013936000BFBD4680BC704740F00F4080B400AF044B5B68034A43F480135360B2
S32D0000E21800BFBD4680BC704740F00F4080B485B000AF0346FB710023BB73164BDB6A03F00043012B0CBF01238F
S32D0000E2400023DBB2002B03D0FB7B0133FB73F0E70E4BDB6A0D4A43F00043D3620B4AFB7953630A4BDB6A03F463
S32D0000E2680033002B0CBF01230023DBB2002B00D0F3E7044B9B6BBB73BB7B18461437BD4680BC704700C00A4054
S32D0000E29080B582B000AF204B03F580531B6B1E4A43F4805302F5805213631C4B4FF480721A651B4B5B691A4A34
S32D0000E2B843F480135361FFF7A3FF164B4FF400725A65144B4FF400729A65124B4FF40072DA65124B124A1A60B6
S32D0000E2E0104B124ADA6000237B607B68092B06DCFF20FFF72FFF7B6801337B60F5E704A1D1E9000101F0DAFCF0
S32D0000E30800BF0837BD4680BD9A9999999999B93F0070044000A0044040F00F4000C00A40000C00800500003E2A
S32D0000E33090B486B000AFF860B9607A60FB68534A93420AD1524B03F580535B6B504A43F4806302F5805253633A
S32D0000E35845E0FB684D4A93420AD14B4B03F580535B6B494A43F4006302F58052536336E0FB68474A93420AD13B
S32D0000E380434B03F580535B6B414A43F4805302F58052536327E0FB68404A93420AD13C4B03F580535B6B3A4AFC
S32D0000E3A843F4005302F58052536318E0FB683A4A93420AD1344B03F580539B6A324A43F4806302F5805293620C
S32D0000E3D009E02F4B03F580539B6A2D4A43F4006302F580529362FB68DB78DBB223F00C03DAB2FB68DA70FB681C
S32D0000E3F800229A70BB684FF47A7203FB02F27B681B0192FBF3F39CB2FB681B78DBB223F01F03FB75230A9BB225
S32D0000E420DBB203F01F03DAB2FB7D1343DAB2FB681A70E2B2FB685A70BB684FF4FA4203FB02F27B681B0192FB78
S32D0000E448F3F39AB263019BB2D31A9CB2FB689B7ADBB223F01F03FB75E3B203F01F03DAB2FB7D1343DAB2FB68EB
S32D0000E4709A72FB68DB78DBB243F00C03DAB2FB68DA7000BF1837BD4690BC704700A006400070044000B0064010
S32D0000E49800C0064000D0064000A00E4080B483B000AF78607B681B79DBB203F02003002B0CBF01230023DBB27A
S32D0000E4C0002B00D0F2E77B68DB79DBB218460C37BD4680BC704780B483B000AF78600B46FB707B681B79DBB251
S32D0000E4E85BB2DB43DBB2DB09DBB2002B00D0F4E77B68FA78DA7100BF0C37BD4680BC704780B487B000AFF860FD
S32D0000E510B9607A60FB687B617B685A1E7A60002B14BF01230023DBB2002B06D07B695A1C7A61BA68D2B21A703E
S32D0000E538EEE700BF1C37BD4680BC704780B584B000AF786039607B681B6BFB60FA683B689A4252D07B681B7911
S32D0000E560002B35D07B6858787B6803F134010123FA6801F0F7F80346002B14BF01230023DBB2002B01D00123FD
S32D0000E5883CE07B6800221A717B685A6A7B681B6A1344FA689A4217D27B68DB78FB72FB7A012B11D97B681B6A96
S32D0000E5B0FA681344FB607B6858787B6803F134010123FA6801F0CEF8FB7A013BFB72EAE73B68002B15D07B68A8
S32D0000E5D858787B6803F1340101233A6800F0DAFF0346002B14BF01230023DBB2002B01D0012303E07B683A6807
S32D0000E6001A63002318461037BD4680BD80B584B000AF786000217868FFF794FF0346FB73FB7B002B40F0938052
S32D0000E6287B681B78032B7DD17B685B79002B79D07B6800221A637B6834334FF4007200211846FFF75DFF7B6872
S32D0000E650552283F832227B68AA2283F833227B68522283F834207B68522283F835207B68612283F836207B6870
S32D0000E678412283F837207B68722283F818227B68722283F819227B68412283F81A227B68612283F81B227B68E8
S32D0000E6A01B69DAB27B6883F81C227B681B699BB21B0A9BB2DAB27B6883F81D227B681B691B0CDAB27B6883F8D9
S32D0000E6C81E227B681B691B0EDAB27B6883F81F227B68DB68DAB27B6883F820227B68DB689BB21B0A9BB2DAB266
S32D0000E6F07B6883F821227B68DB681B0CDAB27B6883F822227B68DB681B0EDAB27B6883F823227B6858787B68CC
S32D0000E71803F134017B685A69012301F01FF87B6800225A717B685B7800220021184601F0E1F80346002B14BFA0
S32D0000E74001230023DBB2002B01D00123FB73FB7B18461037BD4680BD80B582B000AF78600B467B807B68002BA6
S32D0000E76808D07B681B78002B04D07B68DB887A889A4201D0092311E07B685B78184601F03BF9034603F00103AB
S32D0000E790002B14BF01230023DBB2002B01D0032300E0002318460837BD4680BD80B586B000AF78607B681A6830
S32D0000E7B87B689B8819461046FFF7CAFF0346FB75FB7D002B40F0AC807B689B7903F02003002B00F0A5807B68D1
S32D0000E7E09B7903F04003002B1BD07B681B6858787B6803F128017B689A69012300F0B2FF0346002B14BF01235F
S32D0000E8080023DBB2002B01D001238AE07B689B7923F04003DAB27B689A717B681A687B68DB6919461046FFF7AA
S32D0000E83089FE0346FB75FB7D002B75D17B681B6A3B613B690B331A783B690B3342F02002D2B21A707B68DA68B0
S32D0000E8583B691C33D2B21A707B68DB689BB21B0A9AB23B691D33D2B21A707B68DB681A0C3B691E33D2B21A705C
S32D0000E8807B68DB681A0E3B691F33D2B21A707B681A693B691A33D2B21A707B681B699BB21B0A9AB23B691B339C
S32D0000E8A8D2B21A707B681B691A0C3B691433D2B21A707B681B691B0C9BB21B0A9AB23B691533D2B21A70002345
S32D0000E8D0FB603B691633FA68D2B21A70FB689BB21B0A9AB23B691733D2B21A70FB681A0C3B691833D2B21A70BF
S32D0000E8F8FB681A0E3B691933D2B21A707B689B7923F02003DAB27B689A717B681B6801221A717B681B681846EA
S32D0000E920FFF774FE0346FB75FB7D18461837BD4680BD80B584B000AF78607868FFF736FF0346FB73FB7B002BF0
S32D0000E94802D17B6800221A60FB7B18461037BD4680BD000080B588B000AF7860396080233B610F23FB604FF05C
S32D0000E970FF337B610223FB61FB69B3F5807F23D80123BB61BB69102B1AD8FB69BA6902FB03F33A6803FB02F245
S32D0000E9987B68D31ABB60BB68002B09DBBB687A699A4205D9BB687B61FB693B61BB69FB60BB690133BB61E1E7BA
S32D0000E9C0FB695B00FB61D7E71D4BDB6A1C4A23F00803D3621A4BDB6A23F47F2323F47F63BB613B695B081B024E
S32D0000E9E89AB2FB68013B1B01DBB21A43BB691343114A43F46023D3620F4B5B6A03F00803002B0CBF01230023F2
S32D0000EA10DBB2002B03D00A2001F01AF9F0E7084BDB6A074A43F00803D362054B1B6B044A43F48013136300BFC9
S32D0000EA382037BD4680BD00BF00100B4080B582B000AF786039607B6800221A60414B424ADA62404BDB6A03F0E2
S32D0000EA608073002B14BF01230023DBB2002B00D0F3E73A4B0022C3F8C020384B4FF481325A60364B28229A62B2
S32D0000EA88344B4FF001125A643B689B6833491846FFF760FF2F4B5B6A03F00303002B14BF01230023DBB2002BC7
S32D0000EAB000D0F3E72C4B40F243421A602A4B40F243425A60284B4FF488629A60264B40F24342DA60244B40F263
S32D0000EAD843421A61224B40F243425A61214B03F580531B6B1F4A43F4003302F580521363184B4FF6FF721A63CC
S32D0000EB00164B1B4A5A63154BDB6A144A43F00063D362124BDB6A03F00063002B14BF01230023DBB2002B00D0D1
S32D0000EB28F3E70C4B5B6A03F48033002B14BF01230023DBB2002B02D07B6801221A60054B1B6B044A43F08003F6
S32D0000EB501363002318460837BD4680BD00100B400080000160CC050000D0044000700440B3007F0080B400AF37
S32D0000EB78064B5A6A40F207331340002B14BF01230023DBB21846BD4680BC704700100B4080B485B000AF78602A
S32D0000EBA0074B1B6B7A681340FB60FB68002B00D1F6E7FB6818461437BD4680BC704700BF00100B4080B584B01E
S32D0000EBC800AF78607B681B7803F03F03764A52F82330FB60FB68002B05D17B681B78002B01D00123DCE0714BC3
S32D0000EBF01B6B704A43F0800313636E4B5B6A03F00103002B14BF01230023DBB2002B00D0F3E7684A7B685B6817
S32D0000EC189360FB6823F44003FB607B685B789B0503F44003FA681343FB607B685B78022B03D1FB6843F40013BC
S32D0000EC40FB607B685B78042B16D1FB6803F44033B3F5003F08D1FB6823F44033FB60FB6843F44033FB6007E05B
S32D0000EC68FB6823F44033FB60FB6843F40033FB604E4B5B684D4A9BB253607B68DB68002B2AD0FB6803F4403303
S32D0000EC90B3F5403F03D0FB6843F40013FB607B681B7A002B03D0FB6843F01003FB607B68DB68012B03D9FB6849
S32D0000ECB843F02003FB607B68DB68B3F1FF3F0BD03A4B5A687B68DB681B04384913434B60FB6843F00203FB6096
S32D0000ECE0344B00221A60334AFB68D3603248FFF753FF0346012B14BF01230023DBB2002B09D02C4B1B6B2B4A84
S32D0000ED0843F4702343F001031363012348E0274B1B6B03F08003002B14BF01230023DBB2002B07D0214B1B6BE6
S32D0000ED30204A43F001131363012335E01D4B1B6B03F48033002B14BF01230023DBB2002B08D0184B1B6B174A9E
S32D0000ED5843F0011313634FF0FF3321E0FB6803F44033002B15D0114B1A697B681A61FB6803F44033B3F5803F10
S32D0000ED800BD10C4B5A697B685A610A4B9A697B689A61084BDA697B68DA61064B1B6B054A43F0010313630023F1
S32D0000EDA818461037BD4680BD3CB4010000100B4001000E0080B592B000AF7860396000237B643B68BB63994BBF
S32D0000EDD07B637B6B002B02D140F601235FE3964B3B633B6B002B02D140F60B2357E33B6B1B68FB62FB6A002BE0
S32D0000EDF802D140F60B234EE37B6841F20932934200F23F837B68B3F5985F08D87B68032B00F01A837B68092B94
S32D0000EE2000F0098331E37B68A3F59853013B082B00F22B8301A252F823F000BF61EE00004DF10000A9F30000D7
S32D0000EE4863F10000A1F10000C7F200000FF3000051F200006BF200007649786BFFF7EEFD78647B6C002B40F0BA
S32D0000EE701083002387F84330002387F82B30002387F82A30002387F82930002387F84230002387F828300023A7
S32D0000EE983B7200237B720023FB6000233B7400237B6107F108031846FFF788FE0346002B14BF01230023DBB248
S32D0000EEC0002B02D001237B64E8E240F24C4000F0BFFE08233B7200237B724FF4D573FB6000233B7400237B6150
S32D0000EEE807F108031846FFF769FEF863FB6B002B09D1BA69FB689A4202D001237B64C9E2012387F8423001235D
S32D0000EF1087F8283097F82830002B00F0A58037233B7200237B720023FB6000233B7400237B6107F1080318460E
S32D0000EF38FFF744FEF863FB6B002B02D001237B64A8E269233B7200237B720023FB6000233B7400237B6107F198
S32D0000EF6008031846FFF72EFE0346002B14BF01230023DBB2002B02D001237B648EE2BB6903F44013002B6FD095
S32D0000EF880023FB630A2000F05FFEFB6B0133FB6337233B7200237B720023FB6000233B7400237B6107F1080302
S32D0000EFB01846FFF707FE0346002B14BF01230023DBB2002B02D001237B6428E069233B7200237B7297F842306D
S32D0000EFD8002B02D0184BFB6002E04FF44013FB6000233B7400237B6107F108031846FFF7E5FD0346002B14BF2C
S32D0000F00001230023DBB2002B02D001237B6406E0BB69002B03DBFB6B632B00D8B6E77B6C002B40F03882FB6B30
S32D0000F028632B0BD9002387F8423019E02C1700203019002030B4010000003040012387F8433097F84230002BD8
S32D0000F0500AD0002387F84230BB6903F08043002B02D0012387F8423097F82A30002B02D07B6B07221A6097F8BA
S32D0000F0782930002B02D07B6B08221A6097F82B30002B02D07B6B04221A6097F84330002B09D07B6B02221A6093
S32D0000F0A097F84230002B02D07B6B03221A6097F82B30002B0DD097F84330002B09D07B6B05221A6097F842303F
S32D0000F0C8002B02D07B6B06221A60924B00221A60904B00225A608F4B00229A608D4B0022DA608C4B00221A61C7
S32D0000F0F08A4B00225A61FB6A9A68FB6A5B6819461046FFF72BFC854B40F243421A60834B40F243425A60814BD3
S32D0000F1184FF488629A607F4B40F24342DA607D4B40F243421A617B4B40F243425A617A4B03F580531B6B784ADD
S32D0000F14043F4003302F580521363A7E1B86BFFF739FDF863FB6B002B00F09F8102237B649BE1BB6B002B02D181
S32D0000F1680C237B6496E16D4BDB6A1B0A5B0003F4FF73FB63694BDB6A1B0903F00F035A1CFB6B02FB03F3FB6361
S32D0000F190FB6A9A68FB6BB2FBF3F2BB6B1A607DE1BB6B002B02D10C237B6477E1BB6B1B68002B02D10C237B64B5
S32D0000F1B870E1FFF7DBFC0346002B0CBF01230023DBB2002B3CD0534B00221A60514B00225A60504B00229A6058
S32D0000F1E04E4B0022DA604D4B00221A614B4B00225A61FB6A9A68BB6B1B6819461046FFF7ADFB464B40F24342B9
S32D0000F2081A60444B40F243425A60424B4FF488629A60404B40F24342DA603E4B40F243421A613C4B40F2434235
S32D0000F2305A613B4B03F580531B6B394A43F4003302F58052136329E140F60A237B6425E1BB6B002B02D10C234D
S32D0000F2587B641FE1314B5B68C3F30C02BB6B1A6018E1BB6B002B02D10C237B6412E1FFF77DFC0346002B0CBF3A
S32D0000F28001230023DBB2002B19D0BB6B1B68B3F5805F02D30C237B6400E1224B5B68214A23F4FF5323F01F034B
S32D0000F2A853601E4B5A68BB6B1B68C3F30C031B4913434B60EEE040F60A237B64EAE0BB6B002B02D10C237B647B
S32D0000F2D0E4E0144B9B6A5B0803F00303FB63FB6B002B03D1BB6B00221A60D7E0FB6B012B03D1BB6B01221A6027
S32D0000F2F8D0E0FB6B102B03D1BB6B02221A60C9E005237B64C6E0BB6B002B09D10C237B64C0E000BF00D00440FD
S32D0000F3200070044000100B40FFF724FC0346002B0CBF01230023DBB2002B31D0BB6B1B68002B0AD1584B9B6A04
S32D0000F348574A23F006039362554B554A9B6A9362A0E0BB6B1B68012B0CD1514B9B6A504A23F0060393624E4B95
S32D0000F3709B6A4D4A43F0020393628FE0BB6B1B68022B0AD1484B9B6A474A23F006039362454B454A9B6A936233
S32D0000F39880E005237B647DE040F60A237B6479E0BB6B002B02D10C237B6473E03C4BDB6A3B4A43F00063D36247
S32D0000F3C0394BDB6A03F00063002B14BF01230023DBB2002B00D0F3E7334B1B6B03F08003002B14BF012300239A
S32D0000F3E8DBB2002B08D02E4B1B6B2D4A43F0800313637B6B00221A60294B5B6A03F48033002B14BF012300231B
S32D0000F410DBB2002B07D07B6B1B68002B06D17B6B01221A6002E07B6B00221A607B6B1A68BB6B1A6032E0BB6BAD
S32D0000F4381C221A60BB6B043304221A60BB6B08334FF41E721A6025E00220FFF7A1FB144B1B6B03F4E003002BA0
S32D0000F46014BF01230023DBB2002B07D00E4B1B6B0D4A43F4E003136304237B640A4B1B6B094A43F032031363FD
S32D0000F48808E040F609237B6404E000BF02E000BF00E000BF7B6C18464837BD4680BD00BF00100B4080B489B0BF
S32D0000F4B000AF786039607B687B61364B3B613B69002B01D100235FE03B691B68022B0BD03B691B68032B07D0D4
S32D0000F4D83B691B68072B03D03B691B68082B0BD12B4B5B6A03F00403002B14BF01230023DBB2002B00D0F3E7C8
S32D0000F5003B68FB61FB69002B3DD0FB69B3F5007F28BF4FF40073FB60FB6803339B08BB61BB69002B2AD01C4BB7
S32D0000F5281B6B03F4E003002B14BF01230023DBB2002B09D0164B1B6B154A43F4E00343F02003136300231BE035
S32D0000F550114B5B6A03F40063002B0CBF01230023DBB2002B00D0F3E70B497B691A1D7A610A6A1A60BB69013BDB
S32D0000F578BB61D1E7FA69FB68D31AFB61BEE7012318462437BD4680BC704700BF2C17002000100B4080B58EB01A
S32D0000F5A000AFB9607A601A460346FB731346BB73414B7B63FB7B002B02D1BB7B002B01D1042375E03D4B1B7855
S32D0000F5C8DBB203F00103002B14BF01230023DBB2002B01D0032367E0BB68002B01D1002362E07B6B1B7B002B2A
S32D0000F5F002D17B685B027B60BB7B012B28D111233B7500237B757B68BB6101233B77BB7B3B6207F11403194697
S32D0000F61841F20230FFF7CEFB0346002B0CBF01230023DBB2002B38D04FF40071B868FFF739FF0346002B14BF11
S32D0000F64001230023DBB2002B2BD00023BB7328E012233B7500237B757B68BB6101233B77BB7B3B6207F114039A
S32D0000F668194641F20230FFF7A5FB0346002B0CBF01230023DBB2002B0FD0BB7B5B021946B868FFF70FFF03469E
S32D0000F690002B14BF01230023DBB2002B01D00023BB73BB7B002B01D0012300E0002300BF18463837BD4680BD08
S32D0000F6B8181700200000002080B487B000AF786039607B68FB603B687B617B69002B3DD07B69B3F5007F28BF5F
S32D0000F6E04FF400733B617A693B69D31A7B613B6903339B083B613B69002BEAD0184B1B6B03F4E003002B14BFF7
S32D0000F70801230023DBB2002B0AD0134B1B6B124A43F4E00343F0100313634FF0FF3316E00D4B5B6A03F4806386
S32D0000F730002B0CBF01230023DBB2002B00D0F3E7FB681A1DFA60064A1B6813623B69013B3B61D0E7012318461B
S32D0000F7581C37BD4680BC704700100B4080B58EB000AFB9607A601A460346FB731346BB735D4B7B63FB7B002B05
S32D0000F78002D1BB7B002B01D10423ADE0594B1B78DBB203F00103002B14BF01230023DBB2002B01D003239FE073
S32D0000F7A8524B1B78DBB203F00403002B14BF01230023DBB2002B01D0022391E0BB68002B01D100238CE07B6B83
S32D0000F7D01B7B002B02D17B685B027B60BB7B012B28D118233B7500237B757B68BB6100233B77BB7B3B6207F164
S32D0000F7F81403194641F20230FFF7DCFA0346002B0CBF01230023DBB2002B38D04FF40071B868FFF751FF034693
S32D0000F820002B14BF01230023DBB2002B2BD00023BB7328E019233B7500237B757B68BB6100233B77BB7B3B62C3
S32D0000F84807F11403194641F20230FFF7B3FA0346002B0CBF01230023DBB2002B0FD0BB7B5B021946B868FFF7F7
S32D0000F87027FF0346002B14BF01230023DBB2002B01D00023BB730D233B7500237B757B6B1B69BB6100233B778E
S32D0000F89800233B6207F11403194641F20230FFF789FA0346002B14BF01230023DBB2002B01D0012314E07A6A23
S32D0000F8C00D4B1340002B01D001230DE07B6A03F4F853B3F5106F00D0D5E7BB7B002B01D0012300E0002300BF70
S32D0000F8E818463837BD4680BD18170020000000200880D9FF80B58CB000AF03463A60FB710B46BB713A4BBB6288
S32D0000F910FB79002B01D0042369E0012387F82F30364B1B78DBB203F00103002B14BF01230023DBB2002B01D081
S32D0000F938032358E0BB79032B50D801A252F823F059F9000061F9000071F9000081F90000002387F82F3044E004
S32D0000F960BB6A9A683B681A60002387F82F303CE03B684FF400721A80002387F82F3034E009233B7200237B7228
S32D0000F988BB6A1B69FB6000233B7400237B6107F10803194641F20230FFF70CFA0346002B14BF01230023DBB29E
S32D0000F9B0002B01D001231AE07B6A03F44003002B0CD13B6A9B0C03F07F035A1C7B6A1B0A03F00303013B9A4098
S32D0000F9D83B681A60002387F82F3002E0042387F82F3097F82F3018463037BD4680BD00BF1817002000000020DB
S32D0000FA0080B483B000AF0346FB71FB79002B01D0012302E0034B1B78DBB218460C37BD4680BC70470000002072
S32D0000FA2880B483B000AF7860164B03F580539B6B144A43F0010302F580529363124A7B689360114B05225A60CD
S32D0000FA500F4B1B680E4A43F0010313600C4B1B6803F08003002B0CBF01230023DBB2002B00D0F3E7064B1B68E6
S32D0000FA78054A23F00103136000BF0C37BD4680BC704700BF007004400000044080B582B000AF786039607B686E
S32D0000FAA0012B07D13B684FF6FF72934202D1034800F00EF800BF0837BD4680BD3819002080B500AF4FF6FF71AA
S32D0000FAC80120FFF7E3FF80BD80B483B000AF78607B6800221A707B6818460C37BD4680BC7047000080B582B07C
S32D0000FAF000AF78607B681B7883F00103DBB2002B21D0134B03F580531A464FF400639362104B4FF440721A62DB
S32D0000FB180E4B4FF440725A620D4B1B68DA0F13445B104FF4614219460A48FEF7FDFB642000F08AF87B680122AF
S32D0000FB401A70012300E0002318460837BD4680BD0070044000D004403C19002000B00E4080B582B000AF7860E0
S32D0000FB68084611461A460346FB700B46BB7013467B707F210E48FEF7AAFC08210C48FEF7A6FCFB7819460A482D
S32D0000FB90FEF7A1FCBB7819460748FEF79CFC7B7819460548FEF797FCFF210348FEF793FC00BF0837BD4680BDF3
S32D0000FBB800B00E4080B487B000AFF860B9607A60FB681F4AA2FB03239B09BA6813447B61FB681B4AA2FB0312BA
S32D0000FBE092094FF47A7101FB02F29B1AFB60FB68DB03154AA2FB03239B097A6813443B613B69DB0B7A6913448E
S32D0000FC087B613B69C3F30E033B610E4B1B687A699A4209D80B4B1B687A699A4206D1094B5B683A699A4201D990
S32D0000FC30012300E00023002B00D0EAE700BF1C37BD4680BC704700BFD34D621000D0034080B584B000AF786057
S32D0000FC58074B1B68FB60064B5B68BB607B68BA68F9681846FFF7A6FF00BF1037BD4680BD00D0034080B584B0FE
S32D0000FC8000AF78600B4B1B68FB600A4B5B68BB600949786804F082FE0346184605F06AF80346BA68F96818469A
S32D0000FCA8FFF788FF00BF1037BD4680BD00D0034000007A4480B584B000AFC7E900010E4B1B68FB600C4B5B6880
S32D0000FCD0BB604FF000020B4BD7E9000104F008FA02460B461046194604F0DAFC0346BA68F9681846FFF762FF04
S32D0000FCF800BF1037BD4680BD00D0034000408F4080B584B000AF134B1B68FB60114B5B68BB60F86804F06EF92D
S32D0000FD2002460B46C7E90023B86804F067F94FF000020B4B04F006FB02460B46D7E9000104F020F802460B464A
S32D0000FD48C7E90023D7E90023104619461037BD4680BD00BF00D003400000E04080B483B000AF0B4B1B684FF477
S32D0000FD707A7202FB03F37B60074B5B684FF47A7202FB03F3DB0B7A6813447B607B6818460C37BD4680BC704700
S32D0000FD9800D0034080B584B000AF78600B46FB700B23FB73FA7BFB781946786800F094F87B6818461037BD46B4
S32D0000FDC080BD000080B485B000AF78607B68103B002B00DA1F335B11FB60FB68022B53D0FB68022B75DCFB68A5
S32D0000FDE8002B03D0FB68012B25D06EE0394BD3F880217B68103B594203F01F0301F01F0158BF4B42012101FA7D
S32D0000FE1003F332491343C1F88031304B1A687B68103B594203F01F0301F01F0158BF4B42012101FA03F329497E
S32D0000FE3813430B6049E0274BD3F884217B68103B594203F01F0301F01F0158BF4B42012101FA03F31F4913436C
S32D0000FE60C1F884311D4B5A687B68103B594203F01F0301F01F0158BF4B42012101FA03F3164913434B6024E0D2
S32D0000FE88144BD3F888217B68103B594203F01F0301F01F0158BF4B42012101FA03F30D491343C1F888310B4B5F
S32D0000FEB09A687B68103B594203F01F0301F01F0158BF4B42012101FA03F3044913438B6000BF00BF1437BD4622
S32D0000FED880BC704700E100E080B584B000AF78600B46FB701346BB707B68FA781A70BB78FB737B681B781A46C2
S32D0000FF00574B9B5C042B00F2A68001A252F823F025FF000071FF0000BDFF00005500010009000100FB7B1B04AE
S32D0000FF2803F470234D497A68127810464C4A52F8202043F4897343F0010341F82230494B5A697B681B78194688
S32D0000FF50454B53F8213003F01F03012101FA03F3DB43424913404B616720FFF72BFF72E0FB7B1B0403F470236F
S32D0000FF783D497A6812781046394A52F8202043F4897343F0010341F82230384B5A697B681B781946324B53F82E
S32D0000FFA0213003F01F03012101FA03F3DB43314913404B616820FFF705FF4CE0FB7B1B0403F470232C497A68FF
S32D0000FFC812781046264A52F8202043F4897343F0010341F82230274B5A697B681B7819461F4B53F8213003F039
S32D0000FFF01F03012101FA03F3DB43204913404B616920FFF7DFFE26E0FB7B1B0403F470231B497A681278104681
S32D00010018134A52F8202043F4897343F0010341F82230164B5A697B681B7819460C4B53F8213003F01F030121BA
S32D0001004001FA03F3DB430F4913404B616B20FFF7B9FE00E000BF00BF1037BD4680BD00BF3CB501000090044089
S32D0001006880B5010000F00F4000A0044040F00F4000B0044080F00F4000D0044000F10F40B0B48BB000AF224BCF
S32D000100903C1D1D460FCD0FC495E80F0084E80F0000237B627B6A072B30DC1C4BD3F8A0207B6A9B0028333B4460
S32D000100B853F8243C012101FA03F31340002B14BF01230023DBB2002B18D0134A7B6A52F823305A1C10497B6A90
S32D000100E041F823200D4BD3F8A0207B6A9B0028333B4453F8243C012101FA03F307491340C1F8A0307B6A013335
S32D000101087B62CBE700BF2C37BD46B0BC704700BF84B6010000A0044068190020B0B489B000AF224B3C1D1D46FD
S32D000101300FCD0FC495E8030084E803000023FB61FB69052B30DC1C4BD3F8A020FB699B0020333B4453F81C3C7D
S32D00010158012101FA03F31340002B14BF01230023DBB2002B18D0FB690833124A52F823200132104941F823209D
S32D000101800D4BD3F8A020FB699B0020333B4453F81C3C012101FA03F307491340C1F8A030FB690133FB61CBE714
S32D000101A800BF2437BD46B0BC704700BFA4B6010000B0044068190020B0B48DB000AF234B3C461D460FCD0FC4E7
S32D000101D00FCD0FC495E8070084E807000023FB62FB6A0A2B30DC1C4BD3F8A020FB6A9B0030333B4453F8303CA9
S32D000101F8012101FA03F31340002B14BF01230023DBB2002B18D0FB6A0E33124A52F823200132104941F82320F6
S32D000102200D4BD3F8A020FB6A9B0030333B4453F8303C012101FA03F307491340C1F8A030FB6A0133FB62CBE74C
S32D0001024800BF3437BD46B0BC704700BFBCB601000090044068190020B0B487B000AF214B3C461D460FCD0FC446
S32D000102702B68236000237B617B69042B30DC1C4BD3F8A0207B699B0018333B4453F8183C012101FA03F31340EB
S32D00010298002B14BF01230023DBB2002B18D07B691933124A52F823200132104941F823200D4BD3F8A0207B696A
S32D000102C09B0018333B4453F8183C012101FA03F307491340C1F8A0307B6901337B61CBE700BF1C37BD46B0BCA5
S32D000102E8704700BFE8B6010000D004406819002080B483B000AF78607B681B781A46044B53F8223018460C37CC
S32D00010310BD4680BC704700BF6819002080B483B000AF78607B681B781946044B002243F8212000BF0C37BD46B3
S32D0001033880BC70476819002080B483B000AF78600B46FB707B68FA781A707B6818460C37BD4680BC70470000FF
S32D0001036080B586B000AF78607B681B781A463E4B53F822303B617B681B781A463B4B9B5CFB733B69DBB203F0FF
S32D000103881F03DAB2384B1A723B69DBB203F01F03DAB2354B5A72354B1022C3F88820FB7B002B13D130493248DE
S32D000103B000F05AFA304B1B6803F08003802B14BF01230023DBB2002B00D0F3E72A4B1B697B6112E02649294898
S32D000103D800F046FA274B1B6803F08003802B14BF01230023DBB2002B00D0F3E7214B1B697B611E4BD3F888317B
S32D000104001C4A43F01003C2F888311A4B9B68194A43F0100393607B699BB2184603F0EEFD0DA3D3E9002303F0BB
S32D0001042863FE02460B46104619460BA3D3E9002303F084FF02460B461046194604F04CF90346BB60BB68184687
S32D000104501837BD4680BD00BFA4703D0AD7A30A4000000000E0FFEF4000B601005CB501004819002000E100E0F7
S32D0001047800B0034000B00B4080B586B000AF78607B681B781A46234B53F822303B617B681B781A46204B9B5CC0
S32D000104A0FB733B69DBB203F01F03DAB21D4B1A723B69DBB203F01F03DAB21A4B5A72FB7B002B13D117491848B1
S32D000104C800F0CEF9164B1B6803F08003802B14BF01230023DBB2002B00D0F3E7104B1B697B6112E00D490F4873
S32D000104F000F0BAF90D4B1B6803F08003802B14BF01230023DBB2002B00D0F3E7074B1B697B617B69184618377F
S32D00010518BD4680BD00B601005CB501005819002000B0034000B00B4098B500AF204B5C221A701F4B10225A7057
S32D000105401D4B41F234225A801B4B45F278629A80194B10229A71184B0722DA71164B4FF4C022DA60144B1F2258
S32D000105681A72134B1F225A721149124800F078F90F49114800F074F90F4800F0D2F80D4800F0CFF80A490C4886
S32D0001059000F06AF90849094800F066F9094A064B14460FCB84E80F00064B5C221A70054B0422DA7100BF98BD77
S32D000105B84819002000B0034000B00B405819002080B500AF064B1B680133054A136000F03DF8044B0122C3F814
S32D000105E00C2100BF80BD00BFEC1900200070034080B500AF0C4B01221A600C4800F01AF8094B0322C3F80821A1
S32D00010608094BD3F88831084A43F01003C2F88831054B9B68044A43F01003936000BF80BD00700340A086010030
S32D0001063000E100E080B483B000AF7860044A7B68C2F8003100BF0C37BD4680BC704700BF0070034080B584B0FD
S32D0001065800AF174B1B68FB60FB68002B24D0FB685B78FB71FB689B68184600F023F80346BB71BB79002B13D0DA
S32D00010680FB685B68012B0FDDFB689B681B69BB60BB68002B08D0BB685B685A1CBB685A60BB681B69BB60F3E70D
S32D000106A8FB68DB68FB60D7E700BF1037BD4680BDE819002080B584B000AF78607868FFF7DBFEF8607B689B691F
S32D000106D05B78FB72FB7A002B0FD17B68DB68FA689A420ADD7B689B6901225A707B685B685A1C7B685A6001233F
S32D000106F813E0FB7A012B0FD17B689B68FA689A420ADA7B689B6900225A707B685B685A1C7B685A60012300E0C7
S32D00010720002318461037BD4680BD80B485B000AF78607B681B6A23F040027B681A627B685B6A23F00B027B68EB
S32D000107485A627B685B6A43F007027B685A627B685B6A43F080027B685A627B681B6803F08003002B0CBF012351
S32D000107700023DBB2002B00D0F3E77B685B6A03F04003402B0CBF01230023DBB2002B01D0012364E00023FB81EA
S32D000107987B68DB6CFB817B689B6C9AB2FB891344FB817B685B6C9AB2FB891344FB817B681B6C9AB2FB89134421
S32D000107C0FB817B68DB6B9AB2FB891344FB817B689B6B9AB2FB891344FB81FB895B08FB81FB896FEA43436FEA17
S32D000107E85343FB81FA897B68DA620023FB817B68DB6EFB817B689B6E9AB2FB891344FB817B685B6E9AB2FB89DC
S32D000108101344FB817B681B6E9AB2FB891344FB817B68DB6D9AB2FB891344FB817B689B6D9AB2FB891344FB817B
S32D00010838FB895B08FB81FB896FEA43436FEA5343FB81FA897B681A637B685B6A23F080027B685A620023184620
S32D000108601437BD4680BC704780B483B000AF786039603B681B781A467B689A603B685B781A467B68DA603B6898
S32D000108885B881A467B689A613B689B881A467B68DA613B689B791A467B681A623B68DB791A467B685A623B68CD
S32D000108B0DA687B681A653B681B7A1A467B681A603B685B7A1A467B685A6000BF0C37BD4680BC704780B483B0AC
S32D000108D800AF78607B6818460C37BD4680BC704780B582B000AF786039607B68012B07D13B684FF6FF72934254
S32D0001090002D10348FFF7E6FF00BF0837BD4680BDF019002080B500AF4FF6FF710120FFF7E3FF80BD80B582B032
S32D0001092800AF7860B84B4FF48072DA60B74B4FF480729A64B54B4FF480721A64B34B4FF480725A64B14B4FF48F
S32D000109508072DA60B04B5B69AF4A43F008035361AE4B5B69AD4A43F480235361AB4B5B69AA4A43F48033536114
S32D00010978A84B5B69A74A43F400335361A54B1B68A44A43F008031360A24B5B69A14A43F0080353619E4B1B687E
S32D000109A09D4A43F0080313609A4B4FF480725A62984B4FF480721A62954B4FF480721A61934B4FF480725A61C8
S32D000109C8914B4FF480729A618F4B4FF48072DA618D4B4FF480721A638B4B4FF480725A63894B4FF480729A6352
S32D000109F0874B4FF48072DA63854B4FF480721A64834B4FF480725A64814B4FF480729A647F4B4FF48072DA6414
S32D00010A18814B4FF480721A607F4B4FF480729A607D4B4FF48072DA607B4B4FF480721A61784B5B69774A43F40F
S32D00010A4040735361744B5B69734A43F47F2343F0F0035361734B5B69724A43F01D035361E221786800F0A6FD72
S32D00010A681D21786800F048FE0221786800F044FE0421786800F040FEE021786800F096FD0121786800F038FE17
S32D00010A906420FFF7DDF8E021786800F08BFD0321786800F02DFE0121786800F083FD0120FFF7CEF8E62178683A
S32D00010AB800F07CFD0121786800F01EFEA021786800F01AFEFF21786800F016FEB021786800F06CFD1C217868C4
S32D00010AE000F00EFE0F21786800F00AFE0121786800F006FE3F21786800F002FE0021786800F0FEFDEF217868E1
S32D00010B0800F0FAFD0021786800F0F6FDB421786800F04CFD0121786800F0EEFD9921786800F0EAFD00217868B6
S32D00010B3000F0E6FD4521786800F0E2FD0221786800F0DEFD0021786800F0DAFD0021786800F0D6FD0021786853
S32D00010B5800F0D2FDB621786800F028FD0121786800F0CAFD0921786800F0C6FD0021786800F0C2FD0E217868AE
S32D00010B8000F0BEFD0221786800F0BAFD0021786800F0B6FD0021786800F0B2FDBA21786800F008FD0F217868ED
S32D00010BA800F0AAFD6420FFF74FF83A21786800F0FDFC6021786800F09FFD2A21786800F0F5FC0021786800F0B8
S32D00010BD097FD0021786800F093FD0121786800F08FFD3F21786800F08BFD2B21786800F0E1FC0021786800F0C1
S32D00010BF883FD0021786800F07FFD0021786800F07BFDEF2178680BE000B0044000A0044080F00F4040F00F4087
S32D00010C2000C00440C0F00F4000F06AFD3621786800F0C0FC0021786800F062FDF021786800F0B8FC042178687E
S32D00010C4800F05AFDB821786800F0B0FC0F21786800F052FD0121786800F04EFD314B1B68304A43F0080313602B
S32D00010C706420FEF7EDFF3621786800F09BFC0021786800F03DFDF021786800F093FC0421786800F035FD01214E
S32D00010C98786800F0BCF91E226F21786800F082F8AF225621786800F0DBF80021786800F00AFA012301221C4902
S32D00010CC0786800F02BFA2921786800F073FC6420FEF7BEFFBE21786800F06CFC0E21786800F00EFDF02178683F
S32D00010CE800F00AFD0121786800F006FD0021786800F002FD0021786800F0FEFC0F21786800F0FAFC786800F050
S32D00010D1028FA0121786800F0DAF90021786800F0AFF900BF0837BD4680BD00BF40F00F40FCB6010080B582B09E
S32D00010D3800AF78607B680022DA617B6801221A627B680E225A607B681A229A607B6800225A617B6800229A619D
S32D00010D607B684FF4A072DA607B68F0221A617B6800221A70786801F0F7F97B6818460837BD4680BD80B582B00B
S32D00010D8800AF7860064B1B78002B05D1044B01221A707868FFF7C2FD00BF0837BD4680BD381A002080B58AB020
S32D00010DB002AFF860B9607A607E23009362237A68B968F86800F08BFE40F24E733B610023FB61FA693B699A4292
S32D00010DD840DA0023BB61214AFB6913441B781A46BB69934232DAFB6901331C4AD35C002B06D1FF23FB75FF2392
S32D00010E00BB75FF237B7512E0FB690133154AD35C012B06D1D423FB750023BB7526237B7505E0B523FB75BA2369
S32D00010E28BB75B0237B757B7DBA7DF97DF86800F0C9F80246FB68DA61F86801F091F9F86801F0CAF8BB690133C6
S32D00010E50BB61C4E7FB690233FB61BAE700BF2037BD4680BD0400002080B58AB002AFF860B9607A602723009354
S32D00010E7895237A68B968F86800F02DFE40F2E6333B610023FB61FA693B699A4240DA0023BB61214AFB6913444D
S32D00010EA01B781A46BB69934232DAFB6901331C4AD35C002B06D1FF23FB75FF23BB75FF237B7512E0FB6901337C
S32D00010EC8154AD35C012B06D10023FB750023BB7500237B7505E0D423FB750023BB7526237B757B7DBA7DF97DF4
S32D00010EF0F86800F06BF80246FB68DA61F86801F033F9F86801F06CF8BB690133BB61C4E7FB690233FB61BAE753
S32D00010F1800BF2037BD4680BD5407002080B485B000AF78600B46FB70FB78062B29D801A252F823F0610F010017
S32D00010F40590F0100670F01006F0F0100770F01007D0F0100850F01006FF07F43FB6014E00023FB6011E04FF458
S32D00010F687F03FB600DE04FF47F43FB6009E0FF23FB6006E04FF41903FB6002E0044BFB6000BFFB6818461437D3
S32D00010F90BD4680BC704700BF9999990080B584B000AF786039603B681B0CFB733B681B0ABB733B687B737B7B74
S32D00010FB8BA7BF97B786800F005F8034618461037BD4680BD80B487B000AF7860084611461A460346FB700B466A
S32D00010FE0BB7013467B70FB789B08DBB27B61BB789B08DBB23B617B789B08DBB2FB607B691A033B699B011A43D9
S32D00011008FB68134318461C37BD4680BC704780B582B000AF78600B46FB70FB7819467868FFF77CFF03461946E4
S32D00011030786800F004F800BF0837BD4680BD80B582B000AF7860396039687868FFF7A6FF02467B681A6278685D
S32D0001105801F086F8786800F0E7FB00BF0837BD4680BD80B582B000AF7860786800F0DCFB00BF0837BD4680BD37
S32D0001108080B582B000AF78600B46FB70FB7819467868FFF747FF03461946786800F004F800BF0837BD4680BDF7
S32D000110A880B582B000AF7860396039687868FFF771FF02467B681A62786801F051F800BF0837BD4680BD80B577
S32D000110D082B000AF78600B46FB70FB7819467868FFF720FF03461946786800F004F800BF0837BD4680BD80B5CE
S32D000110F882B000AF7860396039687868FFF74AFF02467B68DA61786801F02AF800BF0837BD4680BD80B586B0B5
S32D0001112000AFF860B9607A603B6000237B617B69BA6813441B78002B0FD07B69BA6813441B783A687968F8683F
S32D0001114800F008FE7B680C337B607B6901337B61E9E700BF1837BD4680BD80B582B000AF7860FDF791F8672180
S32D000111700120FCF7FCFF00210220FCF7F8FFA0210320FCF7F4FF50210420FCF7F0FF20210520FCF7ECFF20214E
S32D000111980620FCF7E8FF77210720FCF7E4FF00210820FCF7E0FF00210920FCF7DCFF00210A20FCF7D8FF042126
S32D000111C00B20FCF7D4FF7B684FF0FF32DA637B684FF0FF321A6400BF0837BD4680BD000080B586B000AFF860FE
S32D000111E8B9607A600020FCF7E0FF0346FB75FB7D03F00203002B00F0CE80FCF7F3FFE020FCF7A4FF0220FEF7CF
S32D000112101FFDFCF7F9FF0120FEF71AFDFCF7E6FFA520FCF797FF0120FEF712FDFCF7B9FF03469BB21B02BB8295
S32D00011238FCF7B3FF03469AB2BB8A1343BB82FCF7ACFF03469BB21B027B82FCF7A6FF03469AB27B8A13437B82A2
S32D00011260BB8A1B09BB827B8A1B097B82FCF7CCFFFB68DB6BB3F1FF3F34D1FB681B6CB3F1FF3F2FD1BA8AFB68D2
S32D00011288DA637A8AFB681A647B8AC3F57F630F337B82BB8A184602F0BDFE49A3D3E9002302F022FF02460B4670
S32D000112B01046194603F014FA0246BB681A607B8A184602F0ABFE42A3D3E9002302F010FF02460B461046194663
S32D000112D803F002FA02467B681A605AE0FB68DA6BBB8AD31A1946F86800F074F80346632B0CDCFB681A6C7B8A77
S32D00011300D31A1946F86800F069F80346632B01DC012300E00023002B2FD0BA8AFB68DA637A8AFB681A647B8AEE
S32D00011328C3F57F630F337B82BB8A184602F072FE23A3D3E9002302F0D7FE02460B461046194603F0C9F9024601
S32D00011350BB681A607B8A184602F060FE1CA3D3E9002302F0C5FE02460B461046194603F0B7F902467B681A6035
S32D000113780FE0BB68164A1A607B68154A1A60FB684FF0FF32DA63FB684FF0FF321A64002310E001230EE0BB68F5
S32D000113A00D4A1A607B680C4A1A60FB684FF0FF32DA63FB684FF0FF321A64002318461837BD4680BDAFF3008007
S32D000113C8144001144001B43F1EE0011EE001AE3F000080BF80B483B000AF786039603B68002B02DA3B685B42BE
S32D000113F03B603B6818460C37BD4680BC704780B584B000AF786039600023FB60786800F0D2FAFB683A681344FA
S32D000114181B78002B12D07B6859697B689869FB683A6813441B780246786800F079FC786800F0D1FAFB680133CE
S32D00011440FB60E6E700BF1037BD4680BD80B592B000AF786039604FF00001386803F050FC0346002B1FD0386856
S32D0001146803F05EFC03467B64786C03F03FFA03461946386803F084F903461F49184603F089FA0346184603F0F9
S32D000114904BFC03463B6407F10C003B6C7A6C194904F0F6FC22E03B6883F000433B60386803F03AFC03467B643E
S32D000114B8786C03F01BFA03461946386803F060F903460D49184603F065FA0346184603F027FC03463B6407F199
S32D000114E00C003B6C7A6C084904F0D2FC07F10C0319467868FFF783FF00BF4837BD4680BD00007A4418B7010067
S32D000115080CB7010080B582B000AF78600B46FB70786800F04CFA7B6859697B689A69FB78786800F0FDFB78688A
S32D0001153000F055FA00BF0837BD4680BD80B582B000AF78603960786800F035FA39687868FFF755FF786800F0EE
S32D0001155819FA00BF0837BD4680BD80B582B000AF78603960786800F022FA39687868FFF769FF786800F006FAF1
S32D0001158000BF0837BD4680BD80B582B000AF78600B46FB70786800F00EFAFB7819467868FFF7B4FF786800F051
S32D000115A8F1F900BF0837BD4680BD000080B483B000AF78600B46FB704D4B1B684C4A23F0080313604B4B1B68E7
S32D000115D04A4A23F480231360484B1B68474A43F480331360454B1B68444A23F440731360414B1B68404A23F499
S32D000115F8435323F0300313603E4B1A68FB785B0203F400733B4913430B603A4B1A68FB785B101B0203F48073FF
S32D00011620364913430B60344B1A68FB789B101B0103F01003304913430B602F4B1A68FB78DB105B0103F0200314
S32D000116482B4913430B602A4B1A68FB781B119B0103F04003264913430B60254B1A68FB785B11DB01DBB2224901
S32D0001167013430B60204B1A68FB789B111B0303F480531D4913430B601B4B1A6897F90330DB115BB25B0303F476
S32D000116980053174913430B60164B1B68154A23F400331360134B1B68124A43F4003313600F4B1B680E4A43F02D
S32D000116C0080313600D4B1B680C4A43F440731360094B1B68084A43F4435343F030031360064B1B68054A43F4C6
S32D000116E88023136000BF0C37BD4680BC704700BF80F00F4040F00F4080B483B000AF78600B46FB70464B1B680A
S32D00011710454A23F008031360444B1B68434A43F480331360414B1B68404A43F4802313603E4B1B683D4A23F4FE
S32D00011738407313603A4B1B68394A23F4435323F030031360374B1A68FB785B0203F40073344913430B60334B71
S32D000117601A68FB785B101B0203F480732F4913430B602D4B1A68FB789B101B0103F01003294913430B60284BDA
S32D000117881A68FB78DB105B0103F02003244913430B60234B1A68FB781B119B0103F040031F4913430B601E4BBF
S32D000117B01A68FB785B11DB01DBB21B4913430B60194B1A68FB789B111B0303F48053164913430B60144B1A682D
S32D000117D897F90330DB115BB25B0303F40053104913430B600F4B1B680E4A23F4003313600C4B1B680B4A43F40C
S32D0001180000331360084B1B68074A43F008031360064B1B68054A23F48023136000BF0C37BD4680BC704700BF34
S32D0001182880F00F4040F00F4080B586B000AF78607B6800225A617B6800229A617B681B6AFB60FB68FB72FB68AB
S32D000118501B0ABB72FB681B0CDBB203F003037B722A217868FFF7A6FE00217868FFF748FF00217868FFF744FFDD
S32D0001187801217868FFF740FF3F217868FFF73CFF2B217868FFF792FE00217868FFF734FF00217868FFF730FF97
S32D000118A000217868FFF72CFFEF217868FFF728FF2C217868FFF77EFE314B1B68304A23F4407313602F4B1B6898
S32D000118C82E4A23F47F2323F0F00313602C4B1B682B4A23F01D031360274B1A687B681B6B254913430B60254B36
S32D000118F01A687B685B6B234913430B60224B1A687B689B6B204913430B601E4B1B681D4A23F0080313601A4B26
S32D000119181B68194A43F48023136000237B617B69EF2B19D800233B613B69B3F5A07F0FD2114B1B68104A23F424
S32D00011940003313600E4B1B680D4A43F4003313603B6901333B61EBE77B6901337B61E2E7084B1B68074A43F065
S32D0001196808031360044B1B68034A23F48023136000BF1837BD4680BD40F00F4080F00F40C0F00F4080B483B094
S32D0001199000AF78607B689B69002B07DD7B685B695A1C7B685A617B6800229A6100BF0C37BD4680BC704780B5C3
S32D000119B882B000AF78607B685A697B685B689A4205DB7B6800225A617868FFF72DFF00BF0837BD4680BD80B50A
S32D000119E082B000AF78607B689B695A1C7B689A617B689A697B689B689A4205D17868FFF7C5FF7868FFF7D7FF20
S32D00011A0800BF0837BD4680BD80B586B002AFF860B9607A600123009301237A68B968F86800F059F8F86800F03B
S32D00011A30D7FA00BF1037BD4680BD80B485B000AF786039607B681B68FB603B681A687B681A603B68FA681A6025
S32D00011A5800BF1437BD4680BC704780B586B002AFF860B9607A603B60BA683B681A447B68009313467A68B96868
S32D00011A80F86800F0ABF8BA683B68D118BA683B68D0187A68BB691344009303467A68F86800F09CF8BA683B6825
S32D00011AA8D1187A68BB69D0187A68BB6913440093BB680246F86800F08DF87A68BB691A447B680093BB68B968EA
S32D00011AD0F86800F083F800BF1037BD4680BD80B588B000AFF860B9607A603B60FB681B78022B03D0FB681B78E8
S32D00011AF8032B11D17B68FB61BA6AFB691344013BBB61FB68DA68BB68D31A3B613B683A69D31A01337B610DE0B8
S32D00011B20BB68FB613A68FB691344013BBB617B687B61BA6A7B691344013B3B612A21F868FFF738FDFB691B0A0D
S32D00011B48DBB203F00F03DBB21946F868FFF7D4FDFB69DBB21946F868FFF7CEFDBB691B0ADBB203F00F03DBB2F0
S32D00011B701946F868FFF7C4FDBB69DBB21946F868FFF7BEFD2B21F868FFF714FD7B691B0ADBB203F00F03DBB2D4
S32D00011B981946F868FFF7B0FD7B69DBB21946F868FFF7AAFD3B691B0ADBB203F00F03DBB21946F868FFF7A0FDB5
S32D00011BC03B69DBB21946F868FFF79AFD2C21F868FFF7F0FC00BF2037BD4680BD90B58BB000AFF860B9607A601A
S32D00011BE83B603A68BB68D31A1946F868FFF7F2FBF861BA6B7B68D31A1946F868FFF7EAFBB861BA69FB699A427B
S32D00011C10CCBF01230023FB75FB7D002B0CD03A1D07F1080311461846FFF707FF3B4607F138011846FFF701FFD3
S32D00011C38BA683B689A420CDD3A4607F1080311461846FFF7F6FE3B1D07F138011846FFF7F0FE3A68BB689A4265
S32D00011C6006D1BB687A681946F868FFF7D1FE55E0BA6B7B68D31A184602F03CFE04463A68BB68D31A184602F0F5
S32D00011C8835FE03461946204602F038FF03463B617B68184602F02AFE03467B62BB683B623B683A6A9A4235DC69
S32D00011CB0FB7D002B14D0786A02F0C2F94FF00002184B02F05FF802460B461046194602F0BFFC03463A6A1946BB
S32D00011CD8F868FFF799FE13E0786A02F0ADF94FF000020E4B02F04AF802460B461046194602F0AAFC03461A4626
S32D00011D00396AF868FFF784FE3969786A02F03EFD03467B623B6A01333B62C5E72C37BD4690BD00BF0000E03FAF
S32D00011D2880B584B000AFF860B9607A60FB707A6813465B0013449B00991CBA6813461B011344DA1CFB78F868CA
S32D00011D5000F004F800BF1037BD4680BD80B58EB002AFF860B9607A60FB70FB780A2B06D1F868FFF720FEF86805
S32D00011D78FFF708FEF2E0FB787D2B02D8FB781F2B01D82023FB70FB78203BFB70112300930C237A68B968F868A3
S32D00011DA0FFF79DFEFA7813469B0013446F4AD35C3B75FA7813469B00134401336B4AD35C7B75FA7813469B0003
S32D00011DC813440233674AD35CBB75FA7813469B0013440333634AD35CFB75FA7813469B00134404335F4AD35C45
S32D00011DF03B760023BB62BB6A062B00F3A180F86800F050F9F86800F0B3F8002387F82F3000237B627B6A042BC0
S32D00011E1835DC07F114027B6A13441B7803F00103002B14BF01230023FB76FB7E002B11D097F82F3083F0010316
S32D00011E40DBB2002B03D0F86800F0CAF802E0F86800F08EF8F86800F08BF80DE097F82F30002B03D0F86800F022
S32D00011E681DF902E0F86800F07FF8F86800F07CF8FB7E87F82F307B6A01337B62C6E797F82F30002B03D0F86882
S32D00011E9000F008F902E0F86800F06AF8F86800F067F8002387F82F3000233B623B6A042B42DC07F114023B6A89
S32D00011EB813441B7803F00103002B14BF01230023BB76BB7E002B11D097F82F3083F00103DBB2002B03D0F8680F
S32D00011EE000F07EF802E0F86800F042F8F86800F03FF80DE097F82F30002B03D0F86800F0D1F802E0F86800F056
S32D00011F0833F8F86800F030F8BB7E87F82F3007F114023B6A13441B785B08D9B207F114023B6A13440A461A7081
S32D00011F303B6A01333B62B9E7BB6A0133BB625AE7F86800F0AFF8002387F82F300123FB61FB69232B06DCF86849
S32D00011F5800F00AF8FB690133FB61F5E73037BD4680BD00BF3C0B002080B483B000AF7860174B1B68164A43F461
S32D00011F8080331360154B1B68144A23F008031360114B1B68104A43F4802313600E4B1B680D4A23F400331360C4
S32D00011FA80B4B1B680A4A43F400331360094B1B68084A43F008031360054B1B68044A23F48023136000BF0C37D6
S32D00011FD0BD4680BC704700BF40F00F4080F00F4080B483B000AF78602B4B1B682A4A43F480331360294B1B6840
S32D00011FF8284A23F008031360254B1B68244A43F480231360224B1B68214A23F440731360204B1B681F4A23F403
S32D000120207F2323F0F00313601D4B1B681C4A23F01D031360184B1A687B685B6A164913430B60164B1A687B680C
S32D000120489B6A144913430B60134B1A687B68DB6A114913430B600E4B1B680D4A23F4003313600B4B1B680A4A06
S32D0001207043F400331360094B1B68084A43F008031360054B1B68044A23F48023136000BF0C37BD4680BC704744
S32D0001209840F00F4080F00F40C0F00F4080B483B000AF78602B4B1B682A4A43F480331360294B1B68284A23F0A8
S32D000120C008031360254B1B68244A43F480231360224B1B68214A23F440731360204B1B681F4A23F47F2323F00A
S32D000120E8F00313601D4B1B681C4A23F01D031360184B1A687B681B6B164913430B60164B1A687B685B6B144915
S32D0001211013430B60134B1A687B689B6B114913430B600E4B1B680D4A23F4003313600B4B1B680A4A43F4003374
S32D000121381360094B1B68084A43F008031360054B1B68044A23F48023136000BF0C37BD4680BC704740F00F4066
S32D0001216080F00F40C0F00F4080B485B000AF78607B681B6AFB60FB68FB72FB681B0ABB72FB681B0CDBB203F050
S32D0001218803037B727B6800225A627B6800229A627B680022DA627B6800221A637B6800225A637B6800229A63EC
S32D000121B07B681A6BFB7A5B0203F400731A437B681A637B681A6BFB7A5B101B0203F480731A437B681A637B68B0
S32D000121D85A6BFB7A9B101B0103F010031A437B685A637B685A6BFB7ADB105B0103F020031A437B685A637B687A
S32D000122005A6BFB7A1B119B0103F040031A437B685A637B685A6BFB7A5B11DB01DBB21A437B685A637B685A6BE3
S32D00012228FB7A9B111B0303F480531A437B685A637B685A6B97F90B30DB115BB25B0303F400531A437B685A6370
S32D000122507B685A6BBB7A9B0303F480431A437B685A637B685A6BBB7A5B10DB039BB21A437B685A637B685A6B15
S32D00012278BB7A9B101B0403F480331A437B685A637B685A6BBB7ADB105B0403F400331A437B685A637B685A6B9B
S32D000122A0BB7A1B119B0403F480231A437B685A637B685A6BBB7A5B11DB0403F400231A437B685A637B689A6B51
S32D000122C8BB7A9B1103F001031A437B689A637B689A6B97F90A30DB115BB29B0003F004031A437B689A637B6872
S32D000122F09A6B7B7ADB0003F008031A437B689A637B689A6B7B7A5B101B0103F010031A437B689A637B68DB69E1
S32D00012318FB60FB68FB72FB681B0ABB72FB681B0CDBB203F003037B727B685A6AFB7A5B0203F400731A437B6896
S32D000123405A627B685A6AFB7A5B101B0203F480731A437B685A627B689A6AFB7A9B101B0103F010031A437B68BF
S32D000123689A627B689A6AFB7ADB105B0103F020031A437B689A627B689A6AFB7A1B119B0103F040031A437B68BB
S32D000123909A627B689A6AFB7A5B11DB01DBB21A437B689A627B689A6AFB7A9B111B0303F480531A437B689A6289
S32D000123B87B689A6A97F90B30DB115BB25B0303F400531A437B689A627B689A6ABB7A9B0303F480431A437B68B3
S32D000123E09A627B689A6ABB7A5B10DB039BB21A437B689A627B689A6ABB7A9B101B0403F480331A437B689A6218
S32D000124087B689A6ABB7ADB105B0403F400331A437B689A627B689A6ABB7A1B119B0403F480231A437B689A621C
S32D000124307B689A6ABB7A5B11DB0403F400231A437B689A627B68DA6ABB7A9B1103F001031A437B68DA627B6862
S32D00012458DA6A97F90A30DB115BB29B0003F004031A437B68DA627B68DA6A7B7ADB0003F008031A437B68DA62CC
S32D000124807B68DA6A7B7A5B101B0103F010031A437B68DA6200BF1437BD4680BC704780B483B000AF78607B6837
S32D000124A818460C37BD4680BC704780B584B000AFF860B9607A603B60FB682033B968184603F002FDFB687A6804
S32D000124D01A60FB683A689A60FB68BA691A61FB68FA695A61FB681A68FB681B691A44FB685A60FB689A68FB68D3
S32D000124F85B691A44FB68DA60FB683A6A9A61FB687A6ADA61FB680022C3F8E82000BF1037BD4680BDF0B585B00A
S32D0001252002AF78607B689B6919461F48FEF7E3FD7B6819687B689A687B6818697B685B69009303461848FFF7FB
S32D000125488CFA7B68DB6919461548FEF7D0FD7B6803F120047B681B681D467B681B691E467B682033184603F023
S32D0001257027FD024613465B0013449B00F31A5B082B4418467B689A687B685B69113BD90F0B445B1013440246D4
S32D0001259821460348FEF7BEFD00BF0C37BD46F0BDF419002080B584B002AF78607B689B6919461F48FEF79BFDA7
S32D000125C07B681B68591C7B689B685A1C7B681B69981E7B685B69023B009303461648FFF740FA7B681B68991C2F
S32D000125E87B689B689A1C7B681B69181F7B685B69043B009303460E48FFF72FFA7B681B68D91C7B689B68DA1C1C
S32D000126107B681B69981F7B685B69063B009303460548FFF71EFA7B680122C3F8E82000BF0837BD4680BD00BF98
S32D00012638F419002080B584B002AF786000211F48FEF755FD7B681B68D91C7B689B68DA1C7B681B69981F7B684D
S32D000126605B69063B009303461648FFF7FAF97B681B68991C7B689B689A1C7B681B69181F7B685B69043B009355
S32D0001268803460E48FFF7E9F97B681B68591C7B689B685A1C7B681B69981E7B685B69023B009303460548FFF755
S32D000126B0D8F97B680022C3F8E82000BF0837BD4680BD00BFF419002080B584B000AFF860B9607A603B60FB68D7
S32D000126D81B68184602F00AF90246BB681946104602F000FB0346002B00F08180FB685B68184602F0FBF80246DA
S32D00012700BB681946104602F0FBFA0346002B72D0FB689B68184602F0EDF802467B681946104602F0E3FA0346A2
S32D00012728002B64D0FB68DB68184602F0DFF802467B681946104602F0DFFA0346002B56D03A1D07F10803194658
S32D000127502B48FEF745FDFB681B68184602F0CAF80246BB681946104602F0C0FA0346002B3FD0FB685B681846E5
S32D0001277802F0BCF80246BB681946104602F0BCFA0346002B31D0FB689B68184602F0AEF802467B681946104613
S32D000127A002F0A4FA0346002B23D0FB68DB68184602F0A0F802467B681946104602F0A0FA0346002B15D03B681D
S32D000127C8002B10D1FB68D3F8E830002B03D1F868FFF7E8FE07E0FB68D3F8E830002B02D0F868FFF727FF01238B
S32D000127F002E0002300E0002318461037BD4680BDF419002080B586B000AFF860B9607A60BB687B617B683B61BD
S32D0001281879693A690123F868FFF752FF0346002B14BF01230023DBB2002B08D007F1100207F11403194604485F
S32D00012840FEF7CEFCE8E700BF1837BD4680BD00BFF4190020B0B592B004AFF860B9607A603B60FB6C7B633B6879
S32D000128683B63F86C01F0D6FB02460B464FF000004E4901F081FA02460B4614461D46386D01F0C8FB02460B465A
S32D000128902046294601F074FA02460B461046194601F01EFF03463B62386801F0B7FB02460B464FF000004049FF
S32D000128B801F062FA02460B4614461D46B86C01F0A9FB02460B462046294601F055FA02460B461046194601F0A8
S32D000128E0FFFE0346FB61786802F004F803461946386A02F007F90346184602F015FA0346BB61B86801F0F6FF0A
S32D0001290803461946F86902F0F9F80346184602F007FA03467B6100237B620123BB62BA6ABB689A423DDC012354
S32D00012930FB62FA6A7B689A422DDC7B6AEC2202FB03F3FA68D0187A6A13469B0013449B001A467B6D9918FB6D94
S32D000129580393BB6D02937B690193BB6900933B6B7A6BFFF7A2FD7B6AEC2202FB03F3FA6813441846FFF7CEFDF0
S32D000129807B6A01337B627A6BBB6913447B63FB6A0133FB62CDE73A6B7B6913443B63FB6C7B63BB6A0133BB6211
S32D000129A8BDE700BF3837BD46B0BD00BF0000744000006E4080B582B000AF786039607B68012B07D13B684FF647
S32D000129D0FF72934202D10348FEF7ACF900BF0837BD4680BDF419002080B500AF4FF6FF710120FFF7E3FF80BDA0
S32D000129F880B582B000AF7860164B03F580535B6B144A43F0400302F580525363124B4FF400725A62104B4FF411
S32D00012A2000721A620F4B14225A700E4B1B7ADBB20C4A43F00103DBB213720A4B80229A7002212B20FBF71CFBAD
S32D00012A483D212A20FBF718FB7B6818460837BD4680BD00BF0070044000C004400060064080B582B000AF7860E7
S32D00012A7039607B68012B07D13B684FF6FF72934202D10348FFF7B8FF00BF0837BD4680BD3C1A002080B500AF26
S32D00012A984FF6FF710120FFF7E3FF80BD0000000080B582B000AF78607B681846FDF754FC03460F49184601F0C1
S32D00012AC06DFF0346184601F0BBFA09A3D3E9002301F038FC02460B461046194601F000FE034618460837BD4658
S32D00012AE880BD00BFAFF300800000000000A0694000404A4480B582B000AF78600B46FB707B68FA7811461846D6
S32D00012B10FDF716FC7B6818460837BD4680BD000080B582B000AF786039607B68012B08D13B684FF6FF72934233
S32D00012B3803D120210348FFF7DDFF00BF0837BD4680BD00BF401A002080B500AF4FF6FF710120FFF7E1FF80BDF8
S32D00012B6080B483B000AF78607B6800221A707B6818460C37BD4680BC7047000080B582B000AF78607B681B78EB
S32D00012B8883F00103DBB2002B52D07B6801221A702A4B03F580535B6B284A43F4806302F580525363264B4FF478
S32D00012BB000725A60244B4FF400729A60234B1B684FF4165219462248FBF7B2FB204BDB78DBB21F4A23F00C03D2
S32D00012BD8DBB2D3701C4BDB78DBB21B4A43F02003DBB2D370184BDB7ADBB2174A23F02003DBB2D372154BD3F853
S32D00012C008431144A43F40053C2F88431114B5B68104A43F4005353600D4BDB78DBB20C4A43F00C03DBB2D37043
S32D00012C286420FDF711F87B6801221A70012300E0002318460837BD4680BD00BF00700440009004403C190020AC
S32D00012C5000A0064000E100E080B483B000AF78607B681B7818460C37BD4680BC7047000080B487B000AFF86041
S32D00012C78B9607A60FB700023FB7400237B617A697B689A422BD2194B1B78002B00D1FAE7BA687B691344164A0E
S32D00012CA012781A70134B00221A70BA687B6913441B780D2B16D0FB7C83F00103DBB2002B0CD0BA687B691344FA
S32D00012CC81B78FA789A4202D10123FB7402E07B69013B7B617B6901337B61D0E700BF7B6918461C37BD4680BC7A
S32D00012CF0704700BF5A1A00205B1A002080B586B000AFF860B9607A6000237B617A697B689A420BD2BA687B692D
S32D00012D1813441B7819460648FBF7D9FB7B6901337B61EFE77B6918461837BD4680BD00BF00A0064080B483B088
S32D00012D4000AF78603960044A3B68136000BF0C37BD4680BC704700BF441A002080B582B000AF3248FBF79EFB90
S32D00012D680346FB71304AFB791370304B01221A702F4B1B78022B33D0022B4FDC002B02D0012B14D04AE0FB79AE
S32D00012D90FF2B44D1284B01221A70284B00221A70264B1B785A1CD1B2244A11701946244AFB79535433E0214B43
S32D00012DB81B785A1CD1B21F4A117019461E4AFB7953541C4B1B780D2B27D11C4B1B68194A1278114618489847FD
S32D00012DE0154B02221A701CE0FB79FF2B10D1124B01221A70114B00221A70104B1B785A1CD1B20E4A117019460A
S32D00012E080D4AFB79535409E00A4B00221A70084B00221A7002E000BF00E000BF00BF0837BD4680BD00A00640DC
S32D00012E305B1A00205A1A0020591A0020581A0020481A0020441A002080B582B000AF78607B681846FFF784FE7E
S32D00012E587B680E491846FFF76DFF0D4B4FF0FF321A600C4B00221A700B4B00221A700B4B00221A700A4B002291
S32D00012E801A700A4B00221A707B6818460837BD4680BD00BF793B0100601A0020681A0020691A0020641A0020E7
S32D00012EA8651A0020661A002080B59AB000AFF860B9607A60FB681846FFF7CAFE034683F00103DBB2002B03D079
S32D00012ED0FB681846FFF752FEAD4B1B7883F00103DBB2002B00F09F83FB681846FFF746FEA74B1B7883F0010309
S32D00012EF8DBB2002B00F09383BB68002B02DA0023BB6004E0BB680B2B01DD0B23BB609F4ABB6813609E48FEF7C7
S32D00012F20A4F800237B6300237B66002387F8633097F86330002B69D198499748FEF75FFA2B2387F820302B23AC
S32D00012F4887F821302B2387F82230FB6807F1200103221846FFF7CEFE7863F86807F114014F230A22FFF780FE50
S32D00012F7078667B6E012B02D93B7D4F2B42D088498548FEF7DBFA87498348FEF7D7FA40F6C410FCF75DFEF8689F
S32D00012F9807F1140130230A22FFF766FE78667B6E012B02D93B7D4F2B24D07D497848FEF7C1FA7C497648FEF782
S32D00012FC01EFA0023FB65FB6D7A6E9A420CD907F11402FB6D13441B7819466F48FEF796FAFB6D0133FB65EEE76A
S32D00012FE86D496B48FEF7A6FA6F496948FEF7A2FA00BF06E0012387F8633002E0012387F8633091E769496248FB
S32D00013010FEF7F5F90023BB65BB6D7A6E9A420CD907F11402BB6D13441B7819465A48FEF76DFABB6D0133BB65A1
S32D00013038EEE759495648FEF77DFA5D495448FEF7DAF9412387F82030542387F821304D2387F82230592387F828
S32D0001306023304C4B1B68002B00DA03339B10DBB23133DBB287F82430312387F82530302387F82630434B1B683C
S32D000130885A4203F0030302F0030258BF5342DBB23033DBB287F827300D2387F82830FB6807F120010922184682
S32D000130B0FFF724FE7863F86807F114014F230A22FFF7D6FD78667B6E012B02D93B7D4F2B04D03A493048FEF766
S32D000130D831FAA4E200237B657B6D7A6E9A420CD907F114027B6D13441B7819462848FEF709FA7B6D01337B65E1
S32D00013100EEE727492448FEF719FA2D492248FEF776F9412387F82030542387F82130492387F82230442387F806
S32D0001312823301A4B1B68002B00DA03339B10DBB23133DBB287F82430302387F82530302387F82630302387F8E5
S32D0001315027300D2387F82830FB6807F1200109221846FFF7CBFD7863F86807F114014F230A22FFF77DFD7866FB
S32D000131787B6E012B02D93B7D4F2B1FD00D490448FEF7D8F94BE200BF5D1A0020601A0020F419002030B701007D
S32D000131A044B7010048B7010060B7010078B7010084B7010094B701009CB70100B0B70100D0B7010000233B652D
S32D000131C83B6D7A6E9A420CD907F114023B6D13441B781946A848FEF795F93B6D01333B65EEE7A649A448FEF7F4
S32D000131F0A5F9A549A248FEF702F9412387F82030542387F82130442387F822304C2387F823309E4B1B68002BC0
S32D0001321800DA03339B10DBB23133DBB287F82430302387F82530302387F82630954B1B685A4203F0030302F042
S32D00013240030258BF5342DBB23033DBB287F827300D2387F82830FB6807F1200109221846FFF74CFD7863F868D5
S32D0001326807F114014F230A22FFF7FEFC78667B6E012B02D93B7D4F2B04D083497E48FEF759F9CCE10023FB64C0
S32D00013290FB6C7A6E9A420CD907F11402FB6C13441B7819467648FEF731F9FB6C0133FB64EEE774497248FEF729
S32D000132B841F976497048FEF79EF8412387F82030542387F82130442387F82230482387F82330302387F8243096
S32D000132E0302387F82530302387F82630302387F827300D2387F82830FB6807F1200109221846FFF7FBFC786373
S32D00013308F86807F114014F230A22FFF7ADFC78667B6E012B02D93B7D4F2B04D05A495648FEF708F97BE1002362
S32D00013330BB64BB6C7A6E9A420CD907F11402BB6C13441B7819464E48FEF7E0F8BB6C0133BB64EEE74B494A4829
S32D00013358FEF7F0F84E494848FEF74DF8412387F82030542387F82130432387F82230482387F82330302387F848
S32D000133802430302387F82530312387F82630412387F827300D2387F82830FB6807F1200109221846FFF7AAFC98
S32D000133A87863F86807F114014F230A22FFF75CFC78667B6E012B02D93B7D4F2B04D032492D48FEF7B7F82AE14F
S32D000133D000237B647B6C7A6E9A420CD907F114027B6C13441B7819462548FEF78FF87B6C01337B64EEE72349DA
S32D000133F82148FEF79FF827491F48FDF7FCFF412387F82030542387F82130572387F82230522387F823300D23AF
S32D0001342087F82430FB6807F1200105221846FFF765FC7863F86807F114014F230A22FFF717FC78667B6E012B70
S32D0001344802D93B7D4F2B04D00F490B48FEF772F8E5E000233B643B6C7A6E9A421CD907F114023B6C13441B78E4
S32D0001347019460348FEF74AF83B6C01333B64EEE7F419002044B70100E4B70100601A0020B0B70100FCB7010082
S32D0001349814B801002CB8010062496348FEF74AF862496148FDF7A7FF412387F82030542387F82130432387F879
S32D000134C022304E2387F823300D2387F82430FB6807F1200105221846FFF710FC7863F86807F114014F230A225C
S32D000134E8FFF7C2FB78667B6E012B02D93B7D4F2B04D04F494C48FEF71DF890E00023FB63FB6B7A6E9A420CD9F8
S32D0001351007F11402FB6B13441B7819464448FDF7F5FFFB6B0133FB63EEE740494048FEF705F842493E48FEF785
S32D0001353801F80023BB63BB6B082B15DCBB6B7A681344197807F12002BB6B13440A461A70BB6B7A6813441B788D
S32D0001356019463348FDF7D2FFBB6B0133BB63E6E72E492F48FDF7E2FF0D2387F82930FB6807F120010A22184687
S32D00013588FFF7B8FB78632C492748FDF734FFF86800F0A0FA034619462348FDF7F1FF274B01221A7005233B63BF
S32D000135B00023FB62F86800F0B3FA0346002B0CBF01230023DBB2002B22D0FA6A3B6B9A4215DD1748FDF749FDCE
S32D000135D81B491548FDF70FFFBB68DBB219461248FDF7CEFF17491048FDF7A4FF16490E48FDF7A0FFFEE7FB68F8
S32D0001360007F120010A221846FFF778FB7863D1E710490748FDF792FF40F6B830FCF718FB0348FDF722FD6837AE
S32D00013628BD4680BD44B70100F419002040B80100B0B7010058B8010068B801005D1A002080B80100A4B801004A
S32D00013650DCB8010018B9010080B584B000AFF8600B467A60FB72FB7A402B0AD9FB7A4C2B07D8FB7A413B7A687B
S32D000136781946F868FFF718FC0CE0FB7A602B09D9FB7A6C2B06D8FB7A613B7A681946F868FFF70AFC00BF1037EE
S32D000136A0BD4680BDB0B5ADF5496D06AF07F67843A3F67443186007F67843A3F6784319600123C7F8743C00238E
S32D000136C8C7F8703C0023C7F86C3C07F66C3300241D46002C05DB2846FEF7DDFEEC35013CF7E707F67843A3F5E5
S32D000136F090739A4A1C4615460FCD0FC42B68236007F57E7307241D46002C05DB2846FEF7C6FEEC35013CF7E758
S32D0001371807F67843A3F517638F4A18461146F0231A4601F0F9FF07F5077300241D46002C05DB2846FEF7AFFEB5
S32D00013740EC35013CF7E707F67843A3F5276300221A60043300221A605A609A60DA6007F1300301241D46002C08
S32D0001376805DB2846FEF797FEEC35013CF7E707F67843A3F54763794A1C4615460FCD0FC40FCD0FC495E80300C6
S32D0001379084E80300D7F8743C002B00F087810023C7F8703C0023C7F86C3C00216E48FDF746FC0223C7F8603C54
S32D000137B807F66C306FF07F4305930023049307F6583303930123029301230193C9230093012301220121FFF769
S32D000137E039F807F57E706FF07F4305936FF07F43049307F542730393012302930123019302230093282304224D
S32D00013808D7F8601CFFF722F8D7F8703C002B42D107F6584207F65C4319465148FDF7DCFC0346002BF0D000232F
S32D00013830C7F8683CD7F8683C072BE9DC07F57E72D7F8683CEC2101FB03F3D018D7F85C1CD7F8582C0023FEF7A4
S32D0001385837FF0346002B14BF01230023DBB2002B13D007F57E72D7F8683CEC2101FB03F31344D7F85C1CD7F817
S32D00013880582C1846FEF7BEFFD7F8683C0133C7F8703CD7F8683C0133C7F8683CCAE7D7F8703C013B072B79D87E
S32D000138A801A252F823F000BFD1380100E5380100F93801000D3901002139010035390100493901008939010081
S32D000138D0412387F8673C07F50273244A07CA03C31A805BE0422387F8673C07F50273204A07CA03C31A8051E034
S32D000138F8432387F8673C07F502731C4A07CA03C31A8047E0442387F8673C07F50273184A07CA03C31A803DE040
S32D00013920452387F8673C07F50273144A07CA03C31A8033E0462387F8673C07F50273104A07CA03C31A8029E04B
S32D00013948472387F8673C07F502730C4A07CA03C31A801FE0B0B90100C4B90100B4BA0100F419002050B901003F
S32D000139705CB9010068B9010074B9010080B901008CB9010098B90100482387F8673C07F50273504A07CA03C3C1
S32D000139981A8000BF00214E48FDF74DFB07F507706FF07F4305930023049307F502730393012302930123019356
S32D000139C0C92300933C2301220121FEF743FF07F130006FF07F4305936FF07F43049307F1080303930123029393
S32D000139E8012301933C2300933C2302220121FEF72DFFD7F86C3C002B42D107F6584207F65C4319463248FDF78B
S32D00013A10E7FB0346002BF0D00023C7F8683CD7F8683C012BE9DC07F13002D7F8683CEC2101FB03F3D018D7F834
S32D00013A385C1CD7F8582C0023FEF742FE0346002B14BF01230023DBB2002B13D007F13002D7F8683CEC2101FB6D
S32D00013A6003F31344D7F85C1CD7F8582C1846FEF7C9FED7F8683C0133C7F86C3CD7F8683C0133C7F8683CCAE76D
S32D00013A88D7F86C3C012B04D0D7F86C3C022B04D007E00023C7F8743C03E00123C7F8743C00BF73E607F6784361
S32D00013AB0A3F6784297F8671C07F67843A3F6744312681868FFF7C8FD00BF07F67847BD46B0BD00BFA4B90100BD
S32D00013AD8F419002080B483B000AF7860044B1B68DBB24133DBB218460C37BD4680BC7047601A002080B483B0AC
S32D00013B0000AF7860054B1B78012B01D1012300E0002318460C37BD4680BC7047681A002080B584B000AF7860DE
S32D00013B28FCF71CF9F860114B1B7883F00103DBB2002B09D0FCF712F90246FB68D31AB3F57A7F01D2012300E009
S32D00013B500023002B00D0EAE7064B1B78002B04D0044B00221A70FF2300E0002318461037BD4680BD671A0020CE
S32D00013B7880B582B000AF78600B46FB70184B1B78002B29D07B685A78164B1A707B689A78154B1A707B68DA78A6
S32D00013BA0144B1A707B681A79134B1A707B6805331B78AA2B0CBF01230023DAB20F4B1A700F4B01221A700D4B4B
S32D00013BC81B78002B08D00D4800F04CF80C4B1B680B4A23F40053136000BF0837BD4680BD5D1A0020641A002030
S32D00013BF0681A0020691A0020651A0020661A0020671A00206C1A0020C0F00F4080B582B000AF786039607B6872
S32D00013C18012B07D13B684FF6FF72934202D10348FFF70EF900BF0837BD4680BD5C1A002080B500AF4FF6FF71C3
S32D00013C400120FFF7E3FF80BD80B483B000AF7860054B00221A60044B00225A607B6818460C37BD4680BC7047A0
S32D00013C686C1A002080B584B000AF7860154B1B68002B21D00023FB60124B5B68FA689A4214DA114AFB6852F8C6
S32D00013C902330002B0AD00E4AFB6852F823301846FAF747FE03461A460A4B1A70FB680133FB60E5E7054B002209
S32D00013CB85A60044B00221A60044B1B7818461037BD4680BD6C1A0020781A0020741A002080B582B000AF78607D
S32D00013CE039607B68012B07D13B684FF6FF72934202D10348FFF7A8FF00BF0837BD4680BD6C1A002080B500AF84
S32D00013D084FF6FF710120FFF7E3FF80BD80B483B000AF78600A4B03F580531B6B084A43F0010302F58052136345
S32D00013D30064B5B68054A43F03203536000BF0C37BD4680BC704700BF0070044000000A4038B5084C4FF41E652A
S32D00013D582846E56001F0D8F9A06020B10023C0E90053606038BDE060606038BDE01A002081F0004102E000BFC0
S32D00013D8083F0004330B54FEA41044FEA430594EA050F08BF90EA020F1FBF54EA000C55EA020C7FEA645C7FEA8F
S32D00013DA8655C00F0E2804FEA5454D4EB5555B8BF6D420CDD2C4480EA020281EA030382EA000083EA010180EAEC
S32D00013DD0020281EA0303362D88BF30BD11F0004F4FEA01314FF4801C4CEA113102D0404261EB410113F0004F72
S32D00013DF84FEA03334CEA133302D0524263EB430394EA050F00F0A780A4F10104D5F1200E0DDB02FA0EFC22FA76
S32D00013E2005F2801841F1000103FA0EF2801843FA05F359410EE0A5F120050EF1200E012A03FA0EFC28BF4CF022
S32D00013E48020C43FA05F3C01851EBE37101F0004507D54FF0000EDCF1000C7EEB00006EEB0101B1F5801F1BD371
S32D00013E70B1F5001F0CD349085FEA30004FEA3C0C04F101044FEA445212F5800F80F09A80BCF1004F08BF5FEA3F
S32D00013E98500C50F1000041EB045141EA050130BD5FEA4C0C404141EB0101013C28BFB1F5801FE9D291F0000FBB
S32D00013EC004BF01460020B1FA81F308BF2033A3F10B03B3F120020CDA0C3208DD02F1140CC2F10C0201FA0CF034
S32D00013EE821FA02F10CE002F11402D8BFC2F1200C01FA02F120FA0CFCDCBF41EA0C019040E41AA2BF01EB0451DF
S32D00013F10294330BD6FEA04041F3C1CDA0C340EDC04F11404C4F1200220FA04F001FA02F340EA030021FA04F32C
S32D00013F3845EA030130BDC4F10C04C4F1200220FA02F001FA04F340EA0300294630BD21FA04F0294630BD94F028
S32D00013F60000F83F4801306BF81F480110134013D4EE77FEA645C18BF7FEA655C29D094EA050F08BF90EA020F9F
S32D00013F8805D054EA000C04BF1946104630BD91EA030F1EBF0021002030BD5FEA545C05D14000494128BF41F03D
S32D00013FB0004130BD14F580043CBF01F5801130BD01F0004545F0FE4141F470014FF0000030BD7FEA645C1ABF3A
S32D00013FD8194610467FEA655C1CBF0B46024650EA013406BF52EA033591EA030F41F4002130BD00BF90F0000FA1
S32D0001400004BF0021704730B54FF4806404F132044FF000054FF0000150E700BF90F0000F04BF0021704730B536
S32D000140284FF4806404F1320410F0004548BF40424FF000013EE700BF42004FEAE2014FEA31014FEA02701FBFD3
S32D0001405012F07F4393F07F4F81F06051704732F07F4208BF704793F07F4F04BF41F40021704730B54FF46074D5
S32D0001407801F0004521F000411CE700BF50EA010208BF704730B54FF000050AE050EA010208BF704730B511F060
S32D000140A0004502D5404261EB41014FF4806404F132045FEA915C3FF4D8AE4FF003025FEADC0C18BF03325FEABA
S32D000140C8DC0C18BF033202EBDC02C2F1200300FA03FC20FA02F001FA03FE40EA0E0021FA02F11444BDE600BF33
S32D000140F070B54FF0FF0C4CF4E06C1CEA11541DBF1CEA135594EA0C0F95EA0C0F00F0DEF82C4481EA030621EA09
S32D000141184C5123EA4C5350EA013518BF52EA033541F4801143F4801338D0A0FB02CE4FF00005E1FB02E506F074
S32D000141400042E0FB03E54FF00006E1FB03569CF0000F18BF4EF0010EA4F1FF04B6F5007F64F5407404D25FEA24
S32D000141684E0E6D4146EB060642EAC62141EA55514FEAC52040EA5E504FEACE2EB4F1FD0C88BFBCF5E06F1ED8E7
S32D00014190BEF1004F08BF5FEA500E50F1000041EB045170BD06F0004646EA010140EA020081EA0301B4EB5C049D
S32D000141B8C2BFD4EB0C0541EA045170BD41F480114FF0000E013C00F3AB8014F1360FDEBF002001F0004170BD06
S32D000141E0C4F10004203C35DA0C341BDC04F11404C4F1200500FA05F320FA04F001FA05F240EA020001F000421D
S32D0001420821F0004110EBD37021FA04F642EB06015EEA430E08BF20EAD37070BDC4F10C04C4F1200500FA04F344
S32D0001423020FA05F001FA04F240EA020001F0004110EBD37041F100015EEA430E08BF20EAD37070BDC4F12005DC
S32D0001425800FA05F24EEA020E20FA04F301FA05F243EA020321FA04F001F0004121FA04F220EA020000EBD3703D
S32D000142805EEA430E08BF20EAD37070BD94F0000F0FD101F00046400041EB010111F4801F08BF013CF7D041EA83
S32D000142A8060195F0000F18BF704703F00046520043EB030313F4801F08BF013DF7D043EA0603704794EA0C0F07
S32D000142D00CEA135518BF95EA0C0F0CD050EA410618BF52EA4306D1D181EA030101F000414FF0000070BD50EA4E
S32D000142F8410606BF1046194652EA430619D094EA0C0F02D150EA013613D195EA0C0F05D152EA03361CBF104691
S32D0001432019460AD181EA030101F0004141F0FE4141F470014FF0000070BD41F0FE4141F4780170BD70B54FF062
S32D00014348FF0C4CF4E06C1CEA11541DBF1CEA135594EA0C0F95EA0C0F00F0A7F8A4EB050481EA030E52EA0335B0
S32D000143704FEA013100F088804FEA03334FF0805545EA131343EA12634FEA022245EA111545EA10654FEA00268C
S32D000143980EF000419D4208BF964244F1FD0404F5407402D25B084FEA3202B61A65EB03055B084FEA32024FF477
S32D000143C080104FF4002CB6EB020E75EB030E22BFB61A754640EA0C005B084FEA3202B6EB020E75EB030E22BF38
S32D000143E8B61A754640EA5C005B084FEA3202B6EB020E75EB030E22BFB61A754640EA9C005B084FEA3202B6EB00
S32D00014410020E75EB030E22BFB61A754640EADC0055EA060E18D04FEA051545EA16754FEA06164FEAC30343EAC1
S32D0001443852734FEAC2025FEA1C1CC0D111F4801F0BD141EA00014FF000004FF0004CB6E711F4801F04BF0143C3
S32D000144600020B4F1FD0C88BFBCF5E06F3FF6AFAEB5EB030C04BFB6EB020C5FEA500C50F1000041EB045170BDD1
S32D000144880EF0004E4EEA113114EB5C04C2BFD4EB0C0541EA045170BD41F480114FF0000E013C90E645EA060ED9
S32D000144B08DE60CEA135594EA0C0F08BF95EA0C0F3FF43BAF94EA0C0F0AD150EA01347FF434AF95EA0C0F7FF4AF
S32D000144D825AF104619462CE795EA0C0F06D152EA03353FF4FDAE1046194622E750EA410618BF52EA43067FF448
S32D00014500C5AE50EA41047FF40DAF52EA43057FF4EBAE12E74FF0FF3C06E000BF4FF0010C02E000BF4FF0010C8A
S32D000145284DF804CD4FEA410C7FEA6C5C4FEA430C18BF7FEA6C5C1BD001B050EA410C0CBF52EA430C91EA030F01
S32D0001455002BF90EA020F0020704710F1000F91EA030F58BF994208BF90422CBFD8176FEAE37040F00100704783
S32D000145784FEA410C7FEA6C5C02D150EA013C07D14FEA430C7FEA6C5CD6D152EA033CD3D05DF8040B704700BFE3
S32D000145A08446104662468C461946634600E000BF01B5FFF7B7FF002848BF10F1000F01BD4DF808EDFFF7F4FF29
S32D000145C80CBF012000205DF808FB00BF4DF808EDFFF7EAFF34BF012000205DF808FB00BF4DF808EDFFF7E0FF2E
S32D000145F094BF012000205DF808FB00BF4DF808EDFFF7CEFF94BF012000205DF808FB00BF4DF808EDFFF7C4FF56
S32D0001461834BF012000205DF808FB00BF4FEA410C7FEA6C5C02D150EA013C0AD14FEA430C7FEA6C5C02D152EA84
S32D00014640033C02D14FF0000070474FF0010070474FEA410212F5001215D211D56FF47873B3EB625212D94FEA26
S32D00014668C12343F0004343EA505311F0004F23FA02F018BF404270474FF00000704750EA013005D111F0004012
S32D0001469008BF6FF0004070474FF00000704700BF4A0011D212F5001211D20DD56FF47873B3EB62520ED44FEA63
S32D000146B8C12343F0004343EA505323FA02F070474FF00000704750EA013002D14FF0FF3070474FF00000704794
S32D000146E04FEA4102B2F1E04324BFB3F5001CDCF1FE5C0DD901F0004C4FEAC0024CEA5070B2F1004F40EB8300E7
S32D0001470808BF20F00100704711F0804F21D113F13872BCBF01F00040704741F480114FEA5252C2F11802C2F1FD
S32D00014730200C10FA0CF320FA02F018BF40F001004FEAC1234FEAD32303FA0CFC40EA0C0023FA02F34FEA4303F9
S32D00014758CCE77FEA625307D150EA01331EBF4FF0FE4040F44000704701F0004040F0FE4040F40000704700BF4D
S32D0001478080F0004002E000BF81F0004142001FBF5FEA410392EA030F7FEA226C7FEA236C6AD04FEA1262D2EB39
S32D000147A81363C1BFD218414048404140B8BF5B42192B88BF704710F0004F40F4000020F07F4018BF404211F076
S32D000147D0004F41F4000121F07F4118BF494292EA030F3FD0A2F1010241FA03FC10EB0C00C3F1200301FA03F1C8
S32D000147F800F0004302D5494260EB4000B0F5000F13D3B0F1807F06D340084FEA310102F10102FE2A51D2B1F1C9
S32D00014820004F40EBC25008BF20F0010040EA03007047490040EB0000013A28BFB0F5000FEDD2B0FA80FCACF155
S32D00014848080CB2EB0C0200FA0CF0AABF00EBC25052421843BCBFD0401843704792F0000F81F4000106BF80F45A
S32D0001487000000132013BB5E74FEA41037FEA226C18BF7FEA236C21D092EA030F04D092F0000F08BF084670471B
S32D0001489890EA010F1CBF0020704712F07F4F04D1400028BF40F00040704712F100723CBF00F50000704700F0B6
S32D000148C0004343F0FE4040F4000070477FEA226216BF08467FEA23630146420206BF5FEA412390EA010F40F470
S32D000148E8800070474FF0000304E000BF10F0004348BF40425FEA000C08BF704743F0964301464FF000001CE058
S32D0001491050EA010208BF70474FF000030AE000BF50EA010208BF704711F0004302D5404261EB41015FEA010C96
S32D0001493802BF84460146002043F0B64308BFA3F18053A3F50003BCFA8CF2083AA3EBC25310DB01FA02FC6344C5
S32D0001496000FA02FCC2F12002BCF1004F20FA02F243EB020008BF20F00100704702F1200201FA02FCC2F12002AF
S32D0001498850EA4C0021FA02F243EB020008BF20EADC7070474FF0FF0C1CEAD0521EBF1CEAD15392EA0C0F93EADA
S32D000149B00C0F6FD01A4480EA010C400218BF5FEA41211ED04FF0006343EA501043EA5111A0FB01310CF0004030
S32D000149D8B1F5000F3EBF490041EAD3715B0040EA010062F17F02FD2A1DD8B3F1004F40EBC25008BF20F00100C8
S32D00014A00704790F0000F0CF0004C08BF49024CEA502040EA51207F3AC2BFD2F1FF0340EAC250704740F4000080
S32D00014A284FF00003013A5DDC12F1190FDCBF00F000407047C2F10002410021FA02F1C2F1200200FA02FC5FEAE2
S32D00014A50310040F1000053EA4C0308BF20EADC70704792F0000F00F0004C02BF400010F4000F013AF9D040EA66
S32D00014A780C0093F0000F01F0004C02BF490011F4000F013BF9D041EA0C018FE70CEAD15392EA0C0F18BF93EA5E
S32D00014AA00C0F0AD030F0004C18BF31F0004CD8D180EA010000F00040704790F0000F17BF90F0004F084691F044
S32D00014AC8000F91F0004F14D092EA0C0F01D142020FD193EA0C0F03D14B0218BF084608D180EA010000F000401D
S32D00014AF040F0FE4040F40000704740F0FE4040F4400070474FF0FF0C1CEAD0521EBF1CEAD15392EA0C0F93EA18
S32D00014B180C0F69D0A2EB030280EA010C49024FEA402037D04FF0805343EA111143EA10130CF000408B4238BF75
S32D00014B405B0042F17D024FF4000C8B4224BF5B1A40EA0C00B3EB510F24BFA3EB510340EA5C00B3EB910F24BF25
S32D00014B68A3EB910340EA9C00B3EBD10F24BFA3EBD10340EADC001B0118BF5FEA1C1CE0D1FD2A3FF650AF8B4220
S32D00014B9040EBC25008BF20F0010070470CF0004C4CEA50207F32C2BFD2F1FF0340EAC250704740F400004FF0DF
S32D00014BB80003013A37E792F0000F00F0004C02BF400010F4000F013AF9D040EA0C0093F0000F01F0004C02BFC7
S32D00014BE0490011F4000F013BF9D041EA0C0195E70CEAD15392EA0C0F08D142027FF47DAF93EA0C0F7FF470AFF9
S32D00014C08084676E793EA0C0F04D14B023FF44CAF08466EE730F0004C18BF31F0004CCAD130F000427FF45CAF1C
S32D00014C3031F000437FF43CAF5FE700BF4FF0FF3C06E000BF4FF0010C02E000BF4FF0010C4DF804CD4FEA4002A5
S32D00014C584FEA41037FEA226C18BF7FEA236C11D001B052EA530C18BF90EA010F58BFB2EB030088BFC81738BF88
S32D00014C806FEAE17018BF40F0010070477FEA226C02D15FEA402C05D17FEA236CE4D15FEA412CE1D05DF8040BCF
S32D00014CA8704700BF844608466146FFE70FB5FFF7C9FF002848BF10F1000F0FBD4DF808EDFFF7F4FF0CBF012026
S32D00014CD000205DF808FB00BF4DF808EDFFF7EAFF34BF012000205DF808FB00BF4DF808EDFFF7E0FF94BF012097
S32D00014CF800205DF808FB00BF4DF808EDFFF7D2FF94BF012000205DF808FB00BF4DF808EDFFF7C8FF34BF01209F
S32D00014D2000205DF808FB00BF4FEA4002B2F1FE4F0FD34FF09E03B3EB12620DD94FEA002343F0004310F0004FE7
S32D00014D4823FA02F018BF404270474FF00000704712F1610F01D1420205D110F0004008BF6FF0004070474FF02C
S32D00014D700000704742000ED2B2F1FE4F0BD34FF09E03B3EB126209D44FEA002343F0004323FA02F070474FF0C7
S32D00014D980000704712F1610F01D1420202D14FF0FF3070474FF00000704700BF08B5062001F024F8012006F0F8
S32D00014DC007FB00BF014B1868704700BF1C0D00209368002B00F081802DE9F04FB1F90C300C461907804683B0BB
S32D00014DE8174698B223D523690BB310F002033D682BD04FF0000ADFF8B4B256465E453346524628BF5B4640462A
S32D00014E10002E4FD0E169D4F824C0E047002852DDBB681B1A8244361ABB60002BEAD1002003B0BDE8F08F2146E1
S32D00014E38404602F0BBFE002840F03481B4F90C303D6898B210F00203D3D110F0010942D14E463EB38205D4F897
S32D00014E6008B040F18180B3455A4600F2B18010F4906F40F0BE8020680192494600F0EAFCA3682168019AA3EBD0
S32D00014E880B030A44B246A36022600026B868A0EB0A00D144B8600028C5D0B4F90C0080B2002ED7D1D5E9009648
S32D00014EB00835D2E7D5E900A60835A3E72146404603F078FF80B3B4F90C3043F040034FF0FF30A38103B0BDE8DF
S32D00014ED8F08F002070471E46AA46994618461D4656B388B34A46D4E904132068B24228BF3246884205D9A1682D
S32D00014F0003EB010B5A4500F3A780934264DCE169D4F824C02A464046E047B0F1000BD2DDB9EB0B09CAD00120D5
S32D00014F28BB68A3EB0B035D44A6EB0B06BB60002B3FF479AF002ED4D10AF1080353E902569A460833002EF9D038
S32D00014F5032460A21284600F093FB002800F09D800130A0EB0509C1E720682369984217D86369B34214D86FF013
S32D00014F780042B24228BF3246E16992FBF3F2D4F824C002FB03F340464A46E047B0F1000A95DDA6EB0A0679E7BB
S32D00014FA0B345DA4628BFB2465246494600F052FCA3682268A3EB0A035244A3602260002BEBD12146404603F074
S32D00014FC8F5FE0028E5D07AE72068B34632464FE72946019200F03AFC019AA3689B1AA360236813442360934696
S32D00014FF096E723682169A3EB010B636903EB430A0AEBDA7A0BF101034FEA6A0A33445345524684BF9A46524607
S32D0001501843052CD51146404600F07EF800283BD05A462169019000F077FBA289019B22F4906242F08002A281E7
S32D0001504003EB0B002361AAEB0B03C4F814A0A3602060B34632460FE729465A4600F0FAFB23685B4423602146BF
S32D00015068404603F0A3FE00283FF456AF27E7404600F0C6FC03460028DED12169404603F0C1FFB4F90C300C225F
S32D0001509023F08003C8F8002017E7721C914626E70C22B4F90C30C8F800200EE74FF0FF30BEE600BF00FCFF7FD4
S32D000150B870B50D4E0D4D761BB61006D0002455F8043B01349847A642F9D1094E094D761B06F0DAFEB61006D0A4
S32D000150E0002455F8043B01349847A642F9D170BD9CBE01009CBE0100C8BE01009CBE0100704700BF704700BF7A
S32D00015108704700BF704700BF024B0146186800F003B800BF1C0D00202DE9F04F01F10B06162E83B0044624D8B0
S32D00015130102900F2BA8000F05BFC102618220220B54F3A44A2F1080153688B4200F0BA805A68D96822F0030228
S32D000151581A449D68E9608D60516841F001012046516003F1080500F045FC284603B0BDE8F08F36F0070600F1F1
S32D000151809480B14200F2918000F032FCB6F5FC7FC0F09A81730A00F08F80042B00F26F81B30903F1390003F17D
S32D000151A8380CC3009A4F3B44A3F108055B689D4206D10CE0002980F22781DB689D4206D05A6822F00302911BA3
S32D000151D00F29F3DD60463D69DFF840C265457CD06A6822F00302931B0F2B00F37B81002BC7E904CC80F26C81C3
S32D000151F8B2F5007F80F01A81D308796801334FEA521E012202FA0EF20A4357F833E0C5F808E007EBC301083954
S32D00015220E9607A6047F83350CEF80C50831001219940914257D8114206D120F003004900114200F10400FAD030
S32D0001524807EBC0094D468646D5F80C80454508D11DE1002B80F22481D8F80C80454500F01681D8F8042022F0AE
S32D000152700302931B0F2BF0DD2046D8E9025408EB060146F00106C8F80460EC60A56043F00104C7E90411C1E985
S32D0001529802CC4C6048F8023000F0ACFB08F1080502E00C2323600025284603B0BDE8F08F4FF4007340204FF00B
S32D000152C03F0C73E7D3689A4208BF02307FF440AF3D69DFF848C1654582D17A688310012199409142A7D9BD683D
S32D000152E86B6823F003094E4503D8A9EB06030F2B7ADCDFF824B1494BDBF800201B680132334405EB090A00F0B7
S32D00015310338103F580530F3323F47F6828F00F084146204600F05CFD411C024600F0F380824500F2EE803C4B94
S32D00015338196841441960084600F04E81DBF80010019301311BBFA2EB0A0A5044CBF80020186012F0070B00F0A3
S32D000153601781CBF108010A44CBF5805190440831A1EB0801C1F30B0A51462046009200F02FFD421CDDE9002385
S32D0001538800F04F81801A00EB0A081968BA6048F001005144BD425060196000F02981B9F10F0F40F22781686802
S32D000153B0A9F10C0C2CF0070C00F0010040EA0C0068604FF0050E05EB0C00BCF10F0FC0E901EE00F232815068F0
S32D000153D81546144B1A688A4238BF1960124B1A688A4238BF196094E0AA1943F0010346F001066E602046BA601A
S32D00015400536000F0FBFA0835284603B0BDE8F08FD9681A44A1E600BF481100205011002050150020301B002094
S32D00015428001B0020281B00202C1B0020B2F5206F4FEA522363D3142B00F2B78003F15C01C9005B3307EB010E25
S32D000154507958AEF1080E8E4500F091804B6823F00303934202D989688E45F7D1D1F80CE07A68C5E9021ECEF8A0
S32D000154780850CD60D6E6142B59D9542B00F29D80330B03F16F0003F16E0CC3008AE60EF1010E1EF0030F05F15F
S32D000154A008057FF4D5AE51E0424445465368D8F80C1043F00103536055F8083F2046D9608B6000F09BFAF3E68B
S32D000154C8F00806F1080237E62A442046536843F001035360083500F08DFAE5E6A919204646F0010643F001040A
S32D000154F06E60C7E90411C1E902CC4C60AB5000F07DFA0835D4E6930903F13901C90038339CE7BD425FD0BD68A9
S32D00015518686820F003084645A8EB060302D80F2B3FF762AF204600F065FA0025BCE603F15C0003F15B0CC3000D
S32D0001554034E659F808394B4540F0968010F0030F00F1FF30F5D17B6823EA01037B60490099423FF6C0AE19B95A
S32D00015568BDE649000EF1040E1942FAD0704667E603F11008D0E69A104FF001087B6808FA02F21A437A6070E7D4
S32D0001559002EB08014942C1F30B0A51462046009200F01EFC431CDDE900237FF4EFAEDA46EFE6542B25D8130B22
S32D000155B803F16F01C9006E3344E7B3F5AA7F25D8F30B03F1780003F1770CC300EAE5294B186840441860B1E603
S32D000155E0CAF30B0CBCF1000F7FF4ACAEBD68C84448F001006860F0E61546EEE60123536094E7B3F5AA7F23D8EA
S32D00015608D30B03F17801C90077331BE740F25452934223D8B30C03F17D0003F17C0CC300C0E5ABF1080BD8442C
S32D00015630A8EB02084FF0000AABE605F108012046009303F0E3FCBD68009B68681968C4E640F254518B420BD8C8
S32D00015658930C03F17D01C9007C33F3E64FF47E737F204FF07E0C9DE54FF47E717E23E9E67B6870E7001B00208C
S32D0001568001F0FF01102A2BDB10F0070F08D010F8013B013A8B422DD010F0070F42B3F6D1F0B441EA012141EAA5
S32D000156A8014122F007047FF000070023F0E80256083C85EA010586EA010685FA47F5A3FA87F586FA47F6A5FA4B
S32D000156D087F68EB9EED1F0BC01F0FF0102F0070232B110F8013B013A83EA010313B1F8D1002070470138704769
S32D000156F8002D06BF35460338073815F0010F07D1013015F4807F02BF013015F4C03F0130F0BC0138704700BFF0
S32D00015720844641EA000313F003036DD1403A41D351F8043B40F8043B51F8043B40F8043B51F8043B40F8043B90
S32D0001574851F8043B40F8043B51F8043B40F8043B51F8043B40F8043B51F8043B40F8043B51F8043B40F8043B37
S32D0001577051F8043B40F8043B51F8043B40F8043B51F8043B40F8043B51F8043B40F8043B51F8043B40F8043B0F
S32D0001579851F8043B40F8043B51F8043B40F8043B51F8043B40F8043B403ABDD2303211D351F8043B40F8043B97
S32D000157C051F8043B40F8043B51F8043B40F8043B51F8043B40F8043B103AEDD20C3205D351F8043B40F8043B9F
S32D000157E8043AF9D2043208D0D2071CBF11F8013B00F8013B01D30B8803806046704700BF082A13D38B078DD041
S32D0001581010F003038AD0C3F10403D21ADB071CBF11F8013B00F8013B80D331F8023B20F8023B7BE7043AD9D3D2
S32D00015838013A11F8013B00F8013BF9D20B7803704B7843708B7883706046704788420DD98B1883420AD900EB1D
S32D00015860020CBAB1624613F801CD02F801CD9942F9D170470F2A0ED8034602F1FF3C4AB10CF1010C013B8C4454
S32D0001588811F8012B03F8012F6145F9D1704740EA01039B0750D1A2F1100370B501F1200C23F00F0501F1100E59
S32D000158B000F11004AC441B095EF8105C44F8105C5EF80C5C44F80C5C5EF8085C44F8085C5EF8045C44F8045C38
S32D000158D80EF1100EE64504F11004E9D1013312F00C0F01EB031102F00F0400EB031327D0043C24F003064FEAB2
S32D00015900940C1E441C1F8E465EF8045B44F8045FB442F9D10CF1010402F0030203EB840301EB840102F1FF3C46
S32D000159284AB10CF1010C013B8C4411F8012B03F8012F6145F9D170BD02F1FF3C03469BE72246EBE7830730B5A0
S32D0001595048D0541E002A3FD0CAB2034601E0013C3AD303F8012B9D07F9D1032C2DD9CDB245EA05250F2C45EA69
S32D00015978054536D9A4F1100222F00F0C03F1200EE6444FEA121C03F1100242E9045542E9025510327245F8D152
S32D000159A00CF1010214F00C0F03EB021204F00F0C13D0ACF1040323F003030433134442F8045B9342FBD10CF044
S32D000159C803042CB1CAB21C4403F8012B9C42FBD130BD64461346002CF4D1F9E703461446BFE71A46A446E0E704
S32D000159F00148FFF789BB00BFF41A00200148FFF785BB00BFF41A00202DE9F84F1746002900F0988007F10B05B9
S32D00015A1880460C46FFF7E8FF162D5DD810252A46AF425ED854F8041C21F003069642A4F1080962DABC4BD3F814
S32D00015A4008C009EB0600844500F09780D0F804C02CF0010303445B68DB0768D42CF0030C06EB0C03934247DAB0
S32D00015A68CB0710D454F8083CA9EB030ADAF8043023F003018C44B444944580F211817318934280F2E8803946AD
S32D00015A904046FFF745FB0746E0B154F8043C23F001034B44A0F10802934200F0D280321F242A00F2F580132A26
S32D00015AB800F2AC8003462246116819605168596092689A602146404603F09CFA4046FFF791FF3846BDE8F88F6C
S32D00015AE025F00705002D2A469EDA0C23C8F8003000273846BDE8F88F1E46D0E90223D3609A60731B0F2B22D840
S32D00015B08D9F8043003F0010333434E44C9F80430736843F00103736040462746FFF76AFF3846BDE8F88FC907C4
S32D00015B30ADD454F8083CA9EB030ADAF8041021F00301A0E7BDE8F84F1146FFF7E9BAD9F8041001F001012943F2
S32D00015B58C9F8041009EB05014E4443F001034B60736843F0010308317360404603F04AFAD2E7DCF8040020F05F
S32D00015B80030B06EB0B0C05F1100084454DDAC9073FF57DAF54F8081CA9EB010ADAF8041021F003018B44B344EA
S32D00015BA858453FF76CAF5746DAF80C1057F8080F321F242AC160886000F2DB80132A40F2D6802168CAF80810D2
S32D00015BD06168CAF80C101B2A00F2DF8008340AF110022168116061685160A16891600AEB0501ABEB050242F0E8
S32D00015BF8010299604A60DAF8043003F001031D434046CAF80450FFF7F5FE6EE723680360636843601B2A68D8C0
S32D00015C2004F1080200F108034AE709EB05029A60ACEB050343F00103536054F8043C03F001031D43404644F806
S32D00015C48045CFFF7D7FE27464FE750F8043C23F003031E4451E75746DAF80C1057F8080F321F242AC16088608B
S32D00015C704CD8132A48D92168CAF808106168CAF80C101B2A56D808340AF110021E462368136063685360A368D2
S32D00015C989360D1463C4630E72146FFF7D7FD11E7D0E902135746CB60996057F8081FDAF80C30CB60321F242A34
S32D00015CC099602DD8132A29D92368CAF808306368CAF80C301B2A42D808340AF1100322681A6062685A60A268EF
S32D00015CE89A606646D1463C4607E7A3688360E368C360242A26D004F1100200F11003DBE63A46BFE721463846E9
S32D00015D101E46D146FFF79EFD3C46F2E63B46DEE7214638466646D146FFF794FD3C46E8E648110020A168CAF8F5
S32D00015D381010E168CAF81410242A20D010340AF118029FE7236903616169416104F1180200F11803B0E6A368B8
S32D00015D60CAF81030E368CAF81430242A21D010340AF11803B3E73A4633E721463846FFF769FD164B33E72269AD
S32D00015D88CAF818206269CAF81C2018340AF1200278E7A168CAF81010E168CAF81410242A0DD010340AF11802C3
S32D00015DB017E72369CAF818306369CAF81C3018340AF120038BE72269CAF818206269CAF81C2018340AF12002C3
S32D00015DD803E700BF4811002038B5074D0022044608462A6005F0DAFA431C00D038BD2B68002BFBD0236038BD07
S32D00015E00341B002038B5154B1F281D6820D8D5F8DC22044662B152F820304BB1012B15D0591C0FD0002542F871
S32D00015E2820509847284638BD284600F02BF8224601462846BDE8384000F00EB816232B60012038BD002038BD39
S32D00015E5016232B604FF0FF3038BD00BF1C0D002070B50C46084D03460026204611461C462E6005F07FFA431C3F
S32D00015E7800D070BD2B68002BFBD0236070BD00BF341B002005F062BA0EB410B59DB06FF000411FABCDE906018B
S32D00015EA00491094953F8042B0290084C0868019302A9059400F0F2F8029B00221A701DB0BDE8104003B07047F5
S32D00015EC81C0D00200802FFFF80EA0102844612F0030F4FD111F0030F32D14DF8044D11F0040F51F8043B0BD0CC
S32D00015EF0A3F101329A4312F0803F04BF4CF8043B51F8043B16D100BF51F8044BA3F101329A4312F0803FA4F118
S32D00015F1801320BD14CF8043BA24312F0803F04BF51F8043B4CF8044BEAD023460CF8013B13F0FF0F4FEA332341
S32D00015F40F8D15DF8044B704711F0010F06D011F8012B0CF8012B002A08BF704711F0020FBFD031F8022B12F021
S32D00015F68FF0F16BF2CF8022B8CF8002012F47F4FB3D1704711F8012B0CF8012B002AF9D1704700BF0000000054
S32D00015F9000000000000000000000000000000000000000000000000000000000000000000000000000000000E2
S32D00015FB8000000000000000090F800F06DE9024520F007016FF0000C10F0070491F820F040F049804FF0000442
S32D00015FE06FF00700D1E9002391F840F000F1080082FA4CF2A4FA8CF283FA4CF3A2FA8CF34BBBD1E9022382FA8F
S32D000160084CF200F10800A4FA8CF283FA4CF3A2FA8CF3E3B9D1E9042382FA4CF200F10800A4FA8CF283FA4CF337
S32D00016030A2FA8CF37BB9D1E9062301F1200182FA4CF200F10800A4FA8CF283FA4CF3A2FA8CF3002BC6D0002A6B
S32D0001605804BF04301A4612BAB2FA82F2FDE8024500EBD2007047D1E9002304F00305C4F100004FEAC50514F0A1
S32D00016080040F91F840F00CFA05F562EA05021CBF63EA050362464FF00004A9E72DE9F04FD5B00C460C91914687
S32D000160A80E930A9003F0D8F8036817931846FFF783FFA3891690190603D52369002B00F08B8700242BAB4D46D1
S32D000160D0CDE92944CDE91944CDE91B441294289398461894002308940024CDE914342B78002B00F0DD81AA467E
S32D000160F804E01AF8013F002B00F01681252BF8D1BAEB050640F014819AF80030002B00F0CB8100234FF0FF3247
S32D000161209AF801608DF8833009930AF1010A07921F462B244FF020090AF1010AA6F120035A2B00F22D81DFE822
S32D0001614813F0BA022B012B01B5022B012B012B016A002B012B014F02E3022B015A02C9022B01C4025B005B00E3
S32D000161705B005B005B005B005B005B005B002B012B012B012B012B012B012B01BF012B011A028600BF01BF0141
S32D00016198BF012B012B012B012B01B0022B012B01C3002B012B012B0124022B015F022B012B013C072B012B0171
S32D000161C02B012B012B012B012B012B01BF012B011A028800BF01BF01BF01A302880081002B0196022B018202B6
S32D000161E8C500700281002B0124027E0039072B012B0119072B017E00A6F1300300221AF8016B02EB820203EBD5
S32D000162104202A6F13003092BF5D909928EE7DDF828B0584603F01CF843681B931846FFF7C7FE1C9006465846E5
S32D0001623803F012F883681993002E40F07A869AF8006075E79AF8006047F0200770E747F01007BA060E9B40F168
S32D000162608081073323F007031A465B6852F8084B0E929946002BC0F25F85079B013301F01F8054EA090327F0F0
S32D00016288800B00F0E3840A2C79F1000380F08187303401238DF84F415F460B930DF24F1507990B989DF883202C
S32D000162B081424FF00003B8BF01460D9306910F9313931093002A7CD0069B0133069378E047F0100717F0200920
S32D000162D800F034810E9B073323F00703D3F8049053F8084B0E9327F4806B002300228DF88320079A511C00F0E3
S32D000163000D8254EA09012BF0800740F00682002A41F01080002B40F0A2841BF001030B9300F0378530238DF8A0
S32D000163284F310DF24F15BBE7BAEB050600F0BC802A9B33442A93299B0133072BC8E90056299305DC08F1080815
S32D00016350089B33440893DBE60C990A9828AA03F04DFC80B90DF1AC08F2E70C990A9828AA03F044FC002800F02B
S32D000163788C800D9B1BB10D990A9802F043FE0C9B9B8913F0400F089B18BF4FF0FF330893089855B0BDE8F08F8F
S32D000163A0002E00F0858000228DF8EC608DF88320012306930D920B9307920F92139210923BAD17F0020302D04F
S32D000163C806990231069117F0840B07D109990698A1EB0009B9F1000F00F315832A9C8AB1299A0DF1830101323D
S32D000163F00134C8F80010072A4FF001012A942992C8F8041000F3468308F1080883B1299B21AA01330234C8F808
S32D000164180020072B4FF002022A942993C8F8042000F3488308F10808BBF1800F00F00E82079B0B9AA3EB020BFE
S32D00016440BBF1000F00F34F82FB0500F1A5810B9BC8F804301C44299BC8F800500133072B2A94299300F3C782AD
S32D0001646808F108087B0705D5099B069A9D1A002D00F32C83DDE9083206998A42ACBF9B185B180893002C7FF4A0
S32D000164906CAF002329930D9B1BB10D990A9802F0B5FD0DF1AC0855462B78002B7FF423AE2A9B002B3FF467AFEB
S32D000164B80C9C0A9828AA214603F09CFBA38960E70E9B073323F00702F2E80234CDE91434DDE9143424F00044C2
S32D000164E00E92994618462146A74B4FF0FF32FEF799F8002840F06284A34B484621464FF0FF32FEF771F800284A
S32D0001650840F05884DDE9140100220023FEF75EF8002840F0AD879DF883209A4D9A4B27F080070321472EC8BF9F
S32D000165301D4600230D9306910B9107930F9313931093BFE617F0100340F02E8417F0400200F054870E9A52F8B7
S32D00016558044B0E929946A4B2C5E653F8044B0E93FB0600F118847D0640F1128444F3C0394B4624B27AE60E9B92
S32D00016580002253F8041B8DF883208DF8EC100E930EE70E9C079B54F8045B4FF000098DF88390002D00F0D586D2
S32D000165A85A1C00F052851A4649462846FFF764F80D90002801F057800D9BCDF81C905B1B0B930E9423EAE37319
S32D000165D09DF883200693CDF83490CDF83C90CDF84C90CDF840906DE60E9B53F8042B0992002A80F2C983099ADF
S32D000165F80E93524209929AF8006047F0040797E547F0100B1BF0200900F081830E9B073323F00703D3F804901B
S32D0001662053F8084B0E93012364E60E9B53F8044B0E93302378268DF88430564B189347F0020B8DF885604FF057
S32D000166480009022352E6BD0600F18284FC0600F17386780600F13C87B90540F16D860E9B089953F8042B0E939E
S32D000166701170554618E79AF800606C2E03BF9AF8016047F020070AF1010A47F0100753E59AF80060682E03BF6B
S32D000166989AF8016047F400770AF1010A47F0400746E59AF8006047F0080741E59AF8006047F001073CE59DF83A
S32D000166C08330002B7FF4BFAD9AF800608DF8839032E59AF8006047F080072DE5524612F8016B2A2E01F0CD81E6
S32D000166E8A6F13003092B924698BF002201F288801AF8016B02EB820203EB4202A6F13003092BF5D9079215E5B9
S32D000167109AF800608DF883400EE5BB46012B3FF4B6AD022B54AD12D1189A04F00F032409D35C05F8013D44EADC
S32D0001673809744FEA191954EA0903F2D154AB5B1B5F460B93ACE504F00703E40844EA49744FEAD909303354EA63
S32D0001676009012A4605F8013DF1D11BF0010FE9D0302BE7D03023023A05F8013C54AB9B1A5F460B9315468FE51E
S32D00016788FFFFEF7FE0BA0100E4BA0100F0BA0100652E40F3E680DDE9140100220023FDF70BFF002800F0CD81E1
S32D000167B0299BBF4AC8F80020013301340122072B2A942993C8F8042000F37D8508F10808229B129A934280F243
S32D000167D8D382169B179A1C44C8E90023299B2A940133072B299300F3EB8308F10808129B5D1E002D7FF736AEEA
S32D00016800102D299BDFF8AC9240F36E8549462246B946DDF828B00C9C10260F4605E008F10808103D102D40F3AC
S32D000168285B8501331032072BC8E90076CDE92932F1DD28AA2146584603F0DCF900287FF498ADDDE929320DF115
S32D00016850AC08E6E7099B069AA3EB020BBBF1000F7FF7EAADBBF1100F299ADFF848922CDD1D9621464E460C9C53
S32D00016878DDF82890102306E0ABF1100BBBF1100F08F108081ADD01321031072AC8E90063CDE92921F0DD28AA71
S32D000168A0214648460DF1AC0803F0A8F900287FF464ADABF1100BBBF1100FDDE929214FF01003E4DCB1461D9E8C
S32D000168C80C4601325C44072ACDE92924C8F80090C8F804B000F31D8508F10808A8E5BBF1100F299ADFF8C4919F
S32D000168F02DDD41462046A8464C460C9DDDF82890102306E0ABF1100BBBF1100F01F1080119DD01321030072A9C
S32D00016918C1E90043CDE92920F0DD28AA2946484603F068F900287FF424ADABF1100BBBF1100FDDE929202BA9A3
S32D000169404FF01003E5DC4546A1468846044601325C44072ACDE92924C8F80090C8F804B000F3CC8108F1080877
S32D000169686EE5129B012B40F37C81299EC8F80050013601340123072E2A942996C8F8043000F3E08108F108083A
S32D00016990169B179A01361C44072EC8E90023CDE9296400F3E08108F10808DDE9140100220023FDF705FE0028F7
S32D000169B840F07481129B0136013B01351C44072EC8F800502996C8F804302A9400F3598108F108081A9BC8F8D4
S32D000169E0043001361C44072E24ABCDE92964C8F800307FF739AD0C990A9828AA03F0FEF800287FF4BAAC2A9C61
S32D00016A080DF1AC082EE5B9F1100FDDE929212BDDCDE91D3B1F96DDF828B04E461024A9460C9D04E0103E102E79
S32D00016A3008F1080817DD01321F4B1031072AC8E90034CDE92921F1DD28AA294658460DF1AC0803F0D3F8002801
S32D00016A587FF48FAC103E102EDDE92921E7DCDDE91D3B4D46B1461F9EC8F80490013209EB0104072A0E49C8F8D5
S32D00016A800010CDE9292400F3FF839DF8832008F10808A8E40C990A981D9328AA03F0AEF800287FF46AAC2A9CB9
S32D00016AA81D9B0DF1AC08ADE420BB010034BB010024BB01000C990A9828AA03F09BF800287FF457AC2A9C0DF117
S32D00016AD0AC08ADE4102D299B21DD0A9FDDF83090102604E0103D102D08F1080817DD0133B04A1034072BC8E91F
S32D00016AF80026CDE92934F1DD28AA494638460DF1AC0803F077F800287FF433AC103D102DDDE92934E7DC013357
S32D00016B20A44AC8F804502C44072BCDE92934C8F800207FF7A3AC0C990A9828AA03F05EF800287FF41AAC2A9C61
S32D00016B4898E42299002940F36683DDF84090129B9945A8BF9946B9F1000F0BDD299B01334C44072BC8E90059C7
S32D00016B702A94299300F32F8508F10808109EB9F1000FA8BFA6EB0906002E00F33882DDF840B07805AB4400F161
S32D00016B986682229B129A934202DBF90740F18E84169A17991444C8E90012299A2A940132072A299200F31885DD
S32D00016BC008F10808129AAE18A6EB0B06D51AAE42A8BF2E46002E0DDD299BC8F800B001333444072BC8F8046081
S32D00016BE82A94299300F31A8608F10808002EA8BFAD1B002D7FF736AC102D299BDFF8B09140F36E834946224652
S32D00016C10B946DDF828B00C9C10260F4605E008F10808103D102D40F35B8301331032072BC8E90076CDE929320D
S32D00016C38F1DD28AA2146584602F0DCFF00287FF498ABDDE929320DF1AC08E6E7079B002B7FF41EAB5F4600236C
S32D00016C6007930B9354ADFFF71FBBFA073FF581AE299EC8F80050013601340123072E2A942996C8F804307FF715
S32D00016C88A7AE0C990A9828AA02F0B4FF00287FF470ABDDE929640DF1AC089BE6129B5D1E002D7FF797AE102D41
S32D00016CB0DFF8049140F39683224607970A9C0C9F4FF0100B05E008F10808103D102D40F3878301361032072EE9
S32D00016CD8C8E9009BCDE92962F1DD28AA3946204602F088FF00287FF444ABDDE929620DF1AC08E6E70C990A9861
S32D00016D0028AA02F07BFF00287FF437AB2A9C0DF1AC08FFF799BB1BF0100340F028811BF0400200F079830E9A0F
S32D00016D2852F8044B0E929946A4B20123FFF7DEBA2D2364428DF8833069EB4909BB460123FFF7D7BA0C990A9855
S32D00016D5028AA02F053FF00287FF40FABDDE929640DF1AC0814E60C990A9828AA02F046FF00287FF402ABDDE94C
S32D00016D7829640DF1AC0814E6FD077FF573AB28E59AF800600E93FFF7D3B954ADFFF788BAB80500F1A6834FEAB2
S32D00016DA0E4794B46FFF766BA0E9B53F8044B0E93FFF79DBA24BB010034BB0100DDE9140102460B46FDF72EFC2D
S32D00016DC8002840F00F86612E00F04585412E00F06D84079B013326F02003069300F0A983472B00F08885DDE91D
S32D00016DF0141247F480730F931346002BC0F292850B9300231D938B460D93069B462B00F0FD83452B00F04485A4
S32D00016E180799019126A9049123A9039122A9029102210B9B0A9800915A4600F0CDFF069B472B054640F031865A
S32D00016E4017F0010FB9460F9F40F0FC84269B5B1B1293069B472B00F08283069B462B00F01284229B1093109B28
S32D00016E68069A013B412A229300F0AD85F2B20021002BB8BF109B8DF89020BABFC3F101032D222B22092B8DF810
S32D00016E90912040F38D850DF19F04B64F2246104687FB0321DA17C2EBA10202EB8201A3EB4101303100F8011CDC
S32D00016EB819466329134600F1FF32ECDC3033D9B2831E9C4202F8011C40F2F18513460DF1920201E013F8011B5E
S32D00016EE002F8011B9C42F9D10DF1A1030DF192021B1A134424AA9B1A1A93129B1A9A012B1A440B9240F39E85F7
S32D00016F080B9B169A13440B930B9A002329F4806722EAE27247F480770F930692139310931D9B002B40F03F8359
S32D00016F309DF883200793FFF7C5B9199B002B3FF482A9199B1B78002B3FF47DA99AF8006047F48067FFF7F0B832
S32D00016F580E9B089853F8041B0E93C217C1E900025546FFF79DBA0E9B53F8044B0E930123FFF7BCB97E4B189362
S32D00016F8017F0200900F0EC800E9B073323F00703D3F8049053F8084B0E93F80709D554EA090306D030238DF8E3
S32D00016FA8856047F002078DF8843027F4806B0223FFF79CB9BB46FFF725BB6E4B1893DBE70C990A9828AA02F0DE
S32D00016FD015FE00287FF4D1A92A9C0DF1AC080AE40A984021FEF79CF80C9B18601861002800F065850C9A4023D5
S32D00016FF85361FFF766B8102E299BDFF87C9140F32982484642462146A846B9460A9C0C9D4FF0100B074604E09A
S32D000170200832103E102E40F3138201331031072BC2E9007BCDE92931F2DD28AA2946204602F0DCFD00287FF4FA
S32D0001704898A9DDE929312BAAE7E72846CDF81C900E94FEF7B1FF03460B90FFF7B3BA129BCDF82CA04246DDF80D
S32D000170704C801097EB1807935E46199FDDF87090DDF828A0DDF830B00F9B13952146B8F1000F2FD0002B30D1C2
S32D00017098013F08F1FF381B9BC2E90039299B01334944072B2A91299368DC0832079B38789B1B8342A8BF034696
S32D000170C0002B1C460BDD2998013019440728C2E900632A91299000F3148138780832002CACBF051B0546002D8B
S32D000170E80BDC06440F9BB8F1000FCFD1002B00F023820F9B013B0F93CDE7102D29981DDD102404E0103D102DB0
S32D0001711002F1080216DD0130194B10310728C2E90034CDE92901F1DD28AA5946504602F065FD00287FF421A90E
S32D00017138103D102DDDE929012BAAE8DC01300E4B556029440728CDE92901136000F33282387808320644C5E760
S32D0001716017F0100300F0A1800E9B53F8044B0E9313E700BF67666666F0BA010004BB010034BB010028AA5946D3
S32D00017188504602F037FD00287FF4F3A82A992BAA8CE70BF4806300220696CDF82CA0CDF8348054AFDDF8648075
S32D000171B09A4616460CE00023204649460A2203F037FF0A2C79F100031BD3044689462F4620460A2200234946B8
S32D000171D803F02AFF30327D1E013607F8012CBAF1000FE4D098F800309E42E0D1FF2EDED00A2C79F1000380F05F
S32D00017200408154AB5B1BDDF82CA0CDF864801296DDF83480069E0B935F46FFF745B8299BBC4AC8F800200133F6
S32D0001722801340122072B2A942993C8F8042000F3388108F10808002940F09780129A07F0010313433FF40EA943
S32D00017250169B17991A19C8E90013299B2A920133072B299300F3478108F108081299C8F8005001338C18072B8C
S32D00017278CDE92934C8F804107FF7F2A8FFF7B7BB0C990A981D9328AA02F0B4FC00287FF470A89DF883202A9C6C
S32D000172A01D9B0DF1AC08FFF79EB817F0400200F0C2800E9A52F8044B0E929946A4B26CE6BB46FEF7E4BF0C99E8
S32D000172C80A9828AA02F096FC00287FF452A82A9C0DF1AC08FFF778BA14463A464F46914601332C44072BC8F88E
S32D000172F00090C8F80450CDE929347FF7B5A8FFF77ABB28AA5946504602F078FC00287FF434A838782A992BAA8E
S32D00017318E1E60C990A9828AA02F06CFC00287FF428A82A9C0DF1AC08FFF782B8012BBB467FF4F3A9FEF7ACBF5D
S32D000173400E9B089953F8042B554611600E93FFF7ABB8062B294628BF062307950D952A4606936D4D0E940B9363
S32D000173680F9113911091FEF7A9BF169B17981A19C8E90003299B2A920133072B299300F3B68008F10808002970
S32D00017390BFF66CAF4E421031DFF8809180F297824146DDF828B0A84610240C9D04E00831103E102E40F38982D4
S32D000173B801331032072BC1E90094CDE92932F2DD28AA2946584602F015FC00287EF4D1AFDDE929322BA9E7E721
S32D000173E0079F144601362C44072ECDE92964C8F80090C8F804507FF7EFAA46E40E9B17F4007914BF53F8044B28
S32D0001740853F8044B0E931CBF9146E4B2FEF76BBF0E9B1BF4007914BF53F8044B53F8044B0E931CBF9146E4B292
S32D000174300123FEF75FBF0E9B17F4007914BF53F8044B53F8044B0E931CBF9146E4B2A4E5454690463A460C461D
S32D000174584F46914601333444072BCDE92934C8F80090C8F8046057DC08F10808FFF78BBB2D228DF88320FFF74F
S32D0001748050B81C9B1B99ED1A1A46284602F084FB98F801300BB108F10108204649460A220023002603F0C4FD87
S32D000174A88FE60C990A9828AA02F0A4FB00287EF460AF22992A9C0DF1AC08BCE6129AAE18A6EB0B06D51AAE4225
S32D000174D0A8BF2E46FFF78EBB0E9B089953F8042B0E9311805546FEF7DFBF44F3C0194B4664B2FEF7BFBE0C9981
S32D000174F80A9828AA02F07EFB00287EF43AAFDDE9293222990DF1AC083DE700BF20BB010018BB010034BB0100F2
S32D000175200C990A9828AA02F069FB00287EF425AF2A9C0DF1AC08FFF72ABB0623079356E4DDE91235EB189E421F
S32D000175481997B346DDF82CA0109F90460C4628BF9B46FFF71EBB229B1093DA1C02DB079A934204DD023E26F07C
S32D000175702003069377E4109B129A9342C0F2488119F0010F00F01182169A13440B9319F4806F03D0109B002B48
S32D0001759800F3C7810B9B23EAE3730693672600230F931393BCE42D2200238DF883200793FEF786BE28AA594671
S32D000175C0504602F01BFB00287EF4D7AE38782A992BAA06448AE50C990A9828AA02F00EFB00287EF4CAAE2A9CF2
S32D000175E80DF1AC08FFF7C6BA0C990A9828AA02F001FB00287EF4BDAE229B2A9C0DF1AC08FFF7DCBA079901914D
S32D0001761026A9049123A9039122A9029103210B9B0A9800915A4600F0D3FB0378302B054600F0F181229B079AED
S32D00017638B94613440F9FEC180B99584600220023FCF7BAFF10B12346FFF7FDBB269BA342BFF4F9AB30215A1C4C
S32D0001766026921970269B9C42F9D8FFF7F0BB079B9DF883200E9406930B9307900F9013901090FEF71FBE229AEF
S32D000176881092002A40F3E081079909F001030B4340F0B781109B0B93662619F4806F40F041810B9B23EAE37354
S32D000176B0069378E730238DF8843058238DF88530079B632B47F0020400F3BF8000230D933BADDDE9141247F401
S32D000176D881730F931346002B2746C0F285800B9326F02003069300238B461D93612E00F04081412E7FF485ABDF
S32D0001770022AA0B99584602F0C9F900224FF07F53FCF7EEFC02460B46CDE9102300220023FCF74EFF08B10123A4
S32D000177282293AC4B0B93079BCDE912A6CDE91E78DDF82CA0DDE9106703F1FF39AB46109506E00022002309F1C7
S32D00017750FF39FCF735FFE8B9A14B002230463946FCF7C6FC0F460646FCF772FF0446FCF755FC0B4602463946A7
S32D000177783046FCF701FB1AF80430B9F1FF3FD8464D460BF8013B06460F46DAD130463946924BDDF848A0139ED3
S32D000177A0CDF848800022A946DDF87C80109D1E9FCDE91001FCF72CFF002855D1DDE91001884B0022FCF7FCFEF5
S32D000177C808B1E1074CD44B46002B06DB01335B4430220BF8012B5B45FBD1ABEB0503B94612930F9FFFF731BBA2
S32D000177F026F020030693DDE914349B4604F100430B932D231D9375E700230793FEF796BC129B169A9A18109BB9
S32D000178180B92002B40F3098167263EE70C990A9828AA02F0E7F900287EF4A3AD229D129B2A9C5D1B0DF1AC08D9
S32D00017840FFF7D8B9079BEC18FAE60A98591CFDF767FC0546002800F026810D9039E730238DF88430782329E7A0
S32D00017868129B26930B9B1BF8012CD97B8A425B4609D1302003F8010C269B5A1E269213F8012C9142F6D0392A8D
S32D000178900BBF0B9A0132927AD2B203F8012CA0E707990B9B0A984C1C26A9049123A9039122A9029102215A46B3
S32D000178B80194009100F088FA0546B9462C440F9FBAE64546884601333244072BCDE92932C8F80090C8F8046047
S32D000178E07FF7C2AC0C990A9828AA02F087F900287EF443ADDDE929320DF1AC08B6E4079B002B08BF01230793C1
S32D0001790847F480730F93159B002BC0F2B180DDF850B00D900B931D90FFF77ABA00230D9365E7672619990B780A
S32D00017930FF2B00F0B2800024109A204603E001300131FF2B08D0934206DAD21A4B78002BF5D10B780134F4E778
S32D000179581991109213900F940F9A139B1C9913440B9A01FB03230B9323EAE3730693FFF7D7BA22AA0B99584615
S32D0001798002F08CF800224FF07F53FCF7B1FB02460B46CDE9102300220023FCF711FE08B101232293104B0B933C
S32D000179A8C1E6109B0B93EEE5002963D130228DF892200DF19302303302F8013B24ABD31A1A93FFF796BA06F135
S32D000179D00F02D2B20121FFF74FBA00BF04BB0100000030400000E03FF0BA0100159B384D002BB4BF2D229DF862
S32D000179F88320364BB8BF8DF8832027F08007FEF790BD169BD31819440B91662645E60B99584600220023FCF7F7
S32D00017A20CFFD00287FF406AE079BC3F10103229301E6C3F101031A4422EAE2730B9206936726B0E519F0010F3E
S32D00017A483FF462AAFFF75CBA079A09F0010959EA020304D10123069366260B939FE5169B01331A4422EAE273F4
S32D00017A700B920693662696E50D90BCE60DF192029DE70E9B9AF80160924653F8042B0E9342EAE2720792FEF7B8
S32D00017A984FBB00230F9313935EE7079C0DE70C998B8943F0400213468A81FEF76ABC02231A93FFF71EBA0A9A7D
S32D00017AC00C2313604FF0FF330893FEF765BC00BFE8BA0100ECBA0100F8B50D461446064610B1836B002B43D037
S32D00017AE8B4F90C20A369A360170790B21BD52369CBB1EDB281042F4622D522686169D31A994229DD0133A16840
S32D00017B100139A160511C2160157062699A422AD0A389DB0701D50A2D25D03846F8BD2146304600F03FF820BBD5
S32D00017B38B4F90C20236990B2EDB281042F46DCD442F40052A281626E616922F4005262662268D31A9942D5DCB6
S32D00017B602146304601F026F958B922680123CEE701F054F9B8E72146304601F01BF90028D3D04FF0FF37D0E7DF
S32D00017B8838B50C46084D8446114620461A4600232B60644603F010FC431C00D038BD2B68002BFBD0236038BDD7
S32D00017BB0341B002038B5334B1B6805460C460BB19A6B12B3B4F90C3018079AB225D5216900292DD012F0010025
S32D00017BD807D00020A06060694042A06139B1002038BD950758BF6069A0600029F7D1120658BF0846F4D543F056
S32D00017C004003A3814FF0FF3038BD184601F006F9B4F90C3018079AB2D9D4D1062AD5520714D4216943F008035D
S32D00017C28A3819AB20029D1D102F42070B0F5007FCCD02146284601F013FBB4F90C3021699AB2C3E7216B51B1E1
S32D00017C5004F14002914204D0284601F0D7F9B4F90C300022226321690022C4E9001223F02403D7E7092243F0A7
S32D00017C7840032A604FF0FF30A38138BD1C0D0020024B13B1024800F005B8704700000000418F01000023014646
S32D00017CA01A46184602F026B82DE9F04F03690C69A34283B0C0F28680013C01F11405A30000F11408009355F849
S32D00017CC8243058F8242001338A469A4208EB8401814605EB84070191B2FBF3F638D30023AE4640469B465EF804
S32D00017CF0041B02681FFA81FC06FB0C33090C4FEA134C06FB01CC99B2ABEB01011FFA8CF311FA82F1C3EB124290
S32D00017D1802EB214289B241EA0241774540F8041B4FEA1C434FEA224BDDD2009B58F8033073B9019B043B984541
S32D00017D4004D307E0984504F1FF3403D253F80429002AF7D0C9F810405146484601F076FD00282BDB013640468E
S32D00017D68002355F8041BD0F800C08AB29A1A0B0C12FA8CF2C3EB1C4303EB224392B242EA0342AF4240F8042BD7
S32D00017D904FEA2343E9D258F8242008EB84036AB9043B984504D307E0984504F1FF3403D253F80429002AF7D01C
S32D00017DB8C9F81040304603B0BDE8F08F002003B0BDE8F08F000000002DE9F04F016C99B090469946CDE9048944
S32D00017DE0259D044641B1426C4A60012393408B6001F0D0FA00232364B9F1000AB4BF012300232B60764BBCBFA2
S32D00017E082AF0004ACDF814A033EA0A0300F0AA80DDE904231046194600220023CDE90A01FCF7CAFB074670B15C
S32D00017E30249A01231360269B002B00F0E48269481860431E0393039819B0BDE8F08F16AB019317AB00932046D4
S32D00017E58DDE90A2301F0BCFD5FEA1A56054640F09780DDE916763E4406F23240202840F3B583C0F140000AFA2D
S32D00017E8000FA06F2124028FA00F04AEA0000FCF7B5F80123013EA1F1F8710F93524B0022FBF76EFF48A3D3E9E4
S32D00017EA80023FCF721F948A3D3E90023FBF766FF804630468946FCF7ADF845A3D3E90023FCF712F902460B4659
S32D00017ED040464946FBF756FF80468946FCF7B8FB00228346002340464946FCF773FB002840F07C82BBF1160F41
S32D00017EF800F26B823B4B03EBCB03D3E90023DDE90A01FCF763FB002872D00023BE1B0E93731E0BF1FF3B0693D2
S32D00017F2000F15E8200230993BBF1000F6BDA099BCDF81CB0A3EB0B030993CBF100030D93229B092B4FF0000B9B
S32D00017F4866D8052B40F34883043B22930026229B023B032B00F26886DFE813F05C04590450043304249A42F278
S32D00017F700F73CAF3130A13605AEA08031AD1269B002B00F064861A4B03930833269A0398136019B0BDE8F08F22
S32D00017F98DDE90A12C2F31303084643F07F510F97A6F2FF36169F41F4401173E7269B002B40F0EA830D4B03933D
S32D00017FC041E700BFAFF3008061436F63A787D23FB3C8608B288AC63FFB799F501344D33F0000F07F21BB01009F
S32D00017FE80000F83F48BC010048BB010044BB0100BE1B731E069300F185840E900990069B5B44CDE9063B00239C
S32D000180100D93229B092B98D90023CDE9223301264FF0FF330C960893089B129300216164204601F089F90390A2
S32D00018038002800F00186039B2364089B0E2B00F21381002E00F010810799002940F35C84AE4B01F00F0203EB7F
S32D00018060C2034FEA2118C905D3E9006740F11484A94BDDE90A01D3E90823FCF763F9CDE9100108F00F084FF0F0
S32D00018088030AB8F1000F13D0DFF8849218F0010F09D030463946D9E90023FCF725F80AF1010A06460F465FEA69
S32D000180B0680809F10809EDD1DDE9100132463B46FCF740F9804689460E9B43B1934B002240464946FCF77EFABA
S32D000180D8002840F030855046FBF79CFF42464B46FCF702F88C4B0022FBF748FEA1F15073CDE910011193089BAF
S32D00018100002B00F09780079B1493089B13930C9B002B00F0A584139A7E4B8249039E03EBC20353E9022300208B
S32D00018128FCF70CF9DDE91023FBF726FECDE9100149464046FCF788FA0746FBF76BFF02460B4640464946FBF787
S32D0001815017FE3037DDE9102306F8017B80468946FCF738FA002840F02985CDF854B00027DDE910AB1095139D8B
S32D0001817813942AE00137AF4280F22C85684B504659460022FBF7B0FF654B002282468B4640464946FBF7A8FF17
S32D000181A089468046FCF754FA0446FBF737FF02460B4640464946FBF7E3FD303406F8014B52465B46804689466C
S32D000181C8FCF704FA002840F0F38442464B4651490020FBF7D1FD52465B46FCF7F7F90028C8D0DDE91343109D90
S32D000181F0039A079302E0964200F0C884B24616F8013D392BF7D00133DBB23370079B01330793C8E15046FBF7BF
S32D0001821801FF42464B46FBF767FF3F4B0022FBF7ADFDA1F15073CDE9100111933D4B404649460022FBF7A0FD70
S32D00018240DDE910894B46424606460F46FCF7E0F98146002840F0AA84DDE91001024601F1004330463946FCF7A1
S32D00018268B5F9002840F04583179B002BC0F28C80079A0E2A00F38880244B03EBC203D3E900AB239B002B1BDA43
S32D00018290089B002B18DC40F02E83244B002250465946FBF725FF02460B46DDE90A01FCF79BF9DDF820904E4636
S32D000182B8002800F0C782239BDDF80C80DF43C9E2DDE90A7852465B4638464146FCF736F8FCF7BAF9814609909D
S32D000182E0FBF79CFE52465B46FBF702FF039E0B46024641463846FBF743FD09F1300306F8013B089B012B00F020
S32D000183085C830694012704951C462AE048BC010020BC01000000F03F00001C400000E03F00002440000014405C
S32D0001833052465B4640464946FCF704F8FCF788F90546FBF76BFE52465B46FBF7D1FE01370B46024649464046E7
S32D00018358FBF712FD05F13003A74206F8013B00F02983AC4B0022FBF7BFFE0022002380468946FCF721F9002836
S32D00018380D6D0049D069C079B01330793B2460AE10C9A002A3DD0229A012A40F39C82089B03F1FF380D9B43457F
S32D000183A8C0F26D82A3EB0808089B002BC0F23C83069A1A440692099A17461A4409920121204601F08BF8064651
S32D000183D023E00123BE1B0E93731E06937FF5A2ADC6F101030993002306939DE55846FBF715FE42464B46FCF7AC
S32D000183F8E3F800287FF47AAD0BF1FF3B76E5864B0393039819B0BDE8F08FDDF83480099F0C9E002F0CDD0699A7
S32D0001842000290B4608DD099AB942A8BF3B46D21AFF1ACB1A099206930D9BDBB10C9B002B00F05D82B8F1000F9D
S32D000184480FDD31464246204601F024F92A4601460646204601F070F829460546204600F095FF0D9BB3EB0802F0
S32D0001847040F0D8820121204601F034F8BBF1000F814600F3B480229B012B40F386814FF0000A0120BBF1000FBD
S32D0001849840F0B580069A104410F01F0000F09380C0F12003042B40F3D283099BC0F11C000344024409930744CA
S32D000184C00692099B002B05DD29461A46204601F045F90546069B002B05DD49461A46204601F03CF981460E9BFC
S32D000184E8002B40F03681089B002B40F31D810C9B002B40F0A080079B01330793DDF80C80DDF820A0012707E01D
S32D00018510294600230A22204600F046FF0137054649462846FFF7C0FB574500F1300308F8013BEDDB089A002A22
S32D00018538C8BF9346039AD8BF4FF0010B93440027294601222046049301F004F94946054601F078F9002840F323
S32D00018560A8811BF8013C039A0BF1FF3B04E05A4500F0AA811BF8013D392B0BF1010AF6D001338BF8003049460A
S32D00018588204600F003FF56B12FB1B74203D03946204600F0FBFE3146204600F0F7FE2946204600F0F3FE002350
S32D000185B08AF80030249B079A1A60269B002B3FF442AC0398C3F800A019B0BDE8F08F1C20099B03440993069BBC
S32D000185D803440744069370E70126B8E4C0F1200008FA00F04FE401465A46204601F052F8229B012B814640F3CE
S32D00018600B3814FF0000AD9F8103009EB8303186900F01AFFC0F1200040E700BF0000244020BB01003146002328
S32D000186280A22204600F0BCFE129B002B064640F3E782CDE90783002F00F31A81BAF1000F40F0D581B046049B55
S32D00018650039F089903F001027B1E1944229B0C92134309910A9349462846FFF71DFB31468346284601F0EAF858
S32D00018678424649468246204601F004F9C26801460BF13003002A42D106902846089301F0D9F8069904902046C9
S32D000186A000F078FE049A089B1AB90A99002900F09B82BAF1000FC0F2638122994AEA010A0C9951EA0A0100F033
S32D000186C85B81002A00F3B481099A3B7007F1010A9742D34600F0B281294600230A22204600F05EFE46450546A9
S32D000186F031464FF000034FF00A02204612D000F053FE4146064600230A22204600F04CFE57468046A7E72046B5
S32D00018718049300F03BFE049B0122C6E700F040FE5746064680469AE7229B022B79DC0C9B002B80D1079B494612
S32D00018740013328460793FFF7AFFADDF80CB000F130030BF8013B0027F6E64946284601F075F80028BFF6C3AE8F
S32D00018768294600230A22204600F01AFE079B03F1FF380C9B0546002B7FF450AF129B002B40F335820893B9E65E
S32D00018790AF4B03930333FFF7F9BBDDE9041200297FF475AEC2F31303002B7FF470AEA94B1340002B00F0FE8147
S32D000187B8099B01330993069B013306934FF0010A63E601230C93239B079A134412930133012B1F460893B8BF28
S32D000187E001270021172F61647FF722AC012204235B0003F11400B842114602F10102F7D9616415E401230C938D
S32D00018808239B002B4CDD129308931F46E5E700230C93D8E700230C93F2E7129BCDF81C800893089B002B7FF4B8
S32D0001883046AD49460522204600F0B6FD01468146284601F003F800287FF739AD0398079F3123804600F8013BEC
S32D00018858013703904946204600F098FD7B1CDDF80CA00793CDF80C80002E7FF494AE96E631463A46204600F0FD
S32D000188806DFF0646DEE60D9BCDF83480A8EB03039B444FF000088BE5DDE90A234FF0020ACDE91023FFF7F1BB34
S32D000188A8012323930893FFF7BBBB03D1049BDB073FF553AEDA461BF8013D302BFAD05EE6079B039A013307934F
S32D000188D03123137057E60F9A002A00F0268103F23343069ADDF834801A440692099A17461A44099267E54FF0ED
S32D000188F800094E46DFE429460D9A204600F0CAFE0546B3E50E9067E500F00F81079A504B564206F00F0203EBA7
S32D00018920C203D3E90023DDE90A01FBF7E1FB36118046894600F07181484F00234FF0020AF20706D5D7E900236B
S32D00018948FBF7D2FB0AF1010A0123761007F10807F2D1002B3FF4B4AB80468946FFF7B0BB049B002B7FF449AEE0
S32D00018970DDE90412C2F31303002B3FF418AF40E6002A12DD294601222046049300F0E6FE4946054600F05AFF47
S32D000189980028049B40F31881392B00F0F9800BF13103BA460AF8013B079B0133374607934646E4E50995069C60
S32D000189C0049D02460B46FBF7DDF952465B4680468946FBF71DFE60B952465B4640464946FBF7EEFD00283FF40C
S32D000189E8CEAC099BD9077FF5CAAC039A02E47168204600F0A5FC0746002800F00E81336902339A0006F10C01C2
S32D00018A100C30FCF785FE39460122204600F09EFE804614E62946204600F038FE054621E5DDE908239F1AC6E491
S32D00018A38392B00F0AD80BA460133B3E7079A01323746079246467BE544BB01000000F07F48BC010020BC010099
S32D00018A60DDF84CA0844901EBCA01DDE9102351E90201FBF73DFBCDE9100149464046FBF7E7FD0646FBF7CAFA8E
S32D00018A880B46024649464046FBF776F9039F53463036012B07F8016B8046894600F0AE80139E039B1E44734B56
S32D00018AB0002240464946FBF71BFB89468046FBF7C7FD8246FBF7AAFA0AF1300A02460B4640464946FBF754F98D
S32D00018AD807F801ABB74280468946E4D1664B0022DDE91001FBF74AF942464B46FBF76EFD002864D1DDE91023D6
S32D00018B005F490020FBF73CF942464B46FBF780FD00283FF4ADABB246013E1AF8013C302BF9D0149B01330793F5
S32D00018B283DE5169BC3F13603D7E6DDE90A894FF0020AFFF7C5BA089B002B3FF467AB129B002B7FF791AB079A4A
S32D00018B50013ACDE913324046484B00224946FBF7C7FA804689460AF10100FBF757FA42464B46FBF7BDFA434B1F
S32D00018B780022FBF703F9A1F15073CDE910011193FFF7C1BA079B013307933123FFF739BB079BBB46013307936E
S32D00018BA0392337460BF8013B4646DCE44FF000094E464BE69A466CE4109D139C149B01330793B246EFE4149BB2
S32D00018BC8039A0793FFF716BB7FF4EBAEDA077FF5E8AEE1E6DDF854B0109D139CFFF744BB392BD5D0BAF1000FD5
S32D00018BF03FF7D9AED9E6229B022B3FF712AECDF81C809BE53E466DE7229B022B3FF709AE129BCDF81C800893C1
S32D00018C1811E54FF0020AFFF753BA194B19483A4640F2EA2101F0A8F8002666643146204600F086FB039078B9D4
S32D00018C40114B124800224FF4D57101F099F8104B0393FFF7F8B83FF434ACC0F13C00B7E4039B236401224FF069
S32D00018C68FF33239612930C920893FFF7FDBA00BF48BC0100000024400000E03F00001C4054BB010068BB010090
S32D00018C9048BB0100B1F90C20F8B50C461107074642D4636842F40062002BA28159DDA56A002D54D000233E6851
S32D00018CB83B6093B212F4805253D1E16901233846A847421C63D0A389A56A5B0705D56368C01A236B0BB1E36B91
S32D00018CE0C01AE169024600233846A847411C3ED13B68002B3BD01D2B01D0162B52D1A3892269226023F40063F4
S32D00018D0800216160A381216B3E6021B304F14003994202D0384600F075F900202063F8BD2669C6B193B2256847
S32D00018D3026609A070CBF63690023AD1BA3600CE0D4F824C0E1692B4632463846E047B0F1000CA5EB0C056644FC
S32D00018D5816DD002DF0DC0020F8BDE36B002BA2DCF9E7206DB1E7B4F90C302269226023F40063A3810022DB049A
S32D00018D806260C4D52065C2E7A38943F040034FF0FF30A381F8BD3B68002B98D01D2B06D0162B04D0A38943F08A
S32D00018DA84003A381F8BD3E60D5E700BF38B50C46054608B1836BA3B1B4F90C00B8B1636EDB0701D4810515D5C8
S32D00018DD028462146FFF75EFF636EDA07054602D4A3899B050ED5284638BD00F017F8B4F90C000028E7D1054684
S32D00018DF8284638BDA06DFCF783F9E5E7A06DFCF781F9284638BD00BF014900F001BA00BF5D9E01002DE9F04708
S32D00018E2082463948FCF770F9DAF83840002C66D1DAF80450354ACAF83C200323CAE9B843DFF8CC90DFF8CC80E4
S32D00018E48334F344E04230AF53B72CAF8E8222146C5E90243C5E90044C5E904446C660822AC6105F15C00FCF7C8
S32D00018E706DFDC5E90759C5E90987EE6205F15800FCF73EF9DAF80850254BEB602146C5E90044C5E904446C664F
S32D00018E98AC60AC61082205F15C00FCF753FDC5E90759C5E90987EE6205F15800FCF724F9DAF80C50194BEB60FC
S32D00018EC02146C5E90044C5E904446C66AC60AC61082205F15C00FCF739FD05F15800C5E90759C5E90A76C5F85D
S32D00018EE82480FCF709F90123CAF838300448BDE8F047FCF707B9BDE8F0470148FCF702B9FC1A0020118E0100F0
S32D00018F100D9B0100319B0100719B0100919B010009000100120002000148FCF7EDB800BFF81A00200148FCF756
S32D00018F38E9B800BFF81A002038B5084B084D5B1B9C1007D0043B1D44013C55F804399847002CF9D1BDE8384091
S32D00018F6002F0B2BF0000000000000000F8B5244F0C460646FCF73CFDBA685568C4F57E630F3325F003052B444E
S32D00018F8823F47F6323F00F03A3F58054B4F5805F07DB00213046FCF71FFFBB682B44984204D03046FCF726FD52
S32D00018FB00020F8BD61423046FCF712FF01300DD0104ABB682D1B45F001055D60136830461B1B1360FCF712FD39
S32D00018FD80120F8BD00213046FCF7FEFEBA68831A0F2BDEDD43F001035360054B03491B68C01A0860D5E700BF94
S32D0001900048110020001B002050150020002961D0F8B50C460646FCF7EBFC54F8042C7B4FA4F1080522F001018D
S32D0001902805EB010CB868DCF80430604523F0030300F08B80D207CCF8043032D454F8082CAD1A1144AA6807F1BE
S32D00019050080082426AD00CEB0304D4F804E0EC68D4601EF0010FA26000F0978041F001036B60CCF80010B1F514
S32D00019078007F35D27A68CB0848090121013381401143796007EBC30257F83310083AC5E9021247F83350CD60BD
S32D000190A03046BDE8F840FCF7A9BC0CEB03025268D00710D4194407F10800DCF80830834273D0DCF80C20DA60DA
S32D000190C8936041F001036B606950D0E7704741F00103B1F5007F44F8043CCCF80010C9D3B1F5206F4FEA512337
S32D000190F048D28B0903F1390003F13802C300F818FB580838984259D05A6822F003028A4202D99B689842F7D1BA
S32D00019118D868C5E902308560DD603046BDE8F840FCF768BC0CEB03025268D20763D40B44DCE90212CA60916073
S32D0001914043F001026A603046EB50BDE8F840FCF755BC0B44D10707D454F8082CAD1A1344D5E90212CA609160E1
S32D0001916843F001026A60284ABD6012689A4293D8264B30461968FFF7F5FE8DE7142B0AD9542B1FD80B0B03F121
S32D000191906F0003F16E02C300B1E719448DE703F15C0003F15B02C300A9E741F00103C7E90455C5E902006B6004
S32D000191B8695071E779689210012404FA02F20A437A60A6E7B3F5AA7F06D8CB0B03F1780003F17702C3008EE793
S32D000191E040F25452934206D88B0C03F17D0003F17C02C30083E74FF47E737E227FE741F001036B60CCF8001020
S32D000192084AE700BF4811002054150020301B00202DE9F8430746884600F538764FF00009D6E90154013D11D44C
S32D00019230A389012B05F1FF3508D9B4F90E300133214603D03846C04749EA00096B1C04F16804EDD13668002E20
S32D00019258E6D14846BDE8F883004870474C1600202DE9F0418B890C46990796B008D504F143030122C4E9043250
S32D00019280236016B0BDE8F081B4F90E100029064627DB6A4600F05CFE002821DB019D05F47045A5F50055B5FA16
S32D000192A885F54FF480686D094FF4006741463046FBF732FFB4F90C30F0B1204AF26343F08003C4F81480A3813F
S32D000192D02060206135BB3B43A38116B0BDE8F081A38913F0800519D04FF0400841463046FBF716FF0025B4F906
S32D000192F80C302F460028E0D19A05BED423F0030304F1430243F002030121C4E90421A3812260B2E74FF48068A3
S32D000193202F46C7E7B4F90E10304600F027FE10B9B4F90C30CFE7A38923F0030343F001031BB2C8E7118E0100A5
S32D00019348C36C70B505460C464BB153F8240080B1026843F824200023C0E9033370BD2122042100F029FD03468A
S32D00019370E8640028EDD1002070BD012101FA04F6721D9200284600F01BFD0028F3D0C0E90146E4E731B1C36CEA
S32D000193984A6853F82200086043F82210704700BF2DE9F0410D6907460E461C4601F1140E0020DEF800108BB225
S32D000193C002FB03434FEA134C090C02FB01CC01309BB203EB0C4385424EF8043B4FEA1C44EBDC3CB1B368AB4268
S32D000193E807DD06EB850301355C6135613046BDE8F081716838460131FFF7A2FF8046A8B13269023206F10C01D2
S32D0001941092000C30FCF784F9FB6C726853F82210316043F82260464606EB850301355C613561DFE7024B0348F7
S32D000194384246B52100F0A0FC54BB0100C4BB0100020C12040346CAB90304102013F07F4F04BF1B02083013F078
S32D00019460704F04BF1B01043013F0404F04BF9B000230002B05DB13F0804F00F1010008BF202070470020E5E770
S32D000194880368024613F0070007D0D9071DD498071FD55B0813600120704799B209B91B0C1020D9B209B9083026
S32D000194B01B0A190704BF1B090430990704BF9B080230D90703D45B0800F1010003D013607047002070472020D5
S32D000194D870479B0813600220704700BF38B5C36C04460D464BB15868B0B102685A6000220123C0E90435C260BC
S32D0001950038BD2122042100F05BFC0346E0640028EDD1094B094800224FF4A07100F030FC1C220121204600F038
S32D000195284BFC0028F1D001220223C0E90123DEE754BB0100C4BB01002DE9F04F0E691569AE4285B088461446E3
S32D0001955005DB2A46234635460C4616469846A3686168AF19BB42B8BF0131FFF7EDFE0190002800F08780019BBD
S32D0001957803F1140909EB870AD14505D24B46002243F8042B9A45FBD808F1140808EB860B04F11403D8451A4650
S32D000195A003EB85055FD22B1B153B23F0030304331534A54238BF0423CDE902A7AC461F46924605E0000C29D146
S32D000195C8C34509F1040948D958F8040B85B2002DF4D056464C46002356F8040B216882B21FFA81FE05FB02EECA
S32D000195F0000C0A0C734405FB002202EB13429BB243EA0243B44544F8043B4FEA1243E7D849F8073058F8040CB7
S32D00019618000CD5D0D9F80030544619464D4600222688090C00FB06110A449BB243EA024345F8043B54F8046BAA
S32D000196402968360C8BB200FB063303EB1243A4454FEA1342E8D8C34549F8073009F10409B6D8DDE902A7002F8A
S32D0001966802DC05E0013F03D05AF8043D002BF9D0019B18461F6105B0BDE8F08F034B0448019A40F25D1100F05E
S32D0001969077FB00BF54BB0100C4BB010012F003032DE9F0411446064632D10D46A41020D0D6F84880B8F1000FAD
S32D000196B833D0E3074FF0000707D4641015D0D8F80000A8B18046E307F7D5424629463046FFF732FFB5B16968AC
S32D000196E0F36C641053F821202A6043F821500546E9D12846BDE8F081424641463046FFF71FFFC8F8000007607D
S32D000197088046E0E70546D8E7013B0F4A52F823200023FFF745FE0546C4E701213046FFF70FFE804640B10123B1
S32D0001973040F27122C0E904320023B0640360BCE7044B054842464FF4A07100F019FB00BF10BD010054BB010010
S32D00019758C4BB01002DE9F0470C4690462669A368496806EB6216751C9D4207464FEA621904DD5B009D4201F1BB
S32D000197800101FADC3846FFF7DFFD8446002851D0B9F1000F00F114000EDD09F105024FEA820E03460CEB820248
S32D000197A8002143F8041B9342FBD1AEF114031844216904F1140318F01F0803EB81012DD0C8F1200986464FF045
S32D000197D0000A1A6802FA08F242EA0A024EF8042B53F8042B994222FA09FAF2D80B1B153B23F00303043304F142
S32D000197F81502914238BF0423BAF1000F18BF2E4640F803A0FB6C6268CCF8106053F822102160604643F82240B4
S32D00019820BDE8F087043853F8042B40F8042F9942F9D8EBE7034B0448624640F2D91100F09FFA00BF54BB0100A8
S32D00019848C4BB01000B6984460069C01A15D10CF1140C14310CEB830210B401EB830301E0944508D252F8044DC7
S32D0001987053F8041D8C42F7D004D24FF0FF3010BC70477047012010BC704700BF2DE9F84F0F691369FF1A002F4E
S32D000198980E4690467AD101F11405143202EB830205EB830301E09D4273D253F8041D52F8044DA142F7D064D306
S32D000198C07168FFF741FD8146002872D03569D8F81020C76008F1140E06F1140009F1140A06F1100C0EEB8202A8
S32D000198E800EB8507564600215EF8044B5CF804BFA3B211FA8BF1CB1A210CC1EB1B4101EB23419BB243EA01435D
S32D00019910724546F8043B4FEA2141E9D8A2EB0804153C08F11508424524F0030606F1040638BF0426304424F04A
S32D00019938030238BF002287425244B24416D95646044654F8043B11FA83F10A1402EB134289B241EA0243A742BA
S32D0001996046F8043B4FEA2241EFD87A1E101A20F00302524423B952F8043D013D002BFAD0C9F810504846BDE89D
S32D00019988F88F334601274646984695E7F9DB002792E70021FFF7D4FC814668B101220023C9E904234846BDE815
S32D000199B0F88F074B07484A464FF4107100F0E0F9034B04484A4640F2322100F0D9F900BF54BB0100C4BB010083
S32D000199D870B5012182B016461D46FFF7B1FC044600284BD02B46C5F30A55C3F313030DB143F48013002E01935A
S32D00019A0022D068460096FFF73FFD002836D0019B0099C0F1200203FA02F20A43C34001936261002B14BF0221E0
S32D00019A280121A3612161ADB1069AA5F2334303441360079BC0F135001860204602B070BD01A8FFF71DFD019B08
S32D00019A500121C4E904132030002DE9D104EB8102A0F232431069069A1360FFF7EDFC079BC0EB41112046196068
S32D00019A7802B070BDDDE900236261CEE7034B0448224640F20A3100F077F900BF54BB0100C4BB0100DFF860C06A
S32D00019AA0F8B521F000430027634504460D461646176022DC844653EA0C0C1ED0DFF844C001EA0C0C0A46BCF171
S32D00019AC8000F09D10E4B0022FAF70EFB6FF0350704460A4621F0004322F0FF421B1522F4E002A3F2FE3342F015
S32D00019AF07F553B4445F40015336020462946F8BDFFFFEF7F0000F07F0000504310B50C46B1F90E1000F076FADC
S32D00019B18002803DB236D0344236510BDA38923F48053A38110BD00BF2DE9F0410C46B1F90C101F46CB05054647
S32D00019B4016460BD421F48051A1813B46B4F90E1032462846BDE8F041FEF716B8B4F90E100223002200F022FACA
S32D00019B68B4F90C10EAE700BF10B50C46B1F90E1000F018FAA389421C0EBF23F4805343F480532065A38110BDD3
S32D00019B90B1F90E1000F050B930B540EA0104A30701D1032A0FD8844601F1FF3E07E01EF8011F03F8011B541EA2
S32D00019BB8C1B19C4622466346002AF4D130BD0B468446194653F8045BA5F1013424EA050414F0803FE4D1043A81
S32D00019BE0032A4CF8045B1946EFD8DDE76244002CE8D003F8011B9342FBD130BD2DE9F04F936883B09146002BE8
S32D00019C086DD017688D6880460C460868083743E0A38913F4906F2ED0D4E90415A0EB010A05EB450505EBD57582
S32D00019C300AEB06006D100130A8422A4684BF05462A465B0536D511464046FBF769FA00283AD052462169019082
S32D00019C58FBF762FDA289019B22F4906242F08002A281A5EB0A0203EB0A006561A260236120603546B246594674
S32D00019C805246FBF7E7FDD9F80830A16820684D1B50449E1BA5602060C9F808601EB3083757E902B6002EFAD04A
S32D00019CA8B542AA46B4D93546B246E4E74046FBF7A7FE03460028D4D121694046FFF7A2F90C23C8F80030A389BC
S32D00019CD0002243F040034FF0FF30A381C9E9012203B0BDE8F08F0020C9F8040003B0BDE8F08F00BF2DE9F047C7
S32D00019CF8DFF87CA00646DAF8000098460F469146FBF7FEF91B4B1B68D3F8484124B365681F2D26DC5EB96B1C6C
S32D00019D200235DAF80000636044F82570FBF7EEF90020BDE8F08704EB85010123C1F88890D4F88821AB401A433B
S32D00019D48022EC4F88821C1F80881E4D1D4F88C211343C4F88C31DEE703F5A674C3F84841D5E7DAF80000FBF77D
S32D00019D70CDF94FF0FF30DCE758150020DCBA010000B50B4C25681446EE681A4685B003460D464CB1074900954D
S32D00019D98CDE901143046064900F0C2F8FBF706F804490C46F3E700BF1C0D00201CBD01002CBD010028BD010047
S32D00019DC038B5A1FB02148CBBFBF7AAF90546E0B150F8042C22F00302043A242A17D8132A1AD91B2AC0E90044B1
S32D00019DE81DD9242A14BF00F1100200F118024FF00003C0E9024404BF04614461C2E900339360284638BD21468E
S32D00019E10FBF79CFD284638BD02460023C2E900339360284638BD00F10802F6E7FAF7CAFF0C2300250360E8E77E
S32D00019E3838B5074D0022044608462A6001F076FA431C00D038BD2B68002BFBD0236038BD341B002070B5002933
S32D00019E604BD006460C4610B1836B002B48D0636ED80734D5B4F90C30002B3ED021463046FEF708FFE36A0546DC
S32D00019E8833B1E169304698470028B8BF4FF0FF35A3891A063BD4216B41B104F14003994202D03046FFF7AEF846
S32D00019EB000232363616C21B13046FFF7A7F800236364FFF731F8636E0022DB07A28127D5A06DFBF717F9FFF72E
S32D00019ED82DF8284670BDA3899905CBD4A06DFBF70FF9B4F90C30002BC4D1656E15F0010508D00025284670BD0C
S32D00019F00FEF78CFF636ED807B4D4E8E7A06DFBF7FDF8284670BD21693046FFF777F8BEE7A06DFBF7F3F8D3E76E
S32D00019F280EB410B583B005AB064C53F8042B01930146206800F0B4F803B0BDE8104003B0704700BF1C0D0020BB
S32D00019F5070B50C46084D03460026204611461C462E6001F0EFF9431C00D070BD2B68002BFBD0236070BD00BFCD
S32D00019F78341B002038B5074D0022044608462A6001F0ECF9431C00D038BD2B68002BFBD0236038BD341B00205C
S32D00019FA0014B93F8280170475C15002038B50C46084D8446114620461A4600232B60644601F0E0F9431C00D07E
S32D00019FC838BD2B68002BFBD0236038BD341B002082B049B15AB16BB113780B601278101E18BF012002B07047A3
S32D00019FF001A9002AF3D1104602B070476FF00100F4E700BF38B50C46084D8446114620461A4600232B6064461E
S32D0001A01801F0BCF9431C00D038BD2B68002BFBD0236038BD341B00202DE9F84F4B6E9C0490462DD593681268DC
S32D0001A04043B38B46064602F1080959E9025A5FEA9A0715D0043D002401E0A7420ED055F8041F5A46304600F0EA
S32D0001A06891FF431C04F10104F3D10023C8E90133BDE8F88FD8F808302AF0030AA3EB0A03C8F8083009F108091B
S32D0001A090002BDAD10020ECE7FAF79AFE0023C8E90133BDE8F88F00BF2DE9F04FBDB0CDE904301C46019117465F
S32D0001A0B818B1836B002B00F08682019A536EDE0740F18F81B2F90C108AB2900408D441F4005201994B6E8A81C5
S32D0001A0E023F4005392B24B66110740F1F780019B1B69002B00F0F28002F01A030A2B00F0FB8013AB1093002352
S32D0001A108CDE91133CDE90A3308930DF14C09099303933B78002B00F051813C4604E014F8013F002B00F02C8101
S32D0001A130252BF8D1E51B40F029812378002B00F041814FF0000300258DF83B30671C637802954FF0FF3B2B2481
S32D0001A1580137A3F120025A2A00F25281DFE812F098025001500194025001500150016A005001500136026B0262
S32D0001A18050014102A6025001A2025B005B005B005B005B005B005B005B005B0050015001500150015001500166
S32D0001A1A8500150015001230284005001500150015001500150015001500150015001DD005001500150010702E9
S32D0001A1D050015902500150011E0550015001500150015001500150015001500150012302860050015001500127
S32D0001A1F84F02860080005001450250018102DF006F028000500107027E003E0550015001400550017E00A3F140
S32D0001A2203002002117F8013B01EB810102EB4101A3F13002092AF5D902918EE7DDF814804046FFF70DF8436870
S32D0001A2480A931846FBF7B8FE0B9006464046FFF703F883680993002E40F07B843B7877E73B7845F0200573E78A
S32D0001A27045F01005AC06049E40F16F81073626F007063246736852F8086B04929846002BC0F22D84BBF1FF3FA4
S32D0001A29800F0108556EA080325F0800A00F008840A2E78F1000380F0BD84303601238DF8EF60554600930DF1CD
S32D0001A2C0EF04DDF800809DF83B30D845B8BFD846002B00F0A88008F10108A4E0019D05982946FDF767FC002883
S32D0001A2E840F08885AA8902F01A030A2B7FF405AF0199B1F90E30002BFFF6FFAE4B6EDE0702D4950540F1568503
S32D0001A3100199059823463A463DB0BDE8F04F00F093BD45F0100515F0200800F00781049E073626F00706334683
S32D0001A338D6F8048053F8086B049325F4806A00234FF000028DF83B20BBF1FF3F00F0C88156EA08022AF08005FC
S32D0001A36040F0C181BBF1000F40F0AB84002B40F0A8831AF00103009300F0D68330238DF8EF300DF1EF049CE767
S32D0001A388E51B1BD0119B129A01332A44072BC9E900751292119305DC09F10809039B2B440393C6E6002A00F0CB
S32D0001A3B07F830199059810AAFFF73AFE40B90DF14C09EFE7129B002B40F0098500231193019A536ED90740F171
S32D0001A3D8A68093895B0600F1198503983DB0BDE8F08F019BB3F90C108D058AB23FF56DAE1D46986DFAF784FE1C
S32D0001A400B5F90C108AB264E6002BDBD08DF88C304FF001084FF000038DF83B30CDF8008023AC4FF0000B15F0E9
S32D0001A4280203069318BF08F1020815F08403079305D1029BA3EB0806002E00F36C82DDE91121501C9DF83B60B5
S32D0001A4508EB10DF13B020131C9F8002007284FF00102CDE91101C9F8042000F33B82024609F108090130069B5D
S32D0001A478DBB10FAB0231C9F8003007284FF00203CDE91101C9F8043040F34082002900F006830199059810AA93
S32D0001A4A0FFF7C6FD002893D1DDE911210DF14C09501C079B802B00F05881009BABEB0306002E00F3B681009B4E
S32D0001A4C8C9F8004019440728CDE91101C9F8043040F34481002900F072820199059810AAFFF7A2FD00287FF4F5
S32D0001A4F06FAF12990DF14C09680705D5029BA3EB0804002C00F36982DDE902234245ACBF9B18434403930029C1
S32D0001A51840F0D581002311930DF14C09F9E5019B9B899A053FF556AF019CA06DFAF7EAFDA3894FE715F0100302
S32D0001A54040F0238315F0400200F0EB83049A52F8046B04929846B6B2F3E656F8043B0496E80600F1ED82690681
S32D0001A56840F1E78243F3C0381EB243468BE6049E56F8044B4FF000038DF83B30002C00F0B183BBF1FF3F00F097
S32D0001A5902E835A4600212046FBF772F8002800F01284031B009304964FF0000B89E6049E4FF000038DF83B30E2
S32D0001A5B84FF0010856F8043B8DF88C300496CDF8008023AC29E7FEF725FC76E5049B53F8042B0292002A80F2E6
S32D0001A5E09F82029A0493524202923B7845F00405B2E53B786C2B03BF7B7845F02005013745F01005A8E53B782D
S32D0001A608682B03BF7B7845F40075013745F040059EE545F0100A1AF0200800F05582049E073626F00706334635
S32D0001A630D6F8048053F8086B0493012384E63B788DF83B4088E5049B53F8046B049330238DF83C3078238DF852
S32D0001A6583D30B94B089345F0020A4FF0000802236EE6AE0600F18382EC0600F13383680600F19283A90540F130
S32D0001A6802D83049E039A56F8043B04961A7044E53B7845F001055FE59DF83B30002B7FF4E1AD20238DF83B3051
S32D0001A6A83B7855E53B7845F0800551E5394611F8013B2A2B00F0B383A3F13002092A0F464FF0000B3FF645ADF5
S32D0001A6D017F8013B0BEB8B0B02EB4B0BA3F13002092AF5D939E5AA46012B3FF4DDAD022B3CAC12D1089A06F0F3
S32D0001A6F80F033609D35C04F8013D46EA08764FEA181856EA0803F2D13CAB1B1B55460093D3E506F00703F60853
S32D0001A72046EA48764FEAD808303356EA0801224604F8013DF1D11AF0010FE9D0302BE7D03023023A04F8013C46
S32D0001A7483CAB9B1A554600931446B6E50099139401231491129111930DF14C0909F10809C6E6029BA3EB080690
S32D0001A770002E7FF7A2AE102E40F35183DFF8C4A15346CDE906B4BA46DDF814B0019C2F461D4607E002F1020C46
S32D0001A79809F108090246103E102E1EDD501C103110230728CDE91101C9F80050C9F80430ECDD10AA002900F03F
S32D0001A7C08B80214658460DF14C09FFF731FC00287FF4FEADDDE91121103E102E02F1010CE0DCDDE906B42B466D
S32D0001A7E83D4657469A463144BCF1070FCDE911C1C9F800A0C9F8046040F39581002900F0BB820199059810AA6C
S32D0001A810FFF70EFC00287FF4DBAD009BDDE91121ABEB0306002E02F101000DF14C097FF74AAE102EDFF80CA11F
S32D0001A83831DD5346CDE90645BA46059C019D4FF0100B1F4607E002F1020C09F108090246103E102E19DD501C22
S32D0001A86010310728C9E9007BCDE91101EFDD10AA19B3294620460DF14C09FFF7D9FB00287FF4A6ADDDE911213A
S32D0001A888103E102E02F1010CE5DCDDE906453B46604657469A4631440728CDE91101C9F800A0C9F8046000F3BA
S32D0001A8B0E68009F10809013005E64FF0010C0A460DF14C09C8E70199059810AAFFF7B0FB00283FF423AE7BE530
S32D0001A8D84FF0010C0A460DF14C095CE7002900F0DB800199059810AAFFF79EFB00287FF46BADDDE911210DF182
S32D0001A9004C09501CB7E502210FAB1491139301200DF14C09024609F10809501CC9E5102E40F35782DDE911C1E0
S32D0001A928DFF81CA0CDE90CB410235446DDF804B0DDF814A062460DE0F0BA010080BE010070BE010002F1020C69
S32D0001A95009F108090246103E102E1BDD501C10310728C9E90043CDE91101EFDD10AA21B3594650460DF14C0986
S32D0001A978FFF75AFB00287FF427ADDDE91121103E102E02F1010C4FF01003E3DCA246DDF830B00D9C62463144FE
S32D0001A9A0072ACDE91121C9F800A0C9F8046000F3A78009F10809501C48E50A464FF0010C0DF14C09C7E76C071B
S32D0001A9C8119150D5029BA3EB0804002C4BDD0DF14C09102C40F30982DFF8ECA2119A059EDDF804B053461025B7
S32D0001A9F0BA461F4606E0901C09F108091A46103C102C19DD531C1031072BC9E90075CDE91131F0DD10AA29B3F4
S32D0001AA1859463046FFF708FB00287FF4D5ACDDE91121103C102C02F101000DF14C09E5DC3B4657469A462144FA
S32D0001AA400728C9E900A4CDE911017FF75DAD71B10199059810AAFFF7EBFA00287FF4B8AC129951E501200A46DB
S32D0001AA680DF14C09C7E7DDE902234245ACBF9B18434403934EE500293FF468AE0199059810AAFFF7D1FA002892
S32D0001AA907FF49EAC1198129901300DF14C0912E5069B002B77D101200A460DF14C0900E511920DF14C0975E4FF
S32D0001AAB8BBF1000F7FF4F9AB55464FF0000BCDF800B03CACFFF7F9BB1AF010033AD11AF0400200F01381049A1B
S32D0001AAE052F8046B04929846B6B201232CE42D2376428DF83B3068EB4808AA46012327E400297DD00199059817
S32D0001AB0810AAFFF791FA00287FF45EACDDE911210DF14C09501C95E404933B78FFF718BB3CACFFF7CABB09F19E
S32D0001AB3008090CF101006246BFE4AA0500F138814FEAE3781E464346FFF7A1BB049B53F8046B04930123FFF766
S32D0001AB58F7BB099B002B3FF481AB099B1B78002B3FF47CAB3B7845F48065FFF7F1BADDE9031656F8042B0496CA
S32D0001AB80CB17C2E90013FFF7C8BA049B53F8046B0493FFF7D6BB02210FAB149113930DF14C09B8E64B4A0892CF
S32D0001ABA815F0200836D0049E073626F007063246D6F8048052F8086B0492EA0709D556EA080206D08DF83D304B
S32D0001ABD0302345F002058DF83C3025F4806A0223FFF7B2BBAA461AE53B4A0892DCE720460496FBF7E5F94FF06B
S32D0001ABF8000B0090FFF761BB9DF83B20002A00F0C18001200DF13B02149013920DF14C09014628E415F01002D4
S32D0001AC2042D0049A52F8046B0492CAE70AF48063CDF800B0CDF81890BB46DDF8249000253CAC1F4609E0304637
S32D0001AC48414600F0F1F90A2E78F100031BD306468846304641460A22002300F0E5F91146303104F8011C0A22B9
S32D0001AC700023013C0135002FE5D099F80010A942E1D1FF2DDFD00A2E78F1000364D23CAB1B1BCDF824905F460D
S32D0001AC98DDF81890DDF800B000935546FFF70DBB15F0400147D0049951F8046B04919046B6B282E7AA46FFF7CB
S32D0001ACC0F3BA012BAA467FF412ADFFF7F2BA00BF70BE010004BB0100F0BA0100049E039A56F8043B1A6004968F
S32D0001ACE8FFF717BABBF1060FD84628BF4FF00608504CCDF800800496FFF78FBB049B1AF4007814BF53F8046BF6
S32D0001AD1053F8046B04931CBF9046F6B20123FFF713BB049B15F4007814BF53F8046B53F8046B04931CBF9046D3
S32D0001AD38F6B2FFF702BB049A15F4007814BF52F8046B52F8046B04921CBF8846F6B234E70B9B0A99E41A1A4684
S32D0001AD602046FEF719FF99F801300BB109F10109304641460A220023002500F059F96AE701200A460DF14C0907
S32D0001AD88FFF797BB069B002B7FF4B9AD0A4601200DF14C09FFF78DBB049E039A56F8043B04961A80FFF7B5B949
S32D0001ADB043F3C0185EB24346FFF769BA886DFAF7A5F9FFF7A5BACDF800B004968346FFF778BA119A1299DFF8AE
S32D0001ADD868A00132DFE50199059810AAFFF724F900283FF4EFAAFFF7EFBA1198DFF848A0013020E6019B5B6EB2
S32D0001AE00DB0707D4019B9B899F0503D4019B986DFAF77CF94FF0FF330393FFF7E2BADFF824A08446E3E4049AC1
S32D0001AE287B780F4652F8041B049241EAE17BFFF78FB900BF18BB010070BE010080BE0100F0B51F468B89ADF231
S32D0001AE506C4D23F00203ADF80C304B6E1993CB89ADF80E30CB6907934B6A09931AAB009304934FF480631546F6
S32D0001AE7806460293059316A800230C460693FAF73BF92A463B4669463046FFF709F9051E07DB69463046FDF715
S32D0001AEA089FF002818BF4FF0FF35BDF80C305B0603D5A38943F04003A3811698FAF722F928460DF26C4DF0BD0C
S32D0001AEC849B1FF2A02D80A70012070478A2303604FF0FF3070470846704700BF2DE9F04383B007468846144622
S32D0001AEF0FFF756F8012803D108F1FF33FE2B37D9424604F15C0301A9384600F073F8421C064633D038B39DF802
S32D0001AF1804C00DF10509002509E023685A1C226083F800C00135B54219D219F801CBA368013B002BA360F0DA3A
S32D0001AF40D4F818E0734561462246384602DBBCF10A0FE6D1FCF7C0FD431CE7D10646304603B0BDE8F08346469F
S32D0001AF68304603B0BDE8F0835FFA88FC8DF804C00646CEE7A389304643F04003A38103B0BDE8F08330B5536EA5
S32D0001AF9013F0010FB2F90C30144683B005469AB201D198051CD5900406D4626E43F4005342F40052A3816266D8
S32D0001AFB822462846FFF792FF636EDA07054602D4A3899B0502D5284603B030BDA06DFAF799F8284603B030BDEC
S32D0001AFE0A06D0191FAF790F8B4F90C3001999AB2D9E700BF70B5054684B01C4639B10B4ED6F8E060B047431C2F
S32D0001B00809D004B070BD0A460649D1F8E06001A9B047431CF5D100228A2322602B6004B070BD00BF5C150020E4
S32D0001B03053B94AB9002908BF00281CBF4FF0FF314FF0FF3000F074B9ADF1080C6DE904CE00F006F8DDF804E074
S32D0001B058DDE9022304B070472DE9F047089E0D4604468846002B4DD18A42944668D9B2FA82F252B101FA02F3D2
S32D0001B080C2F1200120FA01F10CFA02FC41EA030894404FEA1C45210CB8FBF5FE1FFA8CF705FB1E8341EA034398
S32D0001B0A80EFB07F199420BD91CEB03030EF1FF3080F01E81994240F21B81AEF1020E63445B1AA4B2B3FBF5F012
S32D0001B0D005FB103344EA034400FB07F7A7420AD91CEB040400F1FF3380F00881A74240F2058164440238E41B27
S32D0001B0F840EA0E4000211EB1D4400023C6E90043BDE8F0878B4208D9002E00F0EE800021C6E900050846BDE87A
S32D0001B120F087B3FA83F100294AD1AB4202D3824200F2F980841A65EB030301209846002EE2D0C6E90048DFE7A3
S32D0001B14802B9FFDEB2FA82F2002A40F09180A1EB0C054FEA1C471FFA8CFE0121B5FBF7F307FB1350250C45EA58
S32D0001B17000450EFB03F0A84208D91CEB050503F1FF3802D2A84200F2CB8043462D1AA4B2B5FBF7F007FB105549
S32D0001B19844EA05440EFB00FEA64508D91CEB040400F1FF3502D2A64500F2BB802846A4EB0E0440EA03409EE71D
S32D0001B1C0C1F120078B4022FA07FC4CEA030C20FA07F405FA01F31C43FD404FEA1C4900FA01F3B5FBF9F8200C5B
S32D0001B1E81FFA8CFE09FB185540EA054508FB0EF0A84202FA01F20BD91CEB050508F1FF3A80F08880A84240F21B
S32D0001B2108580A8F1020865442D1AA4B2B5FBF9F009FB105544EA054500FB0EFEAE4508D91CEB050500F1FF3497
S32D0001B2386CD2AE456AD90238654440EA0840A0FB0294A5EB0E05A542C846A64656D353D05EB1B3EB080265EB16
S32D0001B2600E0505FA07F722FA01F3CD401F43C6E900750021BDE8F087C2F1200320FA03F10CFA02FC25FA03F3D2
S32D0001B28895400D434FEA1C471FFA8CFEB3FBF7F107FB11302B0C43EA004301FB0EF0984204FA02F408D91CEB03
S32D0001B2B0030301F1FF382FD298422DD9023963441B1AADB2B3FBF7F007FB103345EA034500FB0EF3AB4208D9CE
S32D0001B2D81CEB050500F1FF3816D2AB4214D902386544ED1A40EA014138E73146304607E78646E5E61846FAE627
S32D0001B3004B45A9D2B9EB020864EB0C0E0138A3E74046EAE7204694E74146D1E7D0467BE7023B654432E70846FD
S32D0001B32809E76444023842E7704700BF024B58221A604FF0FF307047341B0020024B58221A604FF0FF3070474A
S32D0001B350341B0020024B58221A604FF0FF307047341B0020024B58221A600020704700BF341B0020024B58227D
S32D0001B3781A604FF0FF307047341B0020024B58221A604FF0FF307047341B0020024B58221A604FF0FF3070475D
S32D0001B3A0341B0020044A05491368002B08BF0B461844106018467047381B00203C1B0020024B58221A604FF06A
S32D0001B3C8FF307047341B0020FEE700BF3131333044364B4B52000000333353400000C03F9A99993F0000803F74
S32D0001B3F00000803FCDCC4C3F343034006F6E206C656674006F6E207269676874000000006F6666206C656674EA
S32D0001B418000000006F66662072696768740000006D6964646C6500000000000040787D0100D8B8050000000052
S32D0001B440000000010000090200001A03000000040000020500001A0600001B0700001A08000009090000090A20
S32D0001B46800001A0B0000DB0C00001A0D000000000000000F00001A1000001A1100001A120000000000001A14C4
S32D0001B4900000000000001A1600001A1700001A1800001A1900001A1A00001A1B00001B1C00001B1D00001A1EB7
S32D0001B4B80000000000001A2000001A2100001A2200001A2300001A2400001A2500001B260000022700001A284E
S32D0001B4E00000022900001B2A0000000000000000000000000000000000000000000000000000000000000000CD
S32D0001B50800001A3300001A3400001A350000000000001A3700001B3800000000000000000000000000001B3C2F
S32D0001B53000001B3D00000000000000000101010101010101020202020202000000000000000000000004040474
S32D0001B55804040303010101010101010100000101010101000001010000010100000000000100000000000000A4
S32D0001B5800B0000000A00000007000000060000000500000004000000010000000000000000000000010000006F
S32D0001B5A808000000090000000A0000000B00000011000000100000000F0000000E0000000D0000000C000000F7
S32D0001B5D00B0000000A00000009000000080000000700000019000000180000001A0000001B0000001C0000009D
S32D0001B5F801000000060000000F0000000E0000000D0000000C0000000B0000000A0000000900000008000000C1
S32D0001B6200E0000000F0000000400000005000000060000000700000011000000010000001400000001000000A1
S32D0001B64814000000000000001300000000000000130000000B0000000A00000012000000110000001000000051
S32D0001B67010000000040000000500000007000000060000000B0000000A0000000700000006000000050000005E
S32D0001B698040000000100000000000000000000000100000008000000090000000A0000000B0000001100000046
S32D0001B6C0100000000F0000000E0000000D0000000C0000000B0000000A000000090000000800000007000000E8
S32D0001B6E819000000180000001A0000001B0000001C0000007630322E30392E3030000000256400002D25642E47
S32D0001B710253033640000000025642E2530336400747275650000000066616C7365000000456E74657220636DC2
S32D0001B73864206D6F64652E2E2E0000002000000057616974696E6720666F7220726573706F6E73652E2E2E00BC
S32D0001B760456E74657220636D64206D6F6465204641494C45440000007769746820446174613A20005472796986
S32D0001B7886E6720616761696E2E2E2E00446174613A20000053657420776972656C6573732069642E2E2E00000E
S32D0001B7B04572726F7220776974682052435320636F6E66696775726174696F6E00000000536574206E657477DA
S32D0001B7D86F726B2069642E2E2E00000053657420636F7572736520696420286C6F77292E2E2E0000536574201C
S32D0001B800636F75727365206964202868696768292E2E2E00536574206368616E6E656C20323620323438304D18
S32D0001B828487A000057726974696E6720636F6E6669672E2E2E0000004578697420636F6D6D616E64206D6F6432
S32D0001B850652E2E2E000000005465616D204B65792053656E743A2000436F6E6E656374696E6720746F20526514
S32D0001B87867696F6E2000000052435320756E61626C6520746F20636F6E6E65637420746F20726567696F6E2081
S32D0001B8A0000000004D616B652073757265206E6F206F746865722050726F7465692061726520636F6E6E65635C
S32D0001B8C874656420746F2074686520726567696F6E000000526573746172742074686520726567696F6E2061A1
S32D0001B8F06E6420726574727920636F6E6E656374696E67207769746820796F75722050726F74657573210000BB
S32D0001B91852435320456E61626C6564205375636365737366756C6C792C2050726F6772616D2072756E6E696E4A
S32D0001B9406720696E2033207365636F6E6473000043686F6963653A204100000043686F6963653A20420000004B
S32D0001B96843686F6963653A204300000043686F6963653A204400000043686F6963653A204500000043686F6972
S32D0001B99063653A204600000043686F6963653A204700000043686F6963653A204800000053656C656374205275
S32D0001B9B8435320526567696F6E00000041000000000000000000000000000000000000004200000000000000C3
S32D0001B9E000000000000000000000000043000000000000000000000000000000000000004400000000000000B1
S32D0001BA080000000000000000000000004500000000000000000000000000000000000000460000000000000084
S32D0001BA300000000000000000000000004700000000000000000000000000000000000000480000000000000058
S32D0001BA5800000000000000000000000049000000000000000000000000000000000000004A000000000000002C
S32D0001BA800000000000000000000000004B000000000000000000000000000000000000004C0000000000000000
S32D0001BAA80000000000000000000000004F6B00000000000000000000000000000000000043616E63656C00006F
S32D0001BAD0000000000000000000000000200D0020494E4600696E66004E414E006E616E0030313233343536372A
S32D0001BAF83839616263646566000000003031323334353637383941424344454600000000286E756C6C290000AB
S32D0001BB203000000020202020202020202020202020202020303030303030303030303030303030304E614E00C9
S32D0001BB48496E66696E6974790000000042616C6C6F6320737563636565646564000000002F746D702F6A656E86
S32D0001BB706B696E732D4743432D31302D706970656C696E652D3333385F32303231313031385F3136333435319A
S32D0001BB98363139352F7372632F6E65776C69622F6E65776C69622F6C6962632F7374646C69622F64746F612E53
S32D0001BBC0630000002F746D702F6A656E6B696E732D4743432D31302D706970656C696E652D3333385F32303289
S32D0001BBE831313031385F313633343531363139352F7372632F6E65776C69622F6E65776C69622F6C6962632FFC
S32D0001BC107374646C69622F6D707265632E6300000080E03779C34143176E05B5B5B89346F5F93FE9034F384DE3
S32D0001BC38321D30F94877825A3CBF737FDD4F1575000000000000F03F00000000000024400000000000005940FB
S32D0001BC600000000000408F40000000000088C34000000000006AF8400000000080842E4100000000D012634180
S32D0001BC880000000084D797410000000065CDCD41000000205FA00242000000E876483742000000A2941A6D4299
S32D0001BCB0000040E59C30A2420000901EC4BCD64200003426F56B0C430080E03779C3414300A0D88557347643A9
S32D0001BCD800C84E676DC1AB43003D9160E458E143408CB5781DAF154450EFE2D6E41A4B4492D54D06CFF0804437
S32D0001BD00F64AE1C7022DB544B49DD9794378EA4405000000190000007D0000002C2066756E6374696F6E3A20D1
S32D0001BD2800000000617373657274696F6E2022257322206661696C65643A2066696C6520222573222C206C697C
S32D0001BD506E65202564257325730A00000020202020202020202028282828282020202020202020202020202086
S32D0001BD78202020202088101010101010101010101010101010040404040404040404041010101010101041416A
S32D0001BDA04141414101010101010101010101010101010101010101011010101010104242424242420202020268
S32D0001BDC802020202020202020202020202020202101010102000000000000000000000000000000000000000CC
S32D0001BDF00000000000000000000000000000000000000000000000000000000000000000000000000000000024
S32D0001BE1800000000000000000000000000000000000000000000000000000000000000000000000000000000FB
S32D0001BE40000000000000000000000000000000000000000000000000000000000000000043000000504F534955
S32D0001BE68580000002E000000202020202020202020202020202020203030303030303030303030303030303025
S32D0001BE90F8B500BFF8BC08BC9E467047897C010065C400004DD70000C1FA000015090100E9290100952A010004
S3210001BEB8512B0100393C0100053D0100513D0100F8B500BFF8BC08BC9E46704723
S30D0001BED47C7EFF7F01000000E6
S32D0001BEDC01FFFFFF170034022D0036022B00380229003A022700060230000602250006023200060223000602C4
S32D0001BF04340006022100060204002E01040006021F00060204003001040006021D00060204003201040006029A
S32D0001BF2C1B00060204003401040006021900060204003601040006021700060204003801040006021500060291
S32D0001BF5404003A01040006021300060204003C01040006021100060204003E01040006020F0006020400400147
S32D0001BF7C040006020D00060204004201040006020B000602040044010400060209000602040046010400060252
S32D0001BFA40700060204004801040006020500060204004A01040006020300060204004C0104000602010006022D
S32D0001BFCC04004E0104000B0204005001040009020400520104000802030054010300080203005401030008024F
S32D0001BFF403001D011A001D010300080203001C011C001C010300080203001B011E001B010300080203001A01CE
S32D0001C01C0400180204001A01030008020300190104001A0204001901030008020300180104001C0204001801E8
S32D0001C044030008020300170104001E0204001701030008020300160104000602150005020400160103000802EE
S32D0001C06C03001501040006021700050204001501030008020300150103000602190005020300150103000802D1
S32D0001C09403001501030005021B000402030015010300080203001501030004021C0004020300150103000802A9
S32D0001C0BC03001501030004021C000402030015010300080203001501030004021C000402030015010300080281
S32D0001C0E403001501030004021C000402030015010300080203001501030004021C000402030015010300080259
S32D0001C10C03001501030004021C000402030015010300080203001501030004021C000402030015010300080230
S32D0001C13403001501030004021C000402030015010300080203001501030004021C000402030015010300080208
S32D0001C15C03001501030004021C000402030015010300080203001501030004021C0004020300150103000802E0
S32D0001C18403001501030004021C000402030015010300080203001501030004021C0004020300150103000802B8
S32D0001C1AC03001501030004021C000402030015010300080203001501030004021C000402030015010300080290
S32D0001C1D403001501030004021C000402030015010300080203001501030004021C000402030015010300080268
S32D0001C1FC03001501030004021C000402030015010300080203001501030004021C000402030015010300080240
S32D0001C22403001501030004021C000402030015010300080203001501030004021C000402030015010300080217
S32D0001C24C03001501030004021C000402030015010300080203001501030004021C0004020300150103000802EF
S32D0001C27403001501030004021C000402030015010300080203001501030004021C0004020300150103000802C7
S32D0001C29C03001501030004021C000402030015010300080203001501030004021C00040203001501030008029F
S32D0001C2C403001501030004021C000402030015010300080203001501030004021C000402030015010300080277
S32D0001C2EC03001501030004021C000402030015010300080203001501030004021C00040203001501030008024F
S32D0001C31403001501030004021C000402030015010300080203001501030004021C000402030015010300080226
S32D0001C33C03001501030004021C000402030015010300080203001501030004021C0004020300150103000802FE
S32D0001C36403001501030004021C000402030015010300080203001501030004021C0004020300150103000802D6
S32D0001C38C03001501030004021C000402030015010300080203001501030004021C0004020300150103000802AE
S32D0001C3B403001501030004021C000402030015010300080203001501030004021C000402030015010300080286
S32D0001C3DC03001501030004021C000402030015010300080203001501030004021C00040203001501030008025E
S32D0001C40403001501030004021C000402030015010300080203001501030004021C000402030015010300080235
S32D0001C42C03001501030004021C000402030015010300080203001501030004021C00040203001501030008020D
S32D0001C45403001501030004021C000402030015010300080203001501030005021B0004020300150103000802E5
S32D0001C47C03001501030006021900050203001501030008020300150104000602170005020400150103000802BD
S32D0001C4A403001601040006021500050204001601030008020300170104001E020400170103000802030018017B
S32D0001C4CC04001C0204001801030008020300190104001A02040019010300080203001A010400180204001A0132
S32D0001C4F40300080203001B011E001B010300080203001C011C001C010300080203001D011A001D0103000802DA
S32D0001C51C0300540103000802030054010300080204005201040009020400500104000B0204004E0104000602FB
S32D0001C5440100060204004C01040006020300060204004A01040006020500060204004801040006020700060287
S32D0001C56C04004601040006020900060204004401040006020B00060204004201040006020D0006020400400123
S32D0001C594040006020F00060204003E01040006021100060204003C01040006021300060204003A01040006023A
S32D0001C5BC1500060204003801040006021700060204003601040006021900060204003401040006021B000602FB
S32D0001C5E404003201040006021D00060204003001040006021F00060204002E01040006022100060234000602B4
S32D0001C60C2300060232000602250006023000060227003A02290038022B0036022D0034021700FFFF430002014E
S32D0001C634930003019200040191000501900006012B000102630006012A000302620006012900050261000601B3
S32D0001C65C2800070226000501230006010C000601130006010800010205000902050001021600020105000A01AF
S32D0001C684090002010500080106000B010700100109000A0106000202050007020500020207000B0104000301F3
S32D0001C6AC02000D010800030102000A0104000E010600100107000E0104000302050005020500030205000E01C3
S32D0001C6D40300130107000F0103001001050010010600100103000402040005020400040204001001020014017E
S32D0001C6FC06000F01020012010400100105001201020005020300050203000502030012010100150105000F0158
S32D0001C72402001301030010010500120102000602020005020200060203001201010009010500070105000F0144
S32D0001C74C010008010500070103001001040008010300070103000602020005020200060202001301010007013E
S32D0001C77408000701040007010900060108000701040006010C0006010500060104000502030005020300050211
S32D0001C79C020006010E0007010900060104000601090006010A000601040006010B0006010500060105000502DE
S32D0001C7C40300050203000502020006010E0006010B00050104000601090006010A000601040006010B000601BA
S32D0001C7EC0400070105000502030005020300050202000E01060006010B00060103000601090006010B00050197
S32D0001C814040006010B0006010300070106000502030005020300050203001001030006010B0006010300060172
S32D0001C83C090006010B000501040006010B00060103000601070005020300050203000502030011010200060145
S32D0001C8640B00060103000601090006010B000501040006010B000601020006010800050203000502030005021F
S32D0001C88C04001101010006010B00060103000601090006010B000501040006010B0006010100060109000502ED
S32D0001C8B40300050203000502050017010A00060104000601090006010A000601040006010B000C010A000502B3
S32D0001C8DC03000502030005020700160109000601040006010900070109000601050006010B000B010400010196
S32D0001C90405000502030005020300050210000E0107000701040006010A00070107000601060007010A000A0168
S32D0001C92C0400030104000602020005020200060211000F0103000801050006010A0008010400080106000D0148
S32D0001C954040009010300060104000602010005020100060204002801050006010B00120108000C0105001201FB
S32D0001C97C0300130204002701060006010C00110109000B0106001101040011020500120101001301070006019E
S32D0001C9A40D000F010B000A0107000F0106000F020600120101001201080006010E000C010E00090108000C017F
S32D0001C9CC09000D020700110102000601020008010A00060110000901110007010A0009010B000B0208000F016F
S32D0001C9F4040006018F0006018F0006018F0006018F0006018F0006018F0006018F0006018F00FFFF0000000062
S32D0001CA1C0000005F00000007000700147F147F14242A7F2A12231308646236495522500005030000001C22416A
S32D0001CA44000041221C00082A1C2A0808083E080800503000000808080808006060000020100804023E514945A3
S32D0001CA6C3E00427F400042615149462141454B311814127F1027454545393C4A494930017109050336494949DE
S32D0001CA9436064949291E003636000000563600000008142241141414141441221408000201510906324979416C
S32D0001CABC3E7E1111117E7F494949363E414141227F4141221C7F494949417F090901013E414151327F080808E4
S32D0001CAE47F00417F41002040413F017F081422417F404040407F0204027F7F0408107F3E4141413E7F0909094C
S32D0001CB0C063E4151215E7F09192946464949493101017F01013F4040403F1F2040201F7F2018207F63140814DB
S32D0001CB34630304780403615149454300007F4141020408102041417F00000402010204404040404000010204D2
S32D0001CB5C0020545454787F484444383844444420384444487F3854545418087E090102081454543C7F08040477
S32D0001CB847800447D40002040443D00007F10284400417F40007C041804787C0804047838444444387C14141421
S32D0001CBAC08081414187C7C080404084854545420043F4440203C4040207C1C2040201C3C4030403C44281028D3
S32D0001CBD4440C5050503C4464544C44000836410000007F0000004136080008082A1C08081C2A0808200D0020A4
S32D0001CBFC000000000C10002074100020DC1000200000000000000000000000000000000000000000000000001E
S32D0001CC2400000000000000000000000000000000000000000000000000000000000000000000000000000000E1
S32D0001CC4C00000000000000000000000000000000000000000000000000000000000000000000000000000000B9
S32D0001CC740000000000000000000000000000000000000000000000000000000000000000000000000000000091
S32D0001CC9C000000000000000001000000000000000E33CDAB34126DE6ECDE05000B00000000000000000000003C
S32D0001CCC40000000000000000000000000000000000000000000000000000000000000000000000000000000041
S32D0001CCEC0000000000000000000000000000000000000000000000000000000000000000000000000000000019
S32D0001CD1400000000000000000000000000000000000000000000000000000000000000000000000000000000F0
S32D0001CD3C00000000000000000000000000000000000000000000000000000000000000000000000000000000C8
S32D0001CD6400000000000000000000000000000000000000000000000000000000000000000000000000000000A0
S32D0001CD8C0000000000000000000000000000000000000000000000000000000000000000000000000000000078
S32D0001CDB40000000000000000000000000000000000000000000000000000000000000000000000000000000050
S32D0001CDDC0000000000000000000000000000000000000000000000000000000000000000000000000000000028
S32D0001CE0400000000000000000000000000000000000000000000000000000000000000000000000000000000FF
S32D0001CE2C00000000000000000000000000000000000000000000000000000000000000000000000000000000D7
S32D0001CE5400000000000000000000000000000000000000000000000000000000000000000000000000000000AF
S32D0001CE7C0000000000000000000000000000000000000000000000000000000000000000000000000000000087
S32D0001CEA4000000000000000000000000000000000000000000000000000000000000000000000000000000005F
S32D0001CECC0000000000000000000000000000000000000000000000000000000000000000000000000000000037
S32D0001CEF4000000000000000000000000000000000000000000000000000000000000000000000000000000000F
S32D0001CF1C00000000000000000000000000000000000000000000000000000000000000000000000000000000E6
S32D0001CF4400000000000000000000000000000000000000000000000000000000000000000000000000000000BE
S32D0001CF6C0000000000000000000000000000000000000000000000000000000000000000000000000000000096
S32D0001CF94000000000000000000000000000000000000000000000000000000000000000000000000000000006E
S32D0001CFBC0000000000000000000000000000000000000000000000000000000000000000000000000000000046
S32D0001CFE4000000000000000000000000000000000000000000000000000000000000000000000000000000001E
S32D0001D00C0000000000000000000000000000000000000000000000000000000000000000481100204811002003
S32D0001D0345011002050110020581100205811002060110020601100206811002068110020701100207011002023
S32D0001D05C781100207811002080110020801100208811002088110020901100209011002098110020981100206B
S32D0001D084A0110020A0110020A8110020A8110020B0110020B0110020B8110020B8110020C0110020C0110020B3
S32D0001D0ACC8110020C8110020D0110020D0110020D8110020D8110020E0110020E0110020E8110020E8110020FB
S32D0001D0D4F0110020F0110020F8110020F81100200012002000120020081200200812002010120020101200203D
S32D0001D0FC1812002018120020201200202012002028120020281200203012002030120020381200203812002081
S32D0001D12440120020401200204812002048120020501200205012002058120020581200206012002060120020C8
S32D0001D14C6812002068120020701200207012002078120020781200208012002080120020881200208812002010
S32D0001D17490120020901200209812002098120020A0120020A0120020A8120020A8120020B0120020B012002058
S32D0001D19CB8120020B8120020C0120020C0120020C8120020C8120020D0120020D0120020D8120020D8120020A0
S32D0001D1C4E0120020E0120020E8120020E8120020F0120020F0120020F8120020F81200200013002000130020E6
S32D0001D1EC0813002008130020101300201013002018130020181300202013002020130020281300202813002026
S32D0001D214301300203013002038130020381300204013002040130020481300204813002050130020501300206D
S32D0001D23C58130020581300206013002060130020681300206813002070130020701300207813002078130020B5
S32D0001D2648013002080130020881300208813002090130020901300209813002098130020A0130020A0130020FD
S32D0001D28CA8130020A8130020B0130020B0130020B8130020B8130020C0130020C0130020C8130020C813002045
S32D0001D2B4D0130020D0130020D8130020D8130020E0130020E0130020E8130020E8130020F0130020F01300208D
S32D0001D2DCF8130020F81300200014002000140020081400200814002010140020101400201814002018140020CD
S32D0001D3042014002020140020281400202814002030140020301400203814002038140020401400204014002012
S32D0001D32C481400204814002050140020501400205814002058140020601400206014002068140020681400205A
S32D0001D35470140020701400207814002078140020801400208014002088140020881400209014002090140020A2
S32D0001D37C9814002098140020A0140020A0140020A8140020A8140020B0140020B0140020B8140020B8140020EA
S32D0001D3A4C0140020C0140020C8140020C8140020D0140020D0140020D8140020D8140020E0140020E014002032
S32D0001D3CCE8140020E8140020F0140020F0140020F8140020F81400200015002000150020081500200815002076
S32D0001D3F410150020101500201815002018150020201500202015002028150020281500203015002030150020B8
S32D0001D41C38150020381500204015002040150020FFFFFFFF00000200F01A0020430000000000000000000000B2
S32D0001D4440000000000000000000000000000000000000000430000000000000000000000000000000000000076
S32D0001D46C000000000000000000000000430000000000000000000000000000000000000000000000000000004E
S32D0001D49400000000430000000000000000000000000000000000000000000000000000000000000043000000E3
S32D0001D4BC00000000000000000000000000000000000000000000000000000000430000000000000000000000FE
S32D0001D4E400000000000000000000000000000000000000004300000000000000000000000000000000000000D6
S32D0001D50C000000000000000000000000C9AE0100D99F0100000000005CBD01006CBE010028BD010028BD0100EE
S32D0001D53428BD010028BD010028BD010028BD010028BD010028BD010028BD0100FFFFFFFFFFFFFFFFFFFFFFFF8A
S32D0001D55CFFFF0000010041534349490000000000000000000000000000000000000000000000000000004153A4
S3250001D5844349490000000000000000000000000000000000000000000000000000000000AB
S7050000C25DDB
